Hermitian
0  0  0
$ZeroBody:	0
$OneBody:	
0	0	-24.187770754611197
0	10	3.2820227504562503e-06
1	1	-25.05269597542198
1	11	3.3225046054019629e-06
2	2	1.8755616171422378
2	16	-0.00038646464599777393
3	3	0.81988886104252701
3	17	-0.00037858068611459976
4	4	4.4018061697497677
4	18	-0.016763155449279983
5	5	3.4557218701165326
5	19	-0.019265629283780075
6	6	14.002598472637233
7	7	12.974147663797057
8	8	18.437886824760024
9	9	17.4300221778585
10	10	10.629873364616138
11	11	9.6077321676801066
12	12	23.449948291949767
13	13	22.542592375295555
14	14	26.085173573043107
15	15	25.189301888765964
16	16	19.483738202975651
17	17	18.416811846599909
18	18	27.533043072266487
19	19	26.392589654400879
$TwoBody:	
   0    0      0    0   -7.7502735040178017
   0    0      0    1   -2.7914104391441108
   0    0      0    2   6.920981287808431e-06
   0    0      0    3   2.6428756368010359e-06
   0    0      0    4   4.4235595317920327e-06
   0    0      0    5   2.7473417358121278e-06
   0    0      0    7   6.2665404219856264e-07
   0    0      0    8   4.9654002012032107e-07
   0    0      0   10   1.270670940045634e-07
   0    0      0   11   1.90704970089133e-07
   0    0      0   12   4.0378088162601616e-07
   0    0      1    0   -2.7914104391441108
   0    0      1    1   -4.3362567518792376
   0    0      1    2   -3.9547723417146941
   0    0      1    3   -1.929905332647851
   0    0      1    4   -0.33454403933296756
   0    0      1    5   -0.66759144707449225
   0    0      1    6   2.4025885979409298
   0    0      1    7   1.0995364166572446
   0    0      1    8   0.07577419054699007
   0    0      1    9   -0.34678364400416606
   0    0      1   10   -0.38887460839072258
   0    0      1   11   -0.030278080942355647
   0    0      1   12   0.52322758187087359
   0    0      2    0   6.920981287808431e-06
   0    0      2    1   -3.9547723417146949
   0    0      2    2   -4.2650700288633283
   0    0      2    3   0.0095765939578379491
   0    0      2    4   -2.2064650024930041
   0    0      2    5   0.0086955447632475064
   0    0      2    6   0.0044955649349727031
   0    0      2    7   0.0063922803938304311
   0    0      2    8   0.008034192629632831
   0    0      2    9   -0.00057072303162584385
   0    0      2   10   0.00025470590864401776
   0    0      2   11   0.0022397343936840217
   0    0      2   12   0.0011943216181522491
   0    0      3    0   2.6428756366345025e-06
   0    0      3    1   -1.929905332647851
   0    0      3    2   0.0095765939578380602
   0    0      3    3   -1.2579675204973573
   0    0      3    4   -0.025971857770285829
   0    0      3    5   -4.6551047974227275
   0    0      3    6   -6.3462271633090657
   0    0      3    7   -0.90374157079361483
   0    0      3    8   -6.4854687874266306
   0    0      3    9   1.195133603241382
   0    0      3   10   0.82983443502838827
   0    0      3   11   0.56992679168271987
   0    0      3   12   -0.69923939410746128
   0    0      4    0   4.4235595316810104e-06
   0    0      4    1   -0.33454403933296778
   0    0      4    2   -2.2064650024930041
   0    0      4    3   -0.025971857770285718
   0    0      4    4   -1.3659705215043307
   0    0      4    5   -0.021251435859759492
   0    0      4    6   -0.014521300894049162
   0    0      4    7   -0.031053756595022991
   0    0      4    8   -0.023288484685104392
   0    0      4    9   0.0028366584731319864
   0    0      4   10   -0.002321685650337886
   0    0      4   11   -0.006758512890877472
   0    0      4   12   -0.0032325525101023016
   0    0      5    0   2.7473417359231501e-06
   0    0      5    1   -0.66759144707449225
   0    0      5    2   0.0086955447632475064
   0    0      5    3   -4.6551047974227275
   0    0      5    4   -0.021251435859759381
   0    0      5    5   2.3937983531805269
   0    0      5    6   1.1469461675549542
   0    0      5    7   -9.2326583501181005
   0    0      5    8   -4.0093413265564273
   0    0      5    9   0.38404325291326613
   0    0      5   10   0.73010058676592293
   0    0      5   11   -0.90049849100953416
   0    0      5   12   2.0812063276607482
   0    0      6    1   2.4025885979409298
   0    0      6    2   0.0044955649349727031
   0    0      6    3   -6.3462271633090657
   0    0      6    4   -0.014521300894049162
   0    0      6    5   1.1469461675549542
   0    0      6    6   0.17190011174304554
   0    0      6    7   -4.0530610082161305
   0    0      6    8   -0.50522754338171416
   0    0      6    9   -6.4138097836940231
   0    0      6   10   2.0923397858265869
   0    0      6   11   -1.3115401098051569
   0    0      6   12   0.36865854226954181
   0    0      7    0   6.2665404219856264e-07
   0    0      7    1   1.0995364166572446
   0    0      7    2   0.0063922803938304311
   0    0      7    3   -0.90374157079361483
   0    0      7    4   -0.031053756595022991
   0    0      7    5   -9.2326583501181005
   0    0      7    6   -4.0530610082161305
   0    0      7    7   1.214147361435636
   0    0      7    8   -1.0310021042392228
   0    0      7    9   2.632294788612247
   0    0      7   10   -7.4316460891928431
   0    0      7   11   0.24066501701668069
   0    0      7   12   -1.1717342390829517
   0    0      8    0   4.9654002000929877e-07
   0    0      8    1   0.07577419054699007
   0    0      8    2   0.008034192629632609
   0    0      8    3   -6.4854687874266306
   0    0      8    4   -0.023288484685104503
   0    0      8    5   -4.0093413265564264
   0    0      8    6   -0.50522754338171416
   0    0      8    7   -1.0310021042392228
   0    0      8    8   -1.1471725267201784
   0    0      8    9   0.97423453581956587
   0    0      8   10   0.58876320483930844
   0    0      8   11   -3.6304346497697044
   0    0      8   12   -2.5066458713658148
   0    0      9    1   -0.34678364400416606
   0    0      9    2   -0.00057072303162584385
   0    0      9    3   1.195133603241382
   0    0      9    4   0.0028366584731319864
   0    0      9    5   0.38404325291326613
   0    0      9    6   -6.4138097836940231
   0    0      9    7   2.632294788612247
   0    0      9    8   0.97423453581956587
   0    0      9    9   0.13824956198163632
   0    0      9   10   -3.1357285809633222
   0    0      9   11   -0.43759218934073213
   0    0      9   12   -0.42855527517518321
   0    0     10    0   1.270670940045634e-07
   0    0     10    1   -0.38887460839072258
   0    0     10    2   0.00025470590864401776
   0    0     10    3   0.82983443502838827
   0    0     10    4   -0.002321685650337886
   0    0     10    5   0.73010058676592293
   0    0     10    6   2.0923397858265869
   0    0     10    7   -7.4316460891928431
   0    0     10    8   0.58876320483930844
   0    0     10    9   -3.1357285809633222
   0    0     10   10   1.1738427677307717
   0    0     10   11   -0.67296651452740686
   0    0     10   12   -0.1137412488317459
   0    0     11    0   1.9070497006137742e-07
   0    0     11    1   -0.030278080942355869
   0    0     11    2   0.0022397343936840773
   0    0     11    3   0.56992679168271998
   0    0     11    4   -0.006758512890877361
   0    0     11    5   -0.90049849100953416
   0    0     11    6   -1.3115401098051569
   0    0     11    7   0.24066501701668069
   0    0     11    8   -3.6304346497697044
   0    0     11    9   -0.43759218934073213
   0    0     11   10   -0.67296651452740686
   0    0     11   11   -0.69374845965451126
   0    0     11   12   -1.8559391912804841
   0    0     12    0   4.0378088162601616e-07
   0    0     12    1   0.52322758187087381
   0    0     12    2   0.0011943216181522491
   0    0     12    3   -0.69923939410746128
   0    0     12    4   -0.0032325525101021906
   0    0     12    5   2.0812063276607482
   0    0     12    6   0.36865854226954181
   0    0     12    7   -1.1717342390829517
   0    0     12    8   -2.5066458713658144
   0    0     12    9   -0.42855527517518321
   0    0     12   10   -0.1137412488317459
   0    0     12   11   -1.8559391912804841
   0    0     12   12   1.2683166442292566
   1    1      0    0   0.37555917782334636
   1    1      0    1   -0.77483320559658519
   1    1      0    2   -0.0040797076302706752
   1    1      0    3   0.017564022754810373
   1    1      0    4   -0.00077425993210200508
   1    1      0    5   0.0012401778224122373
   1    1      0    6   0.0073098580441387151
   1    1      1    0   -0.77483320559658542
   1    1      1    1   0.18354497351341342
   1    1      1    2   -2.8576390614405178
   1    1      1    3   3.1358013886253726
   1    1      1    4   0.27536872018573993
   1    1      1    5   -0.56973525382333701
   1    1      1    6   0.84006193224527614
   1    1      2    0   -0.004079707630269787
   1    1      2    1   -2.8576390614405178
   1    1      2    2   -0.60927572677180075
   1    1      2    3   -4.2086519493059988
   1    1      2    4   -6.5552996973752373
   1    1      2    5   0.7273297917168704
   1    1      2    6   -2.9443152533645627
   1    1      3    0   0.017564022754810261
   1    1      3    1   3.1358013886253722
   1    1      3    2   -4.2086519493059988
   1    1      3    3   3.1115399925059393
   1    1      3    4   0.43637760493191774
   1    1      3    5   -6.3270561121300499
   1    1      3    6   7.4610914053941322
   1    1      4    0   -0.00077425993210200508
   1    1      4    1   0.27536872018573993
   1    1      4    2   -6.5552996973752373
   1    1      4    3   0.43637760493191774
   1    1      4    4   -0.44460764227225674
   1    1      4    5   -4.0103830067712911
   1    1      4    6   -0.12176345038795769
   1    1      5    0   0.0012401778224123484
   1    1      5    1   -0.56973525382333701
   1    1      5    2   0.7273297917168704
   1    1      5    3   -6.3270561121300499
   1    1      5    4   -4.0103830067712911
   1    1      5    5   -0.23103467241050124
   1    1      5    6   -2.616593252816418
   1    1      6    0   0.0073098580441389371
   1    1      6    1   0.84006193224527614
   1    1      6    2   -2.9443152533645627
   1    1      6    3   7.461091405394134
   1    1      6    4   -0.12176345038795769
   1    1      6    5   -2.616593252816418
   1    1      6    6   1.9341498217595159
   2    2      0    0   -8.937269464329491
   2    2      0    1   -2.1789803201292366
   2    2      0    2   -2.2212857744103038
   2    2      0    3   6.3498085878645772e-06
   2    2      0    4   1.6475120800716889e-06
   2    2      0    5   1.7019600790285112e-06
   2    2      0    6   3.9568424329906844e-06
   2    2      0    7   1.7838940311617221e-06
   2    2      0    8   1.8254584357534551e-06
   2    2      0   10   5.7075646235123146e-07
   2    2      0   11   4.4461201295417409e-07
   2    2      0   13   1.1904691374642572e-07
   2    2      0   14   1.6390043084136929e-07
   2    2      0   15   3.4500726477402735e-07
   2    2      1    0   -2.1789803201292361
   2    2      1    1   -1.1346047586970542
   2    2      1    2   -4.0132671831043814
   2    2      1    3   -2.8999184383857837
   2    2      1    4   -3.0087842304274228
   2    2      1    5   1.3102022638902779
   2    2      1    6   -0.24111577536643605
   2    2      1    7   -1.5949612043739856
   2    2      1    8   1.0756621869401291
   2    2      1    9   1.772743776405981
   2    2      1   10   0.84558264029009755
   2    2      1   11   -0.012740509757986698
   2    2      1   12   -0.28502281383345351
   2    2      1   13   -0.30772382282261002
   2    2      1   14   0.022912235497946184
   2    2      1   15   0.39748083317616395
   2    2      2    0   -2.2212857744103038
   2    2      2    1   -4.0132671831043805
   2    2      2    2   -1.1534963901916664
   2    2      2    3   -2.8647238420416712
   2    2      2    4   1.3271381829280646
   2    2      2    5   -3.0292655728798361
   2    2      2    6   -0.19439725000100702
   2    2      2    7   1.0749038589867057
   2    2      2    8   -1.5841087590893372
   2    2      2    9   1.7565598565173082
   2    2      2   10   0.83316482900808819
   2    2      2   11   -0.037507928756351817
   2    2      2   12   -0.28418260789950656
   2    2      2   13   -0.30809169275128595
   2    2      2   14   0.055670797094120254
   2    2      2   15   0.43887403738663078
   2    2      3    0   6.3498085883086664e-06
   2    2      3    1   -2.8999184383857837
   2    2      3    2   -2.8647238420416712
   2    2      3    3   -5.1511063481523705
   2    2      3    4   0.0077773372844554935
   2    2      3    5   0.007929946346226617
   2    2      3    6   -2.2430156737704539
   2    2      3    7   0.0073564444747946317
   2    2      3    8   0.0071238167646180241
   2    2      3    9   0.0049234408319419731
   2    2      3   10   0.0072515271663530501
   2    2      3   11   0.0090590789526276833
   2    2      3   12   -0.00089214507559548821
   2    2      3   13   0.0001559606794344656
   2    2      3   14   0.0023518728338399989
   2    2      3   15   0.0011465312453429145
   2    2      4    0   1.6475120800994445e-06
   2    2      4    1   -3.0087842304274237
   2    2      4    2   1.3271381829280648
   2    2      4    3   0.0077773372844553825
   2    2      4    4   -0.47970496609286678
   2    2      4    5   -1.4027381602286411
   2    2      4    6   -0.023305435424887107
   2    2      4    7   -1.693094767181101
   2    2      4    8   -3.0712347801103497
   2    2      4    9   -4.3377945506330731
   2    2      4   10   -0.68093171931769614
   2    2      4   11   -4.5040568925116533
   2    2      4   12   0.90374385768399645
   2    2      4   13   0.62360666484775373
   2    2      4   14   0.34315582056552368
   2    2      4   15   -0.44170548751346839
   2    2      5    0   1.7019600789730001e-06
   2    2      5    1   1.3102022638902777
   2    2      5    2   -3.029265572879837
   2    2      5    3   0.007929946346226617
   2    2      5    4   -1.4027381602286415
   2    2      5    5   -0.49021878702048116
   2    2      5    6   -0.024099939105446916
   2    2      5    7   -3.098144471070635
   2    2      5    8   -1.7868291522941713
   2    2      5    9   -4.3821969489721981
   2    2      5   10   -0.63548450683697988
   2    2      5   11   -4.5323049872262491
   2    2      5   12   0.89844904195730191
   2    2      5   13   0.60306820836933861
   2    2      5   14   0.32191876085723237
   2    2      5   15   -0.49516145187861105
   2    2      6    0   3.9568424329906844e-06
   2    2      6    1   -0.24111577536643605
   2    2      6    2   -0.19439725000100691
   2    2      6    3   -2.243015673770453
   2    2      6    4   -0.023305435424887219
   2    2      6    5   -0.024099939105447082
   2    2      6    6   -2.1306639133740002
   2    2      6    7   -0.018706604539672673
   2    2      6    8   -0.018680911926683877
   2    2      6    9   -0.016983003258946746
   2    2      6   10   -0.0367428795209905
   2    2      6   11   -0.029227720539830474
   2    2      6   12   0.0042778468588073482
   2    2      6   13   -0.002084178966244216
   2    2      6   14   -0.0073960331498937838
   2    2      6   15   -0.0031357686026672318
   2    2      7    0   1.783894031106211e-06
   2    2      7    1   -1.5949612043739856
   2    2      7    2   1.0749038589867057
   2    2      7    3   0.0073564444747944097
   2    2      7    4   -1.693094767181101
   2    2      7    5   -3.098144471070635
   2    2      7    6   -0.018706604539672839
   2    2      7    7   0.077890828247188362
   2    2      7    8   1.5175535245653842
   2    2      7    9   0.81191747370467293
   2    2      7   10   -6.4425503894067067
   2    2      7   11   -2.8167498046514052
   2    2      7   12   0.30511327442330266
   2    2      7   13   0.53072232200104297
   2    2      7   14   -0.61816964955528531
   2    2      7   15   1.3626059497661114
   2    2      8    0   1.8254584355869217e-06
   2    2      8    1   1.0756621869401291
   2    2      8    2   -1.5841087590893372
   2    2      8    3   0.0071238167646178021
   2    2      8    4   -3.0712347801103488
   2    2      8    5   -1.7868291522941713
   2    2      8    6   -0.018680911926683821
   2    2      8    7   1.5175535245653842
   2    2      8    8   0.17078209005940509
   2    2      8    9   0.85116703509143932
   2    2      8   10   -6.5367660017108316
   2    2      8   11   -2.9085754396482888
   2    2      8   12   0.2854405890198311
   2    2      8   13   0.53124659874331315
   2    2      8   14   -0.67892290709090342
   2    2      8   15   1.4090351507830916
   2    2      9    1   1.772743776405981
   2    2      9    2   1.7565598565173082
   2    2      9    3   0.0049234408319419731
   2    2      9    4   -4.3377945506330731
   2    2      9    5   -4.3821969489721981
   2    2      9    6   -0.016983003258946746
   2    2      9    7   0.81191747370467293
   2    2      9    8   0.85116703509143932
   2    2      9    9   -0.47280882217873332
   2    2      9   10   -4.1990108781835866
   2    2      9   11   -0.52545624911155386
   2    2      9   12   -6.124528393226508
   2    2      9   13   2.201047580451065
   2    2      9   14   -1.1869049678148642
   2    2      9   15   0.42019969842860339
   2    2     10    0   5.7075646235123146e-07
   2    2     10    1   0.84558264029009755
   2    2     10    2   0.83316482900808819
   2    2     10    3   0.0072515271663530501
   2    2     10    4   -0.68093171931769614
   2    2     10    5   -0.63548450683697988
   2    2     10    6   -0.0367428795209905
   2    2     10    7   -6.4425503894067067
   2    2     10    8   -6.5367660017108316
   2    2     10    9   -4.1990108781835866
   2    2     10   10   0.55833270358666343
   2    2     10   11   -1.1339154579168038
   2    2     10   12   2.7483996152124219
   2    2     10   13   -7.1692760357086245
   2    2     10   14   0.30200197897774439
   2    2     10   15   -1.0469669380795183
   2    2     11    0   4.4461201295417409e-07
   2    2     11    1   -0.012740509757986698
   2    2     11    2   -0.037507928756351817
   2    2     11    3   0.0090590789526277943
   2    2     11    4   -4.5040568925116533
   2    2     11    5   -4.5323049872262491
   2    2     11    6   -0.029227720539830696
   2    2     11    7   -2.8167498046514052
   2    2     11    8   -2.9085754396482888
   2    2     11    9   -0.52545624911155386
   2    2     11   10   -1.1339154579168038
   2    2     11   11   -1.5580659756299013
   2    2     11   12   1.0556277100295004
   2    2     11   13   0.64867985773457493
   2    2     11   14   -3.4754722815894876
   2    2     11   15   -2.376154312120526
   2    2     12    1   -0.28502281383345351
   2    2     12    2   -0.28418260789950656
   2    2     12    3   -0.00089214507559548821
   2    2     12    4   0.90374385768399645
   2    2     12    5   0.89844904195730191
   2    2     12    6   0.0042778468588073482
   2    2     12    7   0.30511327442330266
   2    2     12    8   0.2854405890198311
   2    2     12    9   -6.124528393226508
   2    2     12   10   2.7483996152124219
   2    2     12   11   1.0556277100295004
   2    2     12   12   -0.48061114326661752
   2    2     12   13   -3.2523103386137597
   2    2     12   14   -0.54699465338389763
   2    2     12   15   -0.48367853132812372
   2    2     13    0   1.1904691374642572e-07
   2    2     13    1   -0.30772382282261002
   2    2     13    2   -0.30809169275128595
   2    2     13    3   0.0001559606794344656
   2    2     13    4   0.62360666484775373
   2    2     13    5   0.60306820836933861
   2    2     13    6   -0.002084178966244216
   2    2     13    7   0.53072232200104297
   2    2     13    8   0.53124659874331315
   2    2     13    9   2.201047580451065
   2    2     13   10   -7.1692760357086245
   2    2     13   11   0.64867985773457493
   2    2     13   12   -3.2523103386137597
   2    2     13   13   0.59264636912807656
   2    2     13   14   -0.7497763722431402
   2    2     13   15   -0.18151946162838323
   2    2     14    0   1.6390043086912487e-07
   2    2     14    1   0.022912235497946406
   2    2     14    2   0.055670797094120476
   2    2     14    3   0.0023518728338398878
   2    2     14    4   0.34315582056552368
   2    2     14    5   0.32191876085723231
   2    2     14    6   -0.0073960331498936728
   2    2     14    7   -0.61816964955528531
   2    2     14    8   -0.6789229070909033
   2    2     14    9   -1.1869049678148642
   2    2     14   10   0.30200197897774439
   2    2     14   11   -3.4754722815894867
   2    2     14   12   -0.54699465338389763
   2    2     14   13   -0.7497763722431402
   2    2     14   14   -1.2305267725122377
   2    2     14   15   -1.9288761668133274
   2    2     15    0   3.4500726510709426e-07
   2    2     15    1   0.39748083317616395
   2    2     15    2   0.43887403738663078
   2    2     15    3   0.0011465312453429145
   2    2     15    4   -0.44170548751346883
   2    2     15    5   -0.49516145187861105
   2    2     15    6   -0.0031357686026673428
   2    2     15    7   1.3626059497661116
   2    2     15    8   1.4090351507830916
   2    2     15    9   0.42019969842860339
   2    2     15   10   -1.0469669380795183
   2    2     15   11   -2.3761543121205251
   2    2     15   12   -0.48367853132812372
   2    2     15   13   -0.18151946162838323
   2    2     15   14   -1.9288761668133274
   2    2     15   15   0.73782998875407613
   3    3      0    0   -4.8071658310767535
   3    3      0    1   -6.2788201868803935
   3    3      0    2   4.8057530121175365
   3    3      0    3   5.5733084745595569
   3    3      0    4   -0.012284758930035186
   3    3      0    5   0.0079915079546498662
   3    3      0    6   0.02757867154839836
   3    3      0    7   -0.0082491823901730561
   3    3      0    8   -0.00018062097634624589
   3    3      0    9   -0.00078110291861378941
   3    3      0   10   0.0033687797728974081
   3    3      0   11   -0.0021323083490300079
   3    3      0   12   -0.0062136049063187425
   3    3      0   13   0.014898519278301303
   3    3      1    0   -6.2788201868803926
   3    3      1    1   -4.6699066075090405
   3    3      1    2   5.4055939012786585
   3    3      1    3   4.6470094023191981
   3    3      1    4   -1.3672902965218849
   3    3      1    5   -1.4702656396059819
   3    3      1    6   4.0180838199801396
   3    3      1    7   -0.83492516193425825
   3    3      1    8   0.21818087029370006
   3    3      1    9   0.041002811540383627
   3    3      1   10   -1.0209207760382288
   3    3      1   11   0.44958029883820999
   3    3      1   12   -0.44801596674001171
   3    3      1   13   1.3305634549086796
   3    3      2    0   4.8057530121175365
   3    3      2    1   5.4055939012786585
   3    3      2    2   -4.5918487608333045
   3    3      2    3   -6.2669402604971314
   3    3      2    4   0.0068936523323657488
   3    3      2    5   -0.010649071175350482
   3    3      2    6   -0.0069687184203814463
   3    3      2    7   0.024280440693288139
   3    3      2    8   -0.0006386837741650163
   3    3      2    9   -0.00016244919671249279
   3    3      2   10   -0.0017637834265835689
   3    3      2   11   0.0030711676155092361
   3    3      2   12   0.01257178296029547
   3    3      2   13   -0.0056715603649687956
   3    3      3    0   5.5733084745595578
   3    3      3    1   4.6470094023191963
   3    3      3    2   -6.2669402604971314
   3    3      3    3   -4.865286695655259
   3    3      3    4   -1.4681936859138149
   3    3      3    5   -1.3693709079481411
   3    3      3    6   -0.78495010134821741
   3    3      3    7   4.0363808270506798
   3    3      3    8   0.041444533888786973
   3    3      3    9   0.21462149485013809
   3    3      3   10   0.43409636871808338
   3    3      3   11   -1.0159253839467479
   3    3      3   12   1.2934522511752491
   3    3      3   13   -0.44407589841961126
   3    3      4    0   -0.012284758930035075
   3    3      4    1   -1.3672902965218849
   3    3      4    2   0.0068936523323657488
   3    3      4    3   -1.4681936859138149
   3    3      4    4   -4.5511505673918675
   3    3      4    5   3.6434878505817334
   3    3      4    6   3.0453039479476618
   3    3      4    7   -7.309965915921194
   3    3      4    8   -5.3522052213141258
   3    3      4    9   -1.1983867242223798
   3    3      4   10   -1.5711017509716227
   3    3      4   11   2.2636384735969659
   3    3      4   12   -2.2767597400326025
   3    3      4   13   -0.56350032430938624
   3    3      5    0   0.0079915079546498662
   3    3      5    1   -1.4702656396059823
   3    3      5    2   -0.010649071175350482
   3    3      5    3   -1.3693709079481415
   3    3      5    4   3.6434878505817334
   3    3      5    5   -4.477890211911804
   3    3      5    6   -7.292112285134877
   3    3      5    7   3.0231403306524927
   3    3      5    8   -1.175528685157043
   3    3      5    9   -5.3352492276466066
   3    3      5   10   2.288588215056333
   3    3      5   11   -1.5247103291686228
   3    3      5   12   -0.60016569746647552
   3    3      5   13   -2.4098500836444714
   3    3      6    0   0.027578671548398583
   3    3      6    1   4.0180838199801405
   3    3      6    2   -0.0069687184203814463
   3    3      6    3   -0.78495010134821774
   3    3      6    4   3.0453039479476618
   3    3      6    5   -7.292112285134877
   3    3      6    6   -2.1463091511131402
   3    3      6    7   4.9755772265790341
   3    3      6    8   -1.5423376084428302
   3    3      6    9   2.0148519510116252
   3    3      6   10   -5.2868247819543654
   3    3      6   11   -0.95826852879161084
   3    3      6   12   6.9344934148034501
   3    3      6   13   0.37241628672254645
   3    3      7    0   -0.0082491823901730561
   3    3      7    1   -0.83492516193425803
   3    3      7    2   0.024280440693288361
   3    3      7    3   4.0363808270506789
   3    3      7    4   -7.309965915921194
   3    3      7    5   3.0231403306524927
   3    3      7    6   4.975577226579035
   3    3      7    7   -2.0978549375015745
   3    3      7    8   1.9906382371711209
   3    3      7    9   -1.5226223246516635
   3    3      7   10   -0.96127095773797167
   3    3      7   11   -5.4324668430050451
   3    3      7   12   0.38145023350721996
   3    3      7   13   7.214592271434884
   3    3      8    0   -0.00018062097634624589
   3    3      8    1   0.21818087029370006
   3    3      8    2   -0.0006386837741650163
   3    3      8    3   0.041444533888786973
   3    3      8    4   -5.3522052213141258
   3    3      8    5   -1.175528685157043
   3    3      8    6   -1.5423376084428302
   3    3      8    7   1.9906382371711209
   3    3      8    8   -2.7643014565037718
   3    3      8    9   2.0240057734773229
   3    3      8   10   2.0224339553193746
   3    3      8   11   -6.0725627577937624
   3    3      8   12   -1.2104836218889754
   3    3      8   13   1.0775895164283222
   3    3      9    0   -0.00078110291861378941
   3    3      9    1   0.041002811540383627
   3    3      9    2   -0.00016244919671249279
   3    3      9    3   0.21462149485013809
   3    3      9    4   -1.1983867242223798
   3    3      9    5   -5.3352492276466066
   3    3      9    6   2.0148519510116252
   3    3      9    7   -1.5226223246516635
   3    3      9    8   2.0240057734773229
   3    3      9    9   -2.7643298658849274
   3    3      9   10   -6.0432844601407956
   3    3      9   11   2.0091470003642082
   3    3      9   12   1.104005399385187
   3    3      9   13   -1.1779031704272922
   3    3     10    0   0.0033687797728978522
   3    3     10    1   -1.0209207760382288
   3    3     10    2   -0.0017637834265835689
   3    3     10    3   0.43409636871808327
   3    3     10    4   -1.5711017509716223
   3    3     10    5   2.288588215056333
   3    3     10    6   -5.2868247819543654
   3    3     10    7   -0.96127095773797167
   3    3     10    8   2.0224339553193746
   3    3     10    9   -6.0432844601407956
   3    3     10   10   -1.8310344769977098
   3    3     10   11   1.2222121448428158
   3    3     10   12   1.3259245330367542
   3    3     10   13   -3.9125785400751516
   3    3     11    0   -0.0021323083490300079
   3    3     11    1   0.44958029883820977
   3    3     11    2   0.0030711676155092361
   3    3     11    3   -1.0159253839467479
   3    3     11    4   2.2636384735969655
   3    3     11    5   -1.524710329168623
   3    3     11    6   -0.95826852879161084
   3    3     11    7   -5.4324668430050451
   3    3     11    8   -6.0725627577937624
   3    3     11    9   2.0091470003642082
   3    3     11   10   1.2222121448428158
   3    3     11   11   -1.7838882464597621
   3    3     11   12   -3.8553846193761956
   3    3     11   13   1.3101272866221778
   3    3     12    0   -0.0062136049063186314
   3    3     12    1   -0.44801596674001171
   3    3     12    2   0.012571782960295581
   3    3     12    3   1.2934522511752486
   3    3     12    4   -2.2767597400326025
   3    3     12    5   -0.60016569746647541
   3    3     12    6   6.9344934148034501
   3    3     12    7   0.38145023350722002
   3    3     12    8   -1.2104836218889754
   3    3     12    9   1.104005399385187
   3    3     12   10   1.3259245330367539
   3    3     12   11   -3.8553846193761956
   3    3     12   12   -1.9680173508304657
   3    3     12   13   3.509132989491198
   3    3     13    0   0.014898519278301303
   3    3     13    1   1.3305634549086796
   3    3     13    2   -0.0056715603649687956
   3    3     13    3   -0.44407589841961082
   3    3     13    4   -0.56350032430938612
   3    3     13    5   -2.4098500836444714
   3    3     13    6   0.37241628672254645
   3    3     13    7   7.214592271434884
   3    3     13    8   1.0775895164283222
   3    3     13    9   -1.1779031704272922
   3    3     13   10   -3.9125785400751516
   3    3     13   11   1.310127286622178
   3    3     13   12   3.509132989491198
   3    3     13   13   -1.9506019584917456
   4    4      0    0   -8.6694820670923356
   4    4      0    1   -2.9812112875835979
   4    4      0    2   7.0779055052719302e-06
   4    4      0    3   2.5345365516443331e-06
   4    4      0    4   4.526254622081239e-06
   4    4      0    5   2.6715623958130369e-06
   4    4      0    7   6.4828431514633708e-07
   4    4      0    8   4.8637459164727988e-07
   4    4      0   10   1.353822255507128e-07
   4    4      0   11   1.6711750308049362e-07
   4    4      0   12   3.5734743372221556e-07
   4    4      1    0   -2.9812112875835979
   4    4      1    1   -4.9753624853343492
   4    4      1    2   -4.0847001864635111
   4    4      1    3   -1.7565654962406232
   4    4      1    4   -0.29579811765570008
   4    4      1    5   -0.59304151104467917
   4    4      1    6   2.4681060989904275
   4    4      1    7   1.1508679023093316
   4    4      1    8   0.027295259437550064
   4    4      1    9   -0.37420140102018834
   4    4      1   10   -0.41194143301361397
   4    4      1   11   0.036523818595699899
   4    4      1   12   0.56927195397556107
   4    4      2    0   7.0779055050498856e-06
   4    4      2    1   -4.084700186463512
   4    4      2    2   -4.9865921853121424
   4    4      2    3   0.0098084704912364228
   4    4      2    4   -2.1846981232004028
   4    4      2    5   0.0093363747915232789
   4    4      2    6   0.0045088202930977338
   4    4      2    7   0.0068981479824109723
   4    4      2    8   0.0083560248760225254
   4    4      2    9   -0.00079126597732676269
   4    4      2   10   0.00024231999009462473
   4    4      2   11   0.0021826857629907406
   4    4      2   12   0.0010420849631813539
   4    4      3    0   2.5345365516443331e-06
   4    4      3    1   -1.7565654962406232
   4    4      3    2   0.0098084704912364228
   4    4      3    3   -1.7252168803821482
   4    4      3    4   -0.026912513926653014
   4    4      3    5   -4.7155867719411884
   4    4      3    6   -6.1442404188944746
   4    4      3    7   -0.94802978939149396
   4    4      3    8   -6.3640104765280885
   4    4      3    9   1.2491089145360108
   4    4      3   10   0.85378840941942302
   4    4      3   11   0.52868857969049965
   4    4      3   12   -0.58996575843228893
   4    4      4    0   4.5262546221922613e-06
   4    4      4    1   -0.29579811765570008
   4    4      4    2   -2.1846981232004024
   4    4      4    3   -0.026912513926653236
   4    4      4    4   -2.0199911928289618
   4    4      4    5   -0.022799181049623612
   4    4      4    6   -0.01479357748061249
   4    4      4    7   -0.034727650152375861
   4    4      4    8   -0.02486545804103333
   4    4      4    9   0.0038714179865062541
   4    4      4   10   -0.0024502803522298533
   4    4      4   11   -0.0066703053085036979
   4    4      4   12   -0.0026999469858968806
   4    4      5    0   2.6715623957575257e-06
   4    4      5    1   -0.59304151104467917
   4    4      5    2   0.0093363747915232789
   4    4      5    3   -4.7155867719411875
   4    4      5    4   -0.022799181049623446
   4    4      5    5   1.8623884876928378
   4    4      5    6   1.1631630821888945
   4    4      5    7   -9.1992226106066628
   4    4      5    8   -4.0587390655421647
   4    4      5    9   0.41373324595780048
   4    4      5   10   0.739125060306
   4    4      5   11   -0.88236972370713795
   4    4      5   12   1.9779220482043296
   4    4      6    1   2.4681060989904275
   4    4      6    2   0.0045088202930977338
   4    4      6    3   -6.1442404188944746
   4    4      6    4   -0.01479357748061249
   4    4      6    5   1.1631630821888945
   4    4      6    6   -0.3215263560318245
   4    4      6    7   -4.1408897409435692
   4    4      6    8   -0.48482380495354188
   4    4      6    9   -6.2252925986685934
   4    4      6   10   2.1430391288251811
   4    4      6   11   -1.1923387659585789
   4    4      6   12   0.39478647732234884
   4    4      7    0   6.4828431514633708e-07
   4    4      7    1   1.1508679023093316
   4    4      7    2   0.0068981479824109723
   4    4      7    3   -0.94802978939149396
   4    4      7    4   -0.034727650152375861
   4    4      7    5   -9.1992226106066628
   4    4      7    6   -4.1408897409435692
   4    4      7    7   0.67950381614296085
   4    4      7    8   -1.0946428758339357
   4    4      7    9   2.6948870306982426
   4    4      7   10   -7.2550190393144405
   4    4      7   11   0.2885861287096389
   4    4      7   12   -0.97972183260096757
   4    4      8    0   4.8637459153625758e-07
   4    4      8    1   0.027295259437549842
   4    4      8    2   0.0083560248760225254
   4    4      8    3   -6.3640104765280885
   4    4      8    4   -0.02486545804103333
   4    4      8    5   -4.0587390655421638
   4    4      8    6   -0.48482380495354188
   4    4      8    7   -1.0946428758339357
   4    4      8    8   -1.4918966129158919
   4    4      8    9   1.0223390999968403
   4    4      8   10   0.61375474357511417
   4    4      8   11   -3.4760144667139286
   4    4      8   12   -2.3525807238999508
   4    4      9    1   -0.37420140102018834
   4    4      9    2   -0.00079126597732676269
   4    4      9    3   1.2491089145360108
   4    4      9    4   0.0038714179865062541
   4    4      9    5   0.41373324595780048
   4    4      9    6   -6.2252925986685934
   4    4      9    7   2.6948870306982426
   4    4      9    8   1.0223390999968403
   4    4      9    9   -0.36045386283826153
   4    4      9   10   -3.201665606296336
   4    4      9   11   -0.51524222034660494
   4    4      9   12   -0.47139817060857342
   4    4     10    0   1.353822255507128e-07
   4    4     10    1   -0.41194143301361397
   4    4     10    2   0.00024231999009462473
   4    4     10    3   0.85378840941942302
   4    4     10    4   -0.0024502803522298533
   4    4     10    5   0.739125060306
   4    4     10    6   2.1430391288251811
   4    4     10    7   -7.2550190393144405
   4    4     10    8   0.61375474357511417
   4    4     10    9   -3.201665606296336
   4    4     10   10   0.69838463898918779
   4    4     10   11   -0.7288699493803783
   4    4     10   12   -0.16770602240990448
   4    4     11    0   1.6711750303886026e-07
   4    4     11    1   0.036523818595699899
   4    4     11    2   0.0021826857629906296
   4    4     11    3   0.52868857969049965
   4    4     11    4   -0.0066703053085035869
   4    4     11    5   -0.88236972370713795
   4    4     11    6   -1.1923387659585789
   4    4     11    7   0.2885861287096389
   4    4     11    8   -3.4760144667139286
   4    4     11    9   -0.51524222034660494
   4    4     11   10   -0.7288699493803783
   4    4     11   11   -1.1552497544466134
   4    4     11   12   -1.8824074171140497
   4    4     12    0   3.5734743361119326e-07
   4    4     12    1   0.5692719539755613
   4    4     12    2   0.0010420849631813539
   4    4     12    3   -0.58996575843228849
   4    4     12    4   -0.0026999469858969916
   4    4     12    5   1.9779220482043292
   4    4     12    6   0.39478647732234884
   4    4     12    7   -0.97972183260096757
   4    4     12    8   -2.3525807238999508
   4    4     12    9   -0.47139817060857342
   4    4     12   10   -0.16770602240990448
   4    4     12   11   -1.8824074171140492
   4    4     12   12   0.76041700569843007
   5    5      0    0   -0.14470399473310069
   5    5      0    1   -0.86973358629714126
   5    5      0    2   -0.0048324916426692177
   5    5      0    3   0.020519182193259315
   5    5      0    4   -0.00091317413005704445
   5    5      0    5   0.0013681371949189282
   5    5      0    6   0.0080285338966481368
   5    5      1    0   -0.86973358629714126
   5    5      1    1   -0.27552325343787226
   5    5      1    2   -2.8386187527688302
   5    5      1    3   3.136417259616195
   5    5      1    4   0.2780899222714957
   5    5      1    5   -0.56209981636727846
   5    5      1    6   0.76894953997888782
   5    5      2    0   -0.0048324916426687736
   5    5      2    1   -2.8386187527688294
   5    5      2    2   -1.0286598451107913
   5    5      2    3   -4.2600642309966101
   5    5      2    4   -6.4468694184764583
   5    5      2    5   0.67824455898919911
   5    5      2    6   -2.8505866775658069
   5    5      3    0   0.020519182193259149
   5    5      3    1   3.136417259616195
   5    5      3    2   -4.2600642309966101
   5    5      3    3   2.8372764999869231
   5    5      3    4   0.46102079802833534
   5    5      3    5   -6.2883485063823699
   5    5      3    6   7.5122720202909647
   5    5      4    0   -0.00091317413005704445
   5    5      4    1   0.2780899222714957
   5    5      4    2   -6.4468694184764583
   5    5      4    3   0.46102079802833534
   5    5      4    4   -0.8699848745005917
   5    5      4    5   -4.0017872327220125
   5    5      4    6   -0.14537680193123667
   5    5      5    0   0.0013681371949188172
   5    5      5    1   -0.56209981636727846
   5    5      5    2   0.67824455898919911
   5    5      5    3   -6.2883485063823699
   5    5      5    4   -4.0017872327220125
   5    5      5    5   -0.66866288012522934
   5    5      5    6   -2.510459534561249
   5    5      6    0   0.0080285338966481368
   5    5      6    1   0.76894953997888738
   5    5      6    2   -2.8505866775658073
   5    5      6    3   7.5122720202909647
   5    5      6    4   -0.14537680193123667
   5    5      6    5   -2.510459534561249
   5    5      6    6   1.408818975117661
   6    6      0    0   0.7700885547058276
   6    6      0    1   1.6837313656590942
   6    6      0    2   -0.93809861512347748
   6    6      0    3   -4.0367622631080815
   6    6      0    4   -1.2256082796528363
   6    6      0    5   -0.63223186077866733
   6    6      0    6   -0.53680034952579381
   6    6      0    7   1.566931437267286
   6    6      0    8   1.2675355412333369
   6    6      0    9   0.34162926726222648
   6    6      0   10   -0.2887218493572441
   6    6      0   11   -0.44083658133868597
   6    6      0   12   -0.20947490690649775
   6    6      1    0   1.6837313656590942
   6    6      1    1   0.72312937100464314
   6    6      1    2   -1.0352441558368097
   6    6      1    3   -1.1684933607767272
   6    6      1    4   -2.3615473655905732
   6    6      1    5   0.81584904150199744
   6    6      1    6   -2.6757952245046703
   6    6      1    7   0.70307444764030769
   6    6      1    8   1.3596171702494269
   6    6      1    9   0.51357739039990147
   6    6      1   10   -0.51557413251501094
   6    6      1   11   -0.65224919655918989
   6    6      1   12   -0.78374546490483177
   6    6      2    0   -0.93809861512347748
   6    6      2    1   -1.0352441558368097
   6    6      2    2   -0.31899801462994276
   6    6      2    3   0.001758248649857139
   6    6      2    4   -0.00048322414036964839
   6    6      2    5   -0.002519251356571813
   6    6      2    6   -0.002660043117711479
   6    6      2    7   -0.00092952406961025879
   6    6      2    8   -0.0092846904263717191
   6    6      2    9   0.005584809847621954
   6    6      2   10   -0.0026916043274263462
   6    6      2   11   0.0015828630332749159
   6    6      2   12   -0.0012985059799029682
   6    6      3    0   -4.0367622631080815
   6    6      3    1   -1.1684933607767272
   6    6      3    2   0.001758248649857028
   6    6      3    3   0.68892825060475615
   6    6      3    4   1.2989317861209679
   6    6      3    5   -0.54083036498501469
   6    6      3    6   0.8992197117723898
   6    6      3    7   -0.69237120392993001
   6    6      3    8   -1.516642845189222
   6    6      3    9   -5.1585083060674348
   6    6      3   10   0.87764555795592969
   6    6      3   11   0.54095058859373624
   6    6      3   12   0.11162850830230824
   6    6      4    0   -1.2256082796528363
   6    6      4    1   -2.3615473655905732
   6    6      4    2   -0.00048322414036964839
   6    6      4    3   1.2989317861209679
   6    6      4    4   0.29119019908656779
   6    6      4    5   0.76420001825683459
   6    6      4    6   0.46660152994404347
   6    6      4    7   0.23768861770542804
   6    6      4    8   -1.0161370945365289
   6    6      4    9   0.26727222315289295
   6    6      4   10   0.92775384169473252
   6    6      4   11   0.3866621075899847
   6    6      4   12   0.17216001725228552
   6    6      5    0   -0.63223186077866711
   6    6      5    1   0.81584904150199744
   6    6      5    2   -0.0025192513565717852
   6    6      5    3   -0.54083036498501458
   6    6      5    4   0.76420001825683459
   6    6      5    5   -0.52338062662372331
   6    6      5    6   0.56922395782334345
   6    6      5    7   -0.30754534244526094
   6    6      5    8   -4.3276080845351936
   6    6      5    9   0.040721750235857578
   6    6      5   10   -0.35504987154472223
   6    6      5   11   -0.18069840713657023
   6    6      5   12   0.035322936848612208
   6    6      6    0   -0.53680034952579381
   6    6      6    1   -2.6757952245046694
   6    6      6    2   -0.0026600431177114512
   6    6      6    3   0.89921971177238968
   6    6      6    4   0.46660152994404347
   6    6      6    5   0.56922395782334345
   6    6      6    6   0.68059180646234074
   6    6      6    7   -0.58507236222968118
   6    6      6    8   -4.8990880556305596
   6    6      6    9   -0.19692269464870454
   6    6      6   10   0.76013059669951255
   6    6      6   11   0.66005665425886706
   6    6      6   12   0.27020802532290444
   6    6      7    0   1.566931437267286
   6    6      7    1   0.70307444764030769
   6    6      7    2   -0.00092952406961025879
   6    6      7    3   -0.69237120392993001
   6    6      7    4   0.23768861770542804
   6    6      7    5   -0.30754534244526094
   6    6      7    6   -0.58507236222968118
   6    6      7    7   -0.89881606409188497
   6    6      7    8   0.81372927385496752
   6    6      7    9   -0.5371780425581989
   6    6      7   10   -0.65112264409047671
   6    6      7   11   0.075464555263979674
   6    6      7   12   0.11082889454416826
   6    6      8    0   1.2675355412333369
   6    6      8    1   1.3596171702494269
   6    6      8    2   -0.0092846904263717191
   6    6      8    3   -1.516642845189222
   6    6      8    4   -1.0161370945365289
   6    6      8    5   -4.3276080845351936
   6    6      8    6   -4.8990880556305596
   6    6      8    7   0.81372927385496752
   6    6      8    8   0.54901775404683062
   6    6      8    9   -0.35173967696725139
   6    6      8   10   -6.4531985882598537
   6    6      8   11   0.13169431673411319
   6    6      8   12   -1.3669994315400864
   6    6      9    0   0.34162926726222648
   6    6      9    1   0.51357739039990147
   6    6      9    2   0.005584809847621954
   6    6      9    3   -5.1585083060674366
   6    6      9    4   0.26727222315289295
   6    6      9    5   0.040721750235857578
   6    6      9    6   -0.19692269464870454
   6    6      9    7   -0.5371780425581989
   6    6      9    8   -0.35173967696725139
   6    6      9    9   0.10325465677888798
   6    6      9   10   0.19961647324216988
   6    6      9   11   -4.8418561407041771
   6    6      9   12   -0.072723257815969763
   6    6     10    0   -0.2887218493572441
   6    6     10    1   -0.51557413251501094
   6    6     10    2   -0.0026916043274263462
   6    6     10    3   0.87764555795592969
   6    6     10    4   0.92775384169473252
   6    6     10    5   -0.35504987154472223
   6    6     10    6   0.76013059669951255
   6    6     10    7   -0.65112264409047671
   6    6     10    8   -6.4531985882598537
   6    6     10    9   0.19961647324216988
   6    6     10   10   0.088766070848673689
   6    6     10   11   -0.28013112553278163
   6    6     10   12   0.02546866296803937
   6    6     11    0   -0.4408365813386862
   6    6     11    1   -0.65224919655919
   6    6     11    2   0.0015828630332749298
   6    6     11    3   0.54095058859373624
   6    6     11    4   0.3866621075899847
   6    6     11    5   -0.18069840713657029
   6    6     11    6   0.66005665425886717
   6    6     11    7   0.075464555263979674
   6    6     11    8   0.13169431673411319
   6    6     11    9   -4.8418561407041771
   6    6     11   10   -0.28013112553278163
   6    6     11   11   -0.018632456952623881
   6    6     11   12   -0.21847782651094522
   6    6     12    0   -0.20947490690649775
   6    6     12    1   -0.78374546490483177
   6    6     12    2   -0.0012985059799028849
   6    6     12    3   0.11162850830230824
   6    6     12    4   0.17216001725228552
   6    6     12    5   0.035322936848612208
   6    6     12    6   0.27020802532290439
   6    6     12    7   0.11082889454416826
   6    6     12    8   -1.3669994315400864
   6    6     12    9   -0.072723257815969763
   6    6     12   10   0.02546866296803937
   6    6     12   11   -0.21847782651094527
   6    6     12   12   0.41840933386567031
   7    7      0    0   -4.5532076955374903
   7    7      0    1   -5.976192195365825
   7    7      0    2   -2.8716106712272014
   7    7      0    3   -3.1021670207894116
   7    7      0    4   -0.00054277082757318493
   7    7      0    5   -6.6345285713477429e-05
   7    7      0    6   -0.00045233011435992233
   7    7      0    7   -0.00021423488029674242
   7    7      0    8   0.00066215197168028011
   7    7      0    9   -7.2244332937964397e-05
   7    7      0   10   3.963804774679922e-05
   7    7      0   11   -0.0002157698148935332
   7    7      0   12   -1.6878041889785382e-05
   7    7      0   13   8.2801715768758414e-05
   7    7      0   14   -0.00014107297308324704
   7    7      0   15   -0.00030671879613442481
   7    7      0   16   -0.00037583532866455757
   7    7      1    0   -5.976192195365825
   7    7      1    1   1.4060103357512821
   7    7      1    2   -2.3555881305036293
   7    7      1    3   -0.45175988141885987
   7    7      1    4   -0.0040084734787571574
   7    7      1    5   -0.0056960277095706689
   7    7      1    6   -0.020790538569458852
   7    7      1    7   -0.0075189692229817818
   7    7      1    8   -0.0026429908149833664
   7    7      1    9   0.0002284984357771016
   7    7      1   10   -0.0019343242545702341
   7    7      1   11   -0.0034890864735151838
   7    7      1   12   -0.00081151959543083183
   7    7      1   13   0.00052577771982201575
   7    7      1   14   -0.0030507796194437472
   7    7      1   15   -0.0087509302610354091
   7    7      1   16   -0.00021345772502987239
   7    7      2    0   -2.8716106712272005
   7    7      2    1   -2.3555881305036293
   7    7      2    2   -1.4173625291956533
   7    7      2    3   -3.0955413289926907
   7    7      2    4   -1.9931498026501744
   7    7      2    5   0.067803176074287111
   7    7      2    6   -1.7848935613579784
   7    7      2    7   0.46035675426595735
   7    7      2    8   3.6829709914003455
   7    7      2    9   0.43581783311671962
   7    7      2   10   0.60063384875511461
   7    7      2   11   0.29012299548929521
   7    7      2   12   0.17067536161828101
   7    7      2   13   -0.20926038760775575
   7    7      2   14   1.0266028021077878
   7    7      2   15   -0.27176986400876835
   7    7      2   16   -1.2482441388198304
   7    7      3    0   -3.1021670207894116
   7    7      3    1   -0.45175988141885987
   7    7      3    2   -3.0955413289926907
   7    7      3    3   2.8114515469557069
   7    7      3    4   0.89512506916057477
   7    7      3    5   -2.0363155614142503
   7    7      3    6   -4.7792066267033082
   7    7      3    7   -2.1316890899360921
   7    7      3    8   -2.5609910846303086
   7    7      3    9   0.080294245558109004
   7    7      3   10   -0.43774012932868273
   7    7      3   11   1.0432486280583382
   7    7      3   12   0.38369774693882064
   7    7      3   13   0.45254077002753951
   7    7      3   14   -0.29697128036943471
   7    7      3   15   -1.593347754816538
   7    7      3   16   1.8882543398438496
   7    7      4    0   -0.00054277082757318493
   7    7      4    1   -0.0040084734787571574
   7    7      4    2   -1.9931498026501744
   7    7      4    3   0.89512506916057477
   7    7      4    4   -2.2110172210173746
   7    7      4    5   -2.6642559950457119
   7    7      4    6   -4.7736301286911953
   7    7      4    7   -4.0466496476944434
   7    7      4    8   1.266637599705791
   7    7      4    9   -6.6064115245927022
   7    7      4   10   1.5998690135546778
   7    7      4   11   0.35026403535850892
   7    7      4   12   1.8030846738350936
   7    7      4   13   0.83424961112948171
   7    7      4   14   -0.46983388276138477
   7    7      4   15   -2.1604340454665576
   7    7      4   16   0.33256531446525911
   7    7      5    0   -6.6345285713921519e-05
   7    7      5    1   -0.0056960277095706689
   7    7      5    2   0.067803176074287111
   7    7      5    3   -2.0363155614142499
   7    7      5    4   -2.6642559950457119
   7    7      5    5   1.559608464751169
   7    7      5    6   1.0901293383523307
   7    7      5    7   0.48910872519843168
   7    7      5    8   4.3845388710718698
   7    7      5    9   1.0142683797082752
   7    7      5   10   -7.7337131658622633
   7    7      5   11   -1.4322414285091023
   7    7      5   12   -0.91056302259148447
   7    7      5   13   -0.98984941571132712
   7    7      5   14   1.4420403805661013
   7    7      5   15   1.1350443352615807
   7    7      5   16   -3.0717531728929757
   7    7      6    0   -0.00045233011435997784
   7    7      6    1   -0.020790538569458519
   7    7      6    2   -1.7848935613579786
   7    7      6    3   -4.7792066267033082
   7    7      6    4   -4.7736301286911953
   7    7      6    5   1.0901293383523307
   7    7      6    6   -1.8599878294632501
   7    7      6    7   -1.8618751237222164
   7    7      6    8   3.9608370877464849
   7    7      6    9   1.2058156165415319
   7    7      6   10   -0.43010807591083422
   7    7      6   11   -4.950399311461525
   7    7      6   12   1.189317347797723
   7    7      6   13   -2.024799247143211
   7    7      6   14   -0.78642661144588533
   7    7      6   15   -1.0339201275980079
   7    7      6   16   -4.5889773272686503
   7    7      7    0   -0.00021423488029652038
   7    7      7    1   -0.0075189692229817818
   7    7      7    2   0.4603567542659574
   7    7      7    3   -2.1316890899360921
   7    7      7    4   -4.0466496476944434
   7    7      7    5   0.48910872519843168
   7    7      7    6   -1.8618751237222164
   7    7      7    7   -0.87598107200462016
   7    7      7    8   3.1566075693349025
   7    7      7    9   2.4104769652167475
   7    7      7   10   0.098265726421386451
   7    7      7   11   -0.16772850846390239
   7    7      7   12   -7.8221054196578086
   7    7      7   13   -0.60622003118317425
   7    7      7   14   -0.32989746945978998
   7    7      7   15   -0.22103454146679347
   7    7      7   16   -2.2365778920537318
   7    7      8    0   0.00066215197168028011
   7    7      8    1   -0.0026429908149834774
   7    7      8    2   3.6829709914003459
   7    7      8    3   -2.5609910846303086
   7    7      8    4   1.2666375997057915
   7    7      8    5   4.3845388710718698
   7    7      8    6   3.9608370877464845
   7    7      8    7   3.1566075693349025
   7    7      8    8   1.6988446461657829
   7    7      8    9   -1.0656055033506568
   7    7      8   10   -1.0835413924299435
   7    7      8   11   -0.81777018943335489
   7    7      8   12   -0.17835594224893173
   7    7      8   13   -5.6555678233610411
   7    7      8   14   4.5838017367776516
   7    7      8   15   5.1067736016922467
   7    7      8   16   -3.0601430587688547
   7    7      9    0   -7.2244332937964397e-05
   7    7      9    1   0.0002284984357771016
   7    7      9    2   0.43581783311671962
   7    7      9    3   0.080294245558109004
   7    7      9    4   -6.6064115245927022
   7    7      9    5   1.0142683797082752
   7    7      9    6   1.2058156165415319
   7    7      9    7   2.4104769652167475
   7    7      9    8   -1.0656055033506568
   7    7      9    9   -0.6335990752951417
   7    7      9   10   -1.4206404939982933
   7    7      9   11   -4.2136502190099554
   7    7      9   12   -3.2032687873314036
   7    7      9   13   0.24171790066655338
   7    7      9   14   -0.57911903269205078
   7    7      9   15   -0.62243288078780812
   7    7      9   16   -0.63317033804178824
   7    7     10    0   3.963804774679922e-05
   7    7     10    1   -0.0019343242545702341
   7    7     10    2   0.60063384875511461
   7    7     10    3   -0.43774012932868273
   7    7     10    4   1.5998690135546778
   7    7     10    5   -7.7337131658622633
   7    7     10    6   -0.43010807591083422
   7    7     10    7   0.098265726421386451
   7    7     10    8   -1.0835413924299435
   7    7     10    9   -1.4206404939982933
   7    7     10   10   1.272804908819831
   7    7     10   11   1.0526696890408027
   7    7     10   12   0.42118850253668005
   7    7     10   13   4.1753815715296705
   7    7     10   14   -0.96023745026718133
   7    7     10   15   -0.83381432654916998
   7    7     10   16   0.87029097374972542
   7    7     11    0   -0.0002157698148935332
   7    7     11    1   -0.0034890864735151838
   7    7     11    2   0.29012299548929521
   7    7     11    3   1.0432486280583382
   7    7     11    4   0.35026403535850892
   7    7     11    5   -1.4322414285091023
   7    7     11    6   -4.950399311461525
   7    7     11    7   -0.1677285084639023
   7    7     11    8   -0.81777018943335489
   7    7     11    9   -4.2136502190099554
   7    7     11   10   1.0526696890408027
   7    7     11   11   -0.84757617063285573
   7    7     11   12   -1.2519663749343672
   7    7     11   13   1.2099134432139607
   7    7     11   14   -1.8396400162101021
   7    7     11   15   -3.4250310502039896
   7    7     11   16   -0.56646925685449312
   7    7     12    0   -1.6878041889785382e-05
   7    7     12    1   -0.00081151959543083183
   7    7     12    2   0.17067536161828101
   7    7     12    3   0.38369774693882064
   7    7     12    4   1.8030846738350936
   7    7     12    5   -0.91056302259148447
   7    7     12    6   1.189317347797723
   7    7     12    7   -7.8221054196578086
   7    7     12    8   -0.17835594224893173
   7    7     12    9   -3.2032687873314036
   7    7     12   10   0.42118850253668005
   7    7     12   11   -1.2519663749343672
   7    7     12   12   0.30954133791693023
   7    7     12   13   0.61661604314188112
   7    7     12   14   -3.3234605729954017
   7    7     12   15   -0.51223836839018366
   7    7     12   16   -0.44016886531829769
   7    7     13    0   8.2801715768758414e-05
   7    7     13    1   0.0005257777198217937
   7    7     13    2   -0.2092603876077557
   7    7     13    3   0.45254077002753951
   7    7     13    4   0.83424961112948148
   7    7     13    5   -0.98984941571132712
   7    7     13    6   -2.024799247143211
   7    7     13    7   -0.60622003118317425
   7    7     13    8   -5.655567823361042
   7    7     13    9   0.24171790066655338
   7    7     13   10   4.1753815715296705
   7    7     13   11   1.2099134432139604
   7    7     13   12   0.61661604314188112
   7    7     13   13   0.76295595919056303
   7    7     13   14   -0.083047556341147674
   7    7     13   15   -0.60221944639324432
   7    7     13   16   2.4792574786191715
   7    7     14    0   -0.000141072973083025
   7    7     14    1   -0.0030507796194437472
   7    7     14    2   1.0266028021077875
   7    7     14    3   -0.29697128036943471
   7    7     14    4   -0.46983388276138477
   7    7     14    5   1.4420403805661011
   7    7     14    6   -0.78642661144588533
   7    7     14    7   -0.32989746945978998
   7    7     14    8   4.5838017367776516
   7    7     14    9   -0.57911903269205078
   7    7     14   10   -0.96023745026718133
   7    7     14   11   -1.8396400162101021
   7    7     14   12   -3.3234605729954017
   7    7     14   13   -0.083047556341147674
   7    7     14   14   0.068081063992764465
   7    7     14   15   -1.2961714922121068
   7    7     14   16   -1.3767975551721472
   7    7     15    0   -0.00030671879613448032
   7    7     15    1   -0.008750930261035187
   7    7     15    2   -0.27176986400876846
   7    7     15    3   -1.593347754816538
   7    7     15    4   -2.1604340454665576
   7    7     15    5   1.1350443352615809
   7    7     15    6   -1.0339201275980079
   7    7     15    7   -0.22103454146679347
   7    7     15    8   5.1067736016922467
   7    7     15    9   -0.62243288078780812
   7    7     15   10   -0.83381432654916998
   7    7     15   11   -3.4250310502039896
   7    7     15   12   -0.51223836839018366
   7    7     15   13   -0.60221944639324432
   7    7     15   14   -1.2961714922121066
   7    7     15   15   -1.9084695394291236
   7    7     15   16   -4.0758508216477045
   7    7     16    0   -0.00037583532866433553
   7    7     16    1   -0.00021345772502987239
   7    7     16    2   -1.2482441388198304
   7    7     16    3   1.8882543398438496
   7    7     16    4   0.33256531446525911
   7    7     16    5   -3.0717531728929757
   7    7     16    6   -4.5889773272686503
   7    7     16    7   -2.2365778920537318
   7    7     16    8   -3.0601430587688547
   7    7     16    9   -0.63317033804178824
   7    7     16   10   0.87029097374972542
   7    7     16   11   -0.56646925685449312
   7    7     16   12   -0.44016886531829769
   7    7     16   13   2.4792574786191706
   7    7     16   14   -1.3767975551721472
   7    7     16   15   -4.0758508216477045
   7    7     16   16   1.1144678576771971
   8    8      0    0   -14.983473889335889
   8    8      0    1   2.5146464591161308
   8    8      0    2   -3.7691505493391788
   8    8      0    3   -2.5181039086405361
   8    8      0    4   3.8279487948382127
   8    8      0    5   4.9190236301229106e-06
   8    8      0    6   -4.5708211992652702e-06
   8    8      0    7   6.3721399261807915e-07
   8    8      0    8   3.3829776753704039e-07
   8    8      0    9   -6.3120014203534835e-07
   8    8      0   10   4.6267966983916604e-06
   8    8      0   11   -6.3417281959668143e-07
   8    8      0   12   -3.6179185769482359e-07
   8    8      0   13   6.6945749672158979e-07
   8    8      0   14   -1.0189971926658999e-06
   8    8      0   15   1.5015649963912127e-07
   8    8      0   16   -1.1935117620989978e-06
   8    8      0   17   -1.7124606696470345e-07
   8    8      0   18   1.2100199021244025e-06
   8    8      0   19   -2.5637740495692507e-07
   8    8      0   20   3.709363865942117e-07
   8    8      0   21   -3.8054368374542744e-07
   8    8      0   22   -4.1063047531901727e-07
   8    8      0   23   -4.7551175067995448e-07
   8    8      0   24   4.7610686574100227e-07
   8    8      0   25   -6.3550396240143461e-07
   8    8      0   27   -1.502043369741031e-07
   8    8      0   28   1.4967689196857699e-07
   8    8      0   30   1.218856155282992e-07
   8    8      0   31   -1.1526755258823065e-07
   8    8      0   35   -5.5327577398156842e-07
   8    8      1    0   2.5146464591161308
   8    8      1    1   -1.7553404183326731
   8    8      1    2   1.2330486117302724
   8    8      1    3   2.1110658690690798
   8    8      1    4   0.36501531013585797
   8    8      1    5   -3.3725037047412552
   8    8      1    6   -2.3740584039549155
   8    8      1    7   -3.528417824917363
   8    8      1    8   -2.5545020449862355
   8    8      1    9   -0.76321941809199723
   8    8      1   10   1.5139199305292999
   8    8      1   11   -0.4440994892518989
   8    8      1   12   1.3923580778221156
   8    8      1   13   0.22379763746761352
   8    8      1   14   4.0022164311220969
   8    8      1   15   -1.1059041312139515
   8    8      1   16   3.1651399282866484
   8    8      1   17   0.61677853951353789
   8    8      1   18   -1.7306007207830136
   8    8      1   19   1.1000670357428781
   8    8      1   20   1.3200836660125934
   8    8      1   21   -0.10032009178276313
   8    8      1   22   -0.94227556228298404
   8    8      1   23   -2.2540834677399557
   8    8      1   24   2.5643166975586
   8    8      1   25   -1.1991668047876167
   8    8      1   26   -0.050117580882582474
   8    8      1   27   0.040075719719170705
   8    8      1   28   -0.31485610422969729
   8    8      1   29   -0.2462834850361113
   8    8      1   30   0.28963097307653962
   8    8      1   31   -0.7041216004778712
   8    8      1   32   -0.35626778143656507
   8    8      1   33   -0.73129291735939417
   8    8      1   34   0.52200592925040146
   8    8      1   35   1.2991381869640086
   8    8      2    0   -3.7691505493391788
   8    8      2    1   1.2330486117302724
   8    8      2    2   -3.8474385595067138
   8    8      2    3   0.37470306876032544
   8    8      2    4   4.1238552323604738
   8    8      2    5   -2.7243134986282
   8    8      2    6   0.64722954457784865
   8    8      2    7   -0.11139731461357277
   8    8      2    8   -1.9729903038495777
   8    8      2    9   0.52749915082532739
   8    8      2   10   -1.7099079269861326
   8    8      2   11   -1.0203725509225738
   8    8      2   12   -0.32241409106882141
   8    8      2   13   0.2373806116255899
   8    8      2   14   1.1649911066537326
   8    8      2   15   -1.6016226205475212
   8    8      2   16   2.2067656537354354
   8    8      2   17   -1.0097420851853951
   8    8      2   18   -1.5565173780270831
   8    8      2   19   0.98440691294432325
   8    8      2   20   -0.71145498836799737
   8    8      2   21   2.0825760726255647
   8    8      2   22   -0.12333650804060299
   8    8      2   23   -0.5141865726687801
   8    8      2   24   0.9902832373612136
   8    8      2   25   -0.97396551177965418
   8    8      2   26   -0.079484757372321982
   8    8      2   27   0.37099066771353795
   8    8      2   28   -0.88891257657488709
   8    8      2   29   -0.45068998777606506
   8    8      2   30   -0.55127329785249979
   8    8      2   31   -0.06363655679438586
   8    8      2   32   0.0036833208435907909
   8    8      2   33   -0.82371479688033478
   8    8      2   34   0.056576166187247763
   8    8      2   35   1.5440968128439396
   8    8      3    0   -2.518103908640537
   8    8      3    1   2.1110658690690793
   8    8      3    2   0.37470306876032544
   8    8      3    3   -1.7436806584228641
   8    8      3    4   1.2449551860845576
   8    8      3    5   3.3632660506004477
   8    8      3    6   1.5144770922327273
   8    8      3    7   -0.4473717024625255
   8    8      3    8   1.3571742038680388
   8    8      3    9   0.21041678109802503
   8    8      3   10   -2.3668699671105067
   8    8      3   11   -3.5499333679665757
   8    8      3   12   -2.5786479819808017
   8    8      3   13   -0.82109002481282389
   8    8      3   14   -3.9623743776000286
   8    8      3   15   0.62104766977046733
   8    8      3   16   -1.6541934299431769
   8    8      3   17   -1.1036322760010506
   8    8      3   18   3.2618896520764635
   8    8      3   19   -1.0993739166114616
   8    8      3   20   -0.11363300870123527
   8    8      3   21   1.2889384588355777
   8    8      3   22   0.93665955108151666
   8    8      3   23   2.5608684925103202
   8    8      3   24   -2.2296411084315437
   8    8      3   25   1.1983696561820816
   8    8      3   26   0.050883664004941216
   8    8      3   27   -0.31846237839829522
   8    8      3   28   0.039852676806393206
   8    8      3   29   0.24641971692539477
   8    8      3   30   -0.68749398194785682
   8    8      3   31   0.27924048207031882
   8    8      3   32   0.344634202028125
   8    8      3   33   0.55231176776190183
   8    8      3   34   -0.71109676122792176
   8    8      3   35   -1.2774535859950844
   8    8      4    0   3.8279487948382136
   8    8      4    1   0.36501531013585786
   8    8      4    2   4.1238552323604747
   8    8      4    3   1.2449551860845576
   8    8      4    4   -3.879834007405075
   8    8      4    5   2.7104813990654062
   8    8      4    6   -1.6465358717542613
   8    8      4    7   -1.0074185433917826
   8    8      4    8   -0.32923411984282208
   8    8      4    9   0.26060785600932113
   8    8      4   10   0.60636979984655026
   8    8      4   11   -0.11733021224532686
   8    8      4   12   -1.9875329989495041
   8    8      4   13   0.51322934373097739
   8    8      4   14   -1.1430787001760692
   8    8      4   15   -1.0061296206904955
   8    8      4   16   -1.5330000403962372
   8    8      4   17   -1.6081099811188542
   8    8      4   18   2.282501835028647
   8    8      4   19   -0.97539849596160033
   8    8      4   20   2.0667712154745681
   8    8      4   21   -0.69755669875950432
   8    8      4   22   0.12797592147180242
   8    8      4   23   0.99515943960291631
   8    8      4   24   -0.52089079239739255
   8    8      4   25   0.99751895378168109
   8    8      4   26   0.0802079452445838
   8    8      4   27   -0.88430094429056871
   8    8      4   28   0.36673692372140765
   8    8      4   29   0.44671188216794977
   8    8      4   30   -0.066293734231935769
   8    8      4   31   -0.5584644423421643
   8    8      4   32   -0.017822296404216603
   8    8      4   33   0.086397624700279618
   8    8      4   34   -0.84687824995110339
   8    8      4   35   -1.554323389193611
   8    8      5    0   4.9190236301229106e-06
   8    8      5    1   -3.372503704741256
   8    8      5    2   -2.7243134986282005
   8    8      5    3   3.3632660506004477
   8    8      5    4   2.7104813990654062
   8    8      5    5   -4.9812471313187672
   8    8      5    6   3.3441708032377817
   8    8      5    7   0.0021988228181480281
   8    8      5    8   -0.0090131163727346884
   8    8      5    9   0.0075471951862423857
   8    8      5   10   -3.3682261606457202
   8    8      5   11   -0.0022345984468747247
   8    8      5   12   0.0090279280608677216
   8    8      5   13   -0.0078102196384253961
   8    8      5   14   0.51996092891303536
   8    8      5   15   -0.011209759069377474
   8    8      5   16   -0.0014263645941404786
   8    8      5   17   0.011356839456241108
   8    8      5   18   0.001336857141062715
   8    8      5   19   -0.0061294241400047609
   8    8      5   20   0.0085546557351954631
   8    8      5   21   -0.0085790872637277575
   8    8      5   22   0.0015999976391797963
   8    8      5   23   -0.0027700406955641454
   8    8      5   24   0.0027315564004799751
   8    8      5   25   -0.014530424431543147
   8    8      5   26   0.00035308320879810323
   8    8      5   27   -0.0030587679488051685
   8    8      5   28   0.0030400759914288359
   8    8      5   29   0.00071691831929480802
   8    8      5   30   -0.00039588863784639387
   8    8      5   31   0.00040439749394172739
   8    8      5   32   -0.0022433282950006517
   8    8      5   33   0.0019118284638878038
   8    8      5   34   -0.0019885046954171864
   8    8      5   35   0.00088848252142665046
   8    8      6    0   -4.5708211994873148e-06
   8    8      6    1   -2.3740584039549155
   8    8      6    2   0.64722954457784887
   8    8      6    3   1.5144770922327275
   8    8      6    4   -1.6465358717542613
   8    8      6    5   3.3441708032377813
   8    8      6    6   -4.3175708015123897
   8    8      6    7   0.0017947145957030563
   8    8      6    8   -0.0026967013984610338
   8    8      6    9   0.0023530626010588225
   8    8      6   10   3.5996799457992199
   8    8      6   11   0.00034560260173846719
   8    8      6   12   0.0020091297145642486
   8    8      6   13   -0.0051083423963693645
   8    8      6   14   1.4396542610878678
   8    8      6   15   -0.0046222185419546591
   8    8      6   16   -0.0015784844989643184
   8    8      6   17   0.0013850843066438262
   8    8      6   18   0.00031764507056269395
   8    8      6   19   -0.0019301148642072378
   8    8      6   20   -0.0057249700296906217
   8    8      6   21   -0.0052531749102104836
   8    8      6   22   -0.0026452721064804791
   8    8      6   23   0.0045820224072721447
   8    8      6   24   0.0022762821945338826
   8    8      6   25   0.00010662387499133763
   8    8      6   26   -0.00064706889671964189
   8    8      6   27   -0.0022787243640222674
   8    8      6   28   -0.00082270999980592276
   8    8      6   29   -0.00031664810446654885
   8    8      6   30   0.00093751717510737013
   8    8      6   31   0.00090864268193095071
   8    8      6   32   -0.00070482597693213985
   8    8      6   33   0.00011657920657711537
   8    8      6   34   -0.0016593168186450488
   8    8      6   35   6.7593126488348737e-06
   8    8      7    0   6.3721399284012375e-07
   8    8      7    1   -3.528417824917363
   8    8      7    2   -0.11139731461357283
   8    8      7    3   -0.44737170246252572
   8    8      7    4   -1.0074185433917822
   8    8      7    5   0.0021988228181484722
   8    8      7    6   0.0017947145957030563
   8    8      7    7   -0.86542211611961373
   8    8      7    8   1.2635709819048973
   8    8      7    9   -0.21013145371884073
   8    8      7   10   -0.0014869519657151253
   8    8      7   11   1.1583320142874489
   8    8      7   12   -0.040898858435073515
   8    8      7   13   -0.31235399936241187
   8    8      7   14   0.0086486007557377599
   8    8      7   15   0.89393828482012183
   8    8      7   16   -1.3300478743303359
   8    8      7   17   -0.037097171209956696
   8    8      7   18   0.69334784699109819
   8    8      7   19   -2.3495514307371206
   8    8      7   20   -1.643515848613087
   8    8      7   21   0.21144187583717519
   8    8      7   22   3.2565748423075696
   8    8      7   23   1.7310465953377991
   8    8      7   24   -6.9018592185748373
   8    8      7   25   -0.21246539930112449
   8    8      7   26   0.71303581492805501
   8    8      7   27   0.56455998233840965
   8    8      7   28   0.26584369149640996
   8    8      7   29   -0.61037616331232947
   8    8      7   30   -1.1426666321971646
   8    8      7   31   1.6559696214034472
   8    8      7   32   -0.033814052091889334
   8    8      7   33   0.67246954111014823
   8    8      7   34   -0.56659733822195124
   8    8      7   35   -0.5067959938711003
   8    8      8    0   3.3829776753704039e-07
   8    8      8    1   -2.5545020449862355
   8    8      8    2   -1.9729903038495782
   8    8      8    3   1.357174203868039
   8    8      8    4   -0.32923411984282186
   8    8      8    5   -0.0090131163727346884
   8    8      8    6   -0.0026967013984609228
   8    8      8    7   1.2635709819048975
   8    8      8    8   -0.21857299248007964
   8    8      8    9   2.1426854296057853
   8    8      8   10   0.0096967117294984393
   8    8      8   11   -0.016591967787241948
   8    8      8   12   0.11899244650214687
   8    8      8   13   -1.3772795272377611
   8    8      8   14   -0.019816311174037381
   8    8      8   15   -1.4310098892352152
   8    8      8   16   0.69783684937067647
   8    8      8   17   1.8769831378224824
   8    8      8   18   -0.4321261468667722
   8    8      8   19   -4.1029570484402331
   8    8      8   20   0.12281977502843464
   8    8      8   21   -1.1316989288287955
   8    8      8   22   0.10200392737215865
   8    8      8   23   1.9636899715540819
   8    8      8   24   -1.6811450414739684
   8    8      8   25   -3.6206437344098585
   8    8      8   26   0.59616061181129021
   8    8      8   27   -0.21145187474093799
   8    8      8   28   1.1371064509645834
   8    8      8   29   -0.317484866055398
   8    8      8   30   -0.73495534790743422
   8    8      8   31   1.0978736756015686
   8    8      8   32   0.55991164540633465
   8    8      8   33   0.45955426719841386
   8    8      8   34   -0.29749172630647064
   8    8      8   35   0.35751388587587363
   8    8      9    0   -6.3120014203534835e-07
   8    8      9    1   -0.76321941809199723
   8    8      9    2   0.52749915082532783
   8    8      9    3   0.21041678109802481
   8    8      9    4   0.26060785600932113
   8    8      9    5   0.0075471951862421637
   8    8      9    6   0.0023530626010592665
   8    8      9    7   -0.21013145371884073
   8    8      9    8   2.1426854296057853
   8    8      9    9   -2.2255463604647088
   8    8      9   10   -0.01431096901404807
   8    8      9   11   -0.32221370462997578
   8    8      9   12   -1.3990438713561693
   8    8      9   13   1.2876601763292135
   8    8      9   14   0.026436854383535976
   8    8      9   15   2.3125899978828315
   8    8      9   16   1.8590787106515378
   8    8      9   17   -1.7944918915188555
   8    8      9   18   -2.1509417340674095
   8    8      9   19   -0.19139195547920873
   8    8      9   20   -4.0306450343934399
   8    8      9   21   -0.22659425128588626
   8    8      9   22   -2.3571762676138825
   8    8      9   23   1.0940837778896937
   8    8      9   24   -1.0108928711774772
   8    8      9   25   2.6096438602411336
   8    8      9   26   -0.42737758730792424
   8    8      9   27   0.18574504663696609
   8    8      9   28   -0.54693327166029193
   8    8      9   29   0.51580967275935274
   8    8      9   30   -0.17734187148931391
   8    8      9   31   -0.0047479217609400328
   8    8      9   32   0.42013935666065716
   8    8      9   33   0.05223138137339773
   8    8      9   34   -0.040984600747278589
   8    8      9   35   0.49735014491206003
   8    8     10    0   4.6267966982806381e-06
   8    8     10    1   1.5139199305292999
   8    8     10    2   -1.709907926986133
   8    8     10    3   -2.3668699671105067
   8    8     10    4   0.60636979984655048
   8    8     10    5   -3.3682261606457202
   8    8     10    6   3.5996799457992199
   8    8     10    7   -0.0014869519657152363
   8    8     10    8   0.0096967117294983283
   8    8     10    9   -0.01431096901404807
   8    8     10   10   -4.257168251364587
   8    8     10   11   0.003569236146031691
   8    8     10   12   -0.01032702764812941
   8    8     10   13   0.011034979931641702
   8    8     10   14   -1.441056768731767
   8    8     10   15   0.011230428012093369
   8    8     10   16   0.0014477391615217671
   8    8     10   17   -0.014464125733450375
   8    8     10   18   -0.0023200520673026699
   8    8     10   19   0.0064946181007403082
   8    8     10   20   -0.013373830575075126
   8    8     10   21   0.0031543502800122792
   8    8     10   22   -0.00029915310203318537
   8    8     10   23   0.0051708984855686705
   8    8     10   24   0.0013615081132333402
   8    8     10   25   0.013540622369328832
   8    8     10   26   -0.0002601764636190579
   8    8     10   27   0.0020229090942160311
   8    8     10   28   -0.0049404112407667742
   8    8     10   29   -0.00066743628317449068
   8    8     10   30   0.0012528498310793565
   8    8     10   31   0.00049166772151021279
   8    8     10   32   0.0026891684644829387
   8    8     10   33   -0.0030869047076268127
   8    8     10   34   0.0017774290182864965
   8    8     10   35   -0.00087038050188050495
   8    8     11    0   -6.3417281959668143e-07
   8    8     11    1   -0.44409948925189913
   8    8     11    2   -1.0203725509225738
   8    8     11    3   -3.5499333679665757
   8    8     11    4   -0.1173302122453268
   8    8     11    5   -0.0022345984468747247
   8    8     11    6   0.00034560260173868923
   8    8     11    7   1.1583320142874494
   8    8     11    8   -0.016591967787241976
   8    8     11    9   -0.32221370462997578
   8    8     11   10   0.003569236146031691
   8    8     11   11   -0.8124657274400463
   8    8     11   12   1.3035097397691717
   8    8     11   13   -0.20697876325076126
   8    8     11   14   -0.0090922236297958075
   8    8     11   15   -0.051072150572901723
   8    8     11   16   0.66869756066995045
   8    8     11   17   0.90351424615934262
   8    8     11   18   -1.3720443807970841
   8    8     11   19   2.3553932793578869
   8    8     11   20   0.20779332259294375
   8    8     11   21   -1.6295927089836972
   8    8     11   22   -3.2550440705214263
   8    8     11   23   -6.9128254488430194
   8    8     11   24   1.7191785805464428
   8    8     11   25   0.20514679863761254
   8    8     11   26   -0.71341814828136918
   8    8     11   27   0.26738297765428121
   8    8     11   28   0.55706443403737504
   8    8     11   29   0.60845151924823304
   8    8     11   30   1.6498047781568488
   8    8     11   31   -1.1197675722018845
   8    8     11   32   0.047962575222938349
   8    8     11   33   -0.58437875114060978
   8    8     11   34   0.67221537111544649
   8    8     11   35   0.48955495353834888
   8    8     12    0   -3.6179185769482359e-07
   8    8     12    1   1.3923580778221156
   8    8     12    2   -0.32241409106882141
   8    8     12    3   -2.5786479819808021
   8    8     12    4   -1.9875329989495041
   8    8     12    5   0.0090279280608676661
   8    8     12    6   0.0020091297145643596
   8    8     12    7   -0.040898858435073515
   8    8     12    8   0.11899244650214687
   8    8     12    9   -1.3990438713561693
   8    8     12   10   -0.010327027648129632
   8    8     12   11   1.3035097397691722
   8    8     12   12   -0.20082523832388569
   8    8     12   13   2.1806627183588509
   8    8     12   14   0.01971515769614408
   8    8     12   15   1.8699863622840267
   8    8     12   16   -0.44430219468440646
   8    8     12   17   -1.470810586064359
   8    8     12   18   0.71757457605643271
   8    8     12   19   4.1661194492915214
   8    8     12   20   -1.0995819732863974
   8    8     12   21   0.081639626365500068
   8    8     12   22   -0.091452328273375308
   8    8     12   23   -1.6966207199357948
   8    8     12   24   1.9855351446945959
   8    8     12   25   3.6459846430362997
   8    8     12   26   -0.60500457515319561
   8    8     12   27   1.1063683283694647
   8    8     12   28   -0.18635198879030282
   8    8     12   29   0.32393348127857596
   8    8     12   30   1.0979507876634031
   8    8     12   31   -0.74865478768882177
   8    8     12   32   -0.56692424893298821
   8    8     12   33   -0.30995829056612273
   8    8     12   34   0.4970607520461392
   8    8     12   35   -0.36770193965145631
   8    8     13    0   6.6945749672158979e-07
   8    8     13    1   0.22379763746761375
   8    8     13    2   0.23738061162558968
   8    8     13    3   -0.82109002481282434
   8    8     13    4   0.51322934373097739
   8    8     13    5   -0.0078102196384258402
   8    8     13    6   -0.0051083423963691425
   8    8     13    7   -0.31235399936241187
   8    8     13    8   -1.3772795272377611
   8    8     13    9   1.2876601763292135
   8    8     13   10   0.011034979931642146
   8    8     13   11   -0.20697876325076114
   8    8     13   12   2.1806627183588509
   8    8     13   13   -2.2353990318852492
   8    8     13   14   -0.026496366895487029
   8    8     13   15   -1.7455868275324831
   8    8     13   16   -2.1367731301830317
   8    8     13   17   2.3346082342560455
   8    8     13   18   1.9113601870246739
   8    8     13   19   0.21605591185743803
   8    8     13   20   -0.2486885267229233
   8    8     13   21   -4.0238820448657417
   8    8     13   22   2.3698415407279194
   8    8     13   23   -0.9960961642321563
   8    8     13   24   1.0883115136824311
   8    8     13   25   -2.6154233134828657
   8    8     13   26   0.4203440957218369
   8    8     13   27   -0.52998969052100164
   8    8     13   28   0.17278509437554285
   8    8     13   29   -0.5227258307724536
   8    8     13   30   -0.014672322961845627
   8    8     13   31   -0.16798744780383867
   8    8     13   32   -0.43463429600167058
   8    8     13   33   -0.047517008925747679
   8    8     13   34   0.033414270256424627
   8    8     13   35   -0.51742072369359116
   8    8     14    0   -1.0189971926658999e-06
   8    8     14    1   4.002216431122096
   8    8     14    2   1.1649911066537326
   8    8     14    3   -3.9623743776000295
   8    8     14    4   -1.1430787001760692
   8    8     14    5   0.51996092891303514
   8    8     14    6   1.4396542610878678
   8    8     14    7   0.0086486007557377599
   8    8     14    8   -0.019816311174037492
   8    8     14    9   0.026436854383535976
   8    8     14   10   -1.4410567687317675
   8    8     14   11   -0.0090922236297958075
   8    8     14   12   0.019715157696143969
   8    8     14   13   -0.026496366895486585
   8    8     14   14   -5.6683320967385624
   8    8     14   15   -0.027811873495489105
   8    8     14   16   -0.0025065849182342023
   8    8     14   17   0.028467904440204854
   8    8     14   18   0.0032851252086066947
   8    8     14   19   -0.012779127385069016
   8    8     14   20   0.024233607201820467
   8    8     14   21   -0.023881692757511931
   8    8     14   22   -0.0056850382439850517
   8    8     14   23   -0.023844950988576342
   8    8     14   24   0.022572666890245563
   8    8     14   25   -0.032834033190627991
   8    8     14   26   0.0010527485077515446
   8    8     14   27   -0.0077044808465247866
   8    8     14   28   0.0077655879328756908
   8    8     14   29   0.00094353987697428515
   8    8     14   30   -0.00022583311268043894
   8    8     14   31   2.2184780004771919e-05
   8    8     14   32   -0.0064287917333367721
   8    8     14   33   0.0055147768870913196
   8    8     14   34   -0.0056589690881434116
   8    8     14   35   0.0033627274377389217
   8    8     15    0   1.5015649986116587e-07
   8    8     15    1   -1.1059041312139515
   8    8     15    2   -1.6016226205475212
   8    8     15    3   0.62104766977046733
   8    8     15    4   -1.0061296206904955
   8    8     15    5   -0.011209759069377474
   8    8     15    6   -0.0046222185419546036
   8    8     15    7   0.89393828482012205
   8    8     15    8   -1.4310098892352152
   8    8     15    9   2.312589997882831
   8    8     15   10   0.011230428012093369
   8    8     15   11   -0.051072150572901723
   8    8     15   12   1.8699863622840265
   8    8     15   13   -1.7455868275324833
   8    8     15   14   -0.027811873495489105
   8    8     15   15   -0.42292799773245021
   8    8     15   16   -0.91171053055916695
   8    8     15   17   0.73022777415681361
   8    8     15   18   0.3668152942143964
   8    8     15   19   0.46375504488034142
   8    8     15   20   0.25142552454639355
   8    8     15   21   -5.0809884487854129
   8    8     15   22   1.104367108145214
   8    8     15   23   -1.6138573893681554
   8    8     15   24   1.4044850147538874
   8    8     15   25   -3.9972198374200789
   8    8     15   26   0.17680398476665882
   8    8     15   27   -0.62063454768458637
   8    8     15   28   1.4044239706884087
   8    8     15   29   0.27535622682020822
   8    8     15   30   0.18154069247341409
   8    8     15   31   0.45438196854306773
   8    8     15   32   -0.20083956932031879
   8    8     15   33   0.25659420674992933
   8    8     15   34   -0.033229426477154086
   8    8     15   35   -0.67171496554673882
   8    8     16    0   -1.1935117620989978e-06
   8    8     16    1   3.1651399282866484
   8    8     16    2   2.2067656537354354
   8    8     16    3   -1.6541934299431769
   8    8     16    4   -1.5330000403962369
   8    8     16    5   -0.0014263645941404786
   8    8     16    6   -0.0015784844989641519
   8    8     16    7   -1.3300478743303357
   8    8     16    8   0.69783684937067658
   8    8     16    9   1.8590787106515381
   8    8     16   10   0.001447739161521656
   8    8     16   11   0.66869756066995023
   8    8     16   12   -0.44430219468440646
   8    8     16   13   -2.1367731301830317
   8    8     16   14   -0.0025065849182342023
   8    8     16   15   -0.91171053055916684
   8    8     16   16   -0.84819577635013943
   8    8     16   17   0.37875588518879172
   8    8     16   18   -0.40491072141734902
   8    8     16   19   -0.18992860696572267
   8    8     16   20   0.39394481718052021
   8    8     16   21   0.38546958089732519
   8    8     16   22   -5.2152029059385443
   8    8     16   23   -4.8960611366134996
   8    8     16   24   4.2964681309875825
   8    8     16   25   1.825468939793512
   8    8     16   26   -0.23286242980483648
   8    8     16   27   -0.40003299921556107
   8    8     16   28   -0.23142793177899262
   8    8     16   29   0.59869617410084341
   8    8     16   30   1.511220090530156
   8    8     16   31   -1.4179972587275087
   8    8     16   32   0.011441909948782187
   8    8     16   33   0.58329792802293279
   8    8     16   34   -0.47485816248047275
   8    8     16   35   0.44772102860859148
   8    8     17    0   -1.7124606740879266e-07
   8    8     17    1   0.61677853951353789
   8    8     17    2   -1.0097420851853953
   8    8     17    3   -1.1036322760010506
   8    8     17    4   -1.6081099811188542
   8    8     17    5   0.01135683945624133
   8    8     17    6   0.0013850843066440482
   8    8     17    7   -0.037097171209956696
   8    8     17    8   1.8769831378224824
   8    8     17    9   -1.7944918915188555
   8    8     17   10   -0.01446412573345043
   8    8     17   11   0.90351424615934262
   8    8     17   12   -1.470810586064359
   8    8     17   13   2.3346082342560455
   8    8     17   14   0.028467904440204854
   8    8     17   15   0.73022777415681384
   8    8     17   16   0.37875588518879177
   8    8     17   17   -0.42065206922706044
   8    8     17   18   -0.95869317479303662
   8    8     17   19   -0.48922129218744337
   8    8     17   20   -5.1576029665100585
   8    8     17   21   0.21075843120800794
   8    8     17   22   -1.1603954017318745
   8    8     17   23   1.463225473912295
   8    8     17   24   -1.621366368596455
   8    8     17   25   4.1292024961675216
   8    8     17   26   -0.16707015573476403
   8    8     17   27   1.376906620969705
   8    8     17   28   -0.59547759481884965
   8    8     17   29   -0.26079429183227448
   8    8     17   30   0.46015071307444882
   8    8     17   31   0.16321738702379471
   8    8     17   32   0.23852401584719865
   8    8     17   33   -0.062185384899715763
   8    8     17   34   0.28075554759446275
   8    8     17   35   0.68575601805966069
   8    8     18    0   1.2100199012362241e-06
   8    8     18    1   -1.7306007207830136
   8    8     18    2   -1.5565173780270831
   8    8     18    3   3.2618896520764635
   8    8     18    4   2.2825018350286475
   8    8     18    5   0.001336857141062826
   8    8     18    6   0.00031764507056258293
   8    8     18    7   0.69334784699109808
   8    8     18    8   -0.4321261468667722
   8    8     18    9   -2.1509417340674095
   8    8     18   10   -0.0023200520673025589
   8    8     18   11   -1.3720443807970841
   8    8     18   12   0.71757457605643271
   8    8     18   13   1.9113601870246739
   8    8     18   14   0.0032851252086069167
   8    8     18   15   0.36681529421439629
   8    8     18   16   -0.40491072141734891
   8    8     18   17   -0.95869317479303662
   8    8     18   18   -0.81965573147202231
   8    8     18   19   0.20185127066850791
   8    8     18   20   0.38731331824211296
   8    8     18   21   0.38955938713601562
   8    8     18   22   5.2932954389327698
   8    8     18   23   4.4079128462770703
   8    8     18   24   -4.9557922834716939
   8    8     18   25   -1.875378019059275
   8    8     18   26   0.22813365189389548
   8    8     18   27   -0.22232488675599191
   8    8     18   28   -0.404942985706229
   8    8     18   29   -0.6112644936209175
   8    8     18   30   -1.3973299450611465
   8    8     18   31   1.5116490650271548
   8    8     18   32   -0.027884491322792682
   8    8     18   33   -0.49296985288246103
   8    8     18   34   0.59264881775814582
   8    8     18   35   -0.46526075717743715
   8    8     19    0   -2.5637740495692507e-07
   8    8     19    1   1.1000670357428781
   8    8     19    2   0.98440691294432325
   8    8     19    3   -1.0993739166114616
   8    8     19    4   -0.97539849596160033
   8    8     19    5   -0.0061294241400047609
   8    8     19    6   -0.0019301148642072378
   8    8     19    7   -2.3495514307371206
   8    8     19    8   -4.1029570484402331
   8    8     19    9   -0.19139195547920873
   8    8     19   10   0.0064946181007403082
   8    8     19   11   2.3553932793578869
   8    8     19   12   4.1661194492915214
   8    8     19   13   0.21605591185743803
   8    8     19   14   -0.012779127385069016
   8    8     19   15   0.46375504488034142
   8    8     19   16   -0.18992860696572267
   8    8     19   17   -0.48922129218744337
   8    8     19   18   0.20185127066850791
   8    8     19   19   0.81696532087689011
   8    8     19   20   2.5323079098942101
   8    8     19   21   -2.5283597277920524
   8    8     19   22   2.7964140857164077
   8    8     19   23   -0.16891896551484989
   8    8     19   24   0.17081278395753718
   8    8     19   25   -0.019806361498028807
   8    8     19   26   -6.8683920654947608
   8    8     19   27   -1.6395742100304724
   8    8     19   28   1.6404014916905072
   8    8     19   29   -1.5377861731841569
   8    8     19   30   0.89481393434124523
   8    8     19   31   -0.91816775953088092
   8    8     19   32   -1.6607046273153123
   8    8     19   33   -0.29369261068363994
   8    8     19   34   0.30384917198845968
   8    8     19   35   0.041024370544753955
   8    8     20    0   3.709363865942117e-07
   8    8     20    1   1.3200836660125934
   8    8     20    2   -0.71145498836799737
   8    8     20    3   -0.11363300870123527
   8    8     20    4   2.0667712154745681
   8    8     20    5   0.0085546557351954631
   8    8     20    6   -0.0057249700296906217
   8    8     20    7   -1.643515848613087
   8    8     20    8   0.12281977502843464
   8    8     20    9   -4.0306450343934399
   8    8     20   10   -0.013373830575075126
   8    8     20   11   0.20779332259294375
   8    8     20   12   -1.0995819732863974
   8    8     20   13   -0.2486885267229233
   8    8     20   14   0.024233607201820467
   8    8     20   15   0.25142552454639355
   8    8     20   16   0.39394481718052021
   8    8     20   17   -5.1576029665100585
   8    8     20   18   0.38731331824211296
   8    8     20   19   2.5323079098942101
   8    8     20   20   -2.401505642164754
   8    8     20   21   2.5534619217072385
   8    8     20   22   0.12072880924289291
   8    8     20   23   0.60336417405019416
   8    8     20   24   -0.94601722120178178
   8    8     20   25   1.708012499043245
   8    8     20   26   -1.1155137249056424
   8    8     20   27   -4.8228159522195755
   8    8     20   28   -1.5362245715249745
   8    8     20   29   -1.0679514149962384
   8    8     20   30   -0.68202340032868114
   8    8     20   31   0.81052142688922302
   8    8     20   32   -0.40510161476307627
   8    8     20   33   -0.51299847169028856
   8    8     20   34   -0.77635951632188938
   8    8     20   35   -0.40676486834065567
   8    8     21    0   -3.8054368374542744e-07
   8    8     21    1   -0.10032009178276313
   8    8     21    2   2.0825760726255647
   8    8     21    3   1.2889384588355777
   8    8     21    4   -0.69755669875950432
   8    8     21    5   -0.0085790872637277575
   8    8     21    6   -0.0052531749102104836
   8    8     21    7   0.21144187583717519
   8    8     21    8   -1.1316989288287955
   8    8     21    9   -0.22659425128588626
   8    8     21   10   0.0031543502800122792
   8    8     21   11   -1.6295927089836972
   8    8     21   12   0.081639626365500068
   8    8     21   13   -4.0238820448657417
   8    8     21   14   -0.023881692757511931
   8    8     21   15   -5.0809884487854129
   8    8     21   16   0.38546958089732519
   8    8     21   17   0.21075843120800794
   8    8     21   18   0.38955938713601562
   8    8     21   19   -2.5283597277920524
   8    8     21   20   2.5534619217072385
   8    8     21   21   -2.3923052864933352
   8    8     21   22   -0.12019910329740165
   8    8     21   23   -0.94744680011622828
   8    8     21   24   0.60419296917502285
   8    8     21   25   -1.6948143666967397
   8    8     21   26   1.1158976007155981
   8    8     21   27   -1.5327461245267653
   8    8     21   28   -4.8229656998026655
   8    8     21   29   1.0673877414263826
   8    8     21   30   0.82608652485373402
   8    8     21   31   -0.68047105871664093
   8    8     21   32   0.3933221927581334
   8    8     21   33   -0.77916651167481332
   8    8     21   34   -0.57080365270244948
   8    8     21   35   0.41962193746775994
   8    8     22    0   -4.1063047531901727e-07
   8    8     22    1   -0.94227556228298404
   8    8     22    2   -0.12333650804060299
   8    8     22    3   0.93665955108151666
   8    8     22    4   0.12797592147180242
   8    8     22    5   0.0015999976391797963
   8    8     22    6   -0.0026452721064804791
   8    8     22    7   3.2565748423075696
   8    8     22    8   0.10200392737215865
   8    8     22    9   -2.3571762676138825
   8    8     22   10   -0.00029915310203318537
   8    8     22   11   -3.2550440705214263
   8    8     22   12   -0.091452328273375308
   8    8     22   13   2.3698415407279194
   8    8     22   14   -0.0056850382439850517
   8    8     22   15   1.104367108145214
   8    8     22   16   -5.2152029059385443
   8    8     22   17   -1.1603954017318745
   8    8     22   18   5.2932954389327698
   8    8     22   19   2.7964140857164077
   8    8     22   20   0.12072880924289291
   8    8     22   21   -0.12019910329740165
   8    8     22   22   0.72762735788666788
   8    8     22   23   -0.73194785393880912
   8    8     22   24   0.72985460182051121
   8    8     22   25   -0.30631294628569089
   8    8     22   26   -1.8065336692274407
   8    8     22   27   0.98045522144709485
   8    8     22   28   -0.97998537404688979
   8    8     22   29   -7.1412583464744941
   8    8     22   30   -0.43250014416491711
   8    8     22   31   0.46452645500519141
   8    8     22   32   0.047523585685546862
   8    8     22   33   -0.72702832394456351
   8    8     22   34   0.72643585749397865
   8    8     22   35   -1.0466359739107527
   8    8     23    0   -4.7551175023586527e-07
   8    8     23    1   -2.2540834677399557
   8    8     23    2   -0.5141865726687801
   8    8     23    3   2.5608684925103198
   8    8     23    4   0.99515943960291631
   8    8     23    5   -0.0027700406955643675
   8    8     23    6   0.0045820224072725887
   8    8     23    7   1.7310465953377996
   8    8     23    8   1.9636899715540821
   8    8     23    9   1.0940837778896937
   8    8     23   10   0.0051708984855682264
   8    8     23   11   -6.9128254488430194
   8    8     23   12   -1.6966207199357948
   8    8     23   13   -0.9960961642321563
   8    8     23   14   -0.023844950988576342
   8    8     23   15   -1.6138573893681556
   8    8     23   16   -4.8960611366135005
   8    8     23   17   1.463225473912295
   8    8     23   18   4.4079128462770703
   8    8     23   19   -0.16891896551484989
   8    8     23   20   0.60336417405019416
   8    8     23   21   -0.94744680011622828
   8    8     23   22   -0.73194785393880912
   8    8     23   23   -1.7210042309838152
   8    8     23   24   1.449407834292421
   8    8     23   25   -0.082199773664330039
   8    8     23   26   -0.092445845380199343
   8    8     23   27   0.10949632134994997
   8    8     23   28   0.088081436378310868
   8    8     23   29   -0.067160402414680062
   8    8     23   30   -3.8526840390386203
   8    8     23   31   -0.88119679670229367
   8    8     23   32   0.83041734052620153
   8    8     23   33   0.34536853680773644
   8    8     23   34   -0.42593242443133589
   8    8     23   35   -1.8109381542811895
   8    8     24    0   4.7610686529691306e-07
   8    8     24    1   2.5643166975585996
   8    8     24    2   0.9902832373612136
   8    8     24    3   -2.2296411084315433
   8    8     24    4   -0.52089079239739244
   8    8     24    5   0.0027315564004797531
   8    8     24    6   0.0022762821945336606
   8    8     24    7   -6.9018592185748364
   8    8     24    8   -1.6811450414739681
   8    8     24    9   -1.0108928711774772
   8    8     24   10   0.0013615081132333402
   8    8     24   11   1.7191785805464428
   8    8     24   12   1.9855351446945964
   8    8     24   13   1.0883115136824308
   8    8     24   14   0.022572666890245563
   8    8     24   15   1.4044850147538874
   8    8     24   16   4.2964681309875825
   8    8     24   17   -1.6213663685964546
   8    8     24   18   -4.9557922834716939
   8    8     24   19   0.17081278395753718
   8    8     24   20   -0.94601722120178178
   8    8     24   21   0.60419296917502285
   8    8     24   22   0.72985460182051121
   8    8     24   23   1.449407834292421
   8    8     24   24   -1.7111864907451653
   8    8     24   25   0.081191351258249056
   8    8     24   26   0.092114442691761916
   8    8     24   27   0.088058551492546433
   8    8     24   28   0.10816589773800421
   8    8     24   29   0.066280316693706223
   8    8     24   30   -0.89929798541352812
   8    8     24   31   -3.905164055380419
   8    8     24   32   -0.82401719753880931
   8    8     24   33   -0.4106487996833586
   8    8     24   34   0.35187105881083197
   8    8     24   35   1.7946955654198942
   8    8     25    0   -6.3550396173530079e-07
   8    8     25    1   -1.1991668047876167
   8    8     25    2   -0.97396551177965418
   8    8     25    3   1.1983696561820816
   8    8     25    4   0.99751895378168132
   8    8     25    5   -0.014530424431543369
   8    8     25    6   0.00010662387499133763
   8    8     25    7   -0.21246539930112443
   8    8     25    8   -3.6206437344098594
   8    8     25    9   2.6096438602411336
   8    8     25   10   0.013540622369328832
   8    8     25   11   0.20514679863761254
   8    8     25   12   3.6459846430363001
   8    8     25   13   -2.6154233134828648
   8    8     25   14   -0.032834033190628102
   8    8     25   15   -3.9972198374200794
   8    8     25   16   1.825468939793512
   8    8     25   17   4.1292024961675216
   8    8     25   18   -1.8753780190592746
   8    8     25   19   -0.019806361498028807
   8    8     25   20   1.708012499043245
   8    8     25   21   -1.6948143666967397
   8    8     25   22   -0.30631294628569089
   8    8     25   23   -0.082199773664330039
   8    8     25   24   0.081191351258249056
   8    8     25   25   -2.3609899568907773
   8    8     25   26   0.37440883437711414
   8    8     25   27   -1.7387262877859055
   8    8     25   28   1.7393862241536449
   8    8     25   29   0.55805582240970608
   8    8     25   30   -0.26859603059540854
   8    8     25   31   0.26459693964897824
   8    8     25   32   -2.5486152589858362
   8    8     25   33   1.6440903593569771
   8    8     25   34   -1.6822226171781527
   8    8     25   35   1.8488703451582165
   8    8     26    1   -0.050117580882582474
   8    8     26    2   -0.079484757372321982
   8    8     26    3   0.050883664004941216
   8    8     26    4   0.0802079452445838
   8    8     26    5   0.00035308320879810323
   8    8     26    6   -0.00064706889671964189
   8    8     26    7   0.71303581492805501
   8    8     26    8   0.59616061181129021
   8    8     26    9   -0.42737758730792424
   8    8     26   10   -0.0002601764636190579
   8    8     26   11   -0.71341814828136918
   8    8     26   12   -0.60500457515319561
   8    8     26   13   0.4203440957218369
   8    8     26   14   0.0010527485077515446
   8    8     26   15   0.17680398476665882
   8    8     26   16   -0.23286242980483648
   8    8     26   17   -0.16707015573476403
   8    8     26   18   0.22813365189389548
   8    8     26   19   -6.8683920654947608
   8    8     26   20   -1.1155137249056424
   8    8     26   21   1.1158976007155981
   8    8     26   22   -1.8065336692274407
   8    8     26   23   -0.092445845380199343
   8    8     26   24   0.092114442691761916
   8    8     26   25   0.37440883437711414
   8    8     26   26   0.37040109536286997
   8    8     26   27   1.7627848588084662
   8    8     26   28   -1.763065402820188
   8    8     26   29   2.5961268075106814
   8    8     26   30   -0.056714003062976595
   8    8     26   31   0.064003112181556854
   8    8     26   32   0.11983175496662578
   8    8     26   33   0.28429950102252477
   8    8     26   34   -0.28740042013710909
   8    8     26   35   0.04843553549493855
   8    8     27    0   -1.502043369741031e-07
   8    8     27    1   0.040075719719170705
   8    8     27    2   0.37099066771353795
   8    8     27    3   -0.31846237839829522
   8    8     27    4   -0.88430094429056871
   8    8     27    5   -0.0030587679488051685
   8    8     27    6   -0.0022787243640222674
   8    8     27    7   0.56455998233840965
   8    8     27    8   -0.21145187474093799
   8    8     27    9   0.18574504663696609
   8    8     27   10   0.0020229090942160311
   8    8     27   11   0.26738297765428121
   8    8     27   12   1.1063683283694647
   8    8     27   13   -0.52998969052100164
   8    8     27   14   -0.0077044808465247866
   8    8     27   15   -0.62063454768458637
   8    8     27   16   -0.40003299921556107
   8    8     27   17   1.376906620969705
   8    8     27   18   -0.22232488675599191
   8    8     27   19   -1.6395742100304724
   8    8     27   20   -4.8228159522195755
   8    8     27   21   -1.5327461245267653
   8    8     27   22   0.98045522144709485
   8    8     27   23   0.10949632134994997
   8    8     27   24   0.088058551492546433
   8    8     27   25   -1.7387262877859055
   8    8     27   26   1.7627848588084662
   8    8     27   27   -1.8822949897911021
   8    8     27   28   1.5947362586364477
   8    8     27   29   -0.34650090155606073
   8    8     27   30   0.39451704218853051
   8    8     27   31   -0.67384495441763981
   8    8     27   32   1.0377376836459509
   8    8     27   33   -0.97892097513606824
   8    8     27   34   0.97656205175880306
   8    8     27   35   0.074175480708585942
   8    8     28    0   1.4967689196857699e-07
   8    8     28    1   -0.31485610422969729
   8    8     28    2   -0.88891257657488709
   8    8     28    3   0.039852676806393206
   8    8     28    4   0.36673692372140765
   8    8     28    5   0.0030400759914288359
   8    8     28    6   -0.00082270999980592276
   8    8     28    7   0.26584369149640996
   8    8     28    8   1.1371064509645834
   8    8     28    9   -0.54693327166029193
   8    8     28   10   -0.0049404112407667742
   8    8     28   11   0.55706443403737504
   8    8     28   12   -0.18635198879030282
   8    8     28   13   0.17278509437554285
   8    8     28   14   0.0077655879328756908
   8    8     28   15   1.4044239706884087
   8    8     28   16   -0.23142793177899262
   8    8     28   17   -0.59547759481884965
   8    8     28   18   -0.404942985706229
   8    8     28   19   1.6404014916905072
   8    8     28   20   -1.5362245715249745
   8    8     28   21   -4.8229656998026655
   8    8     28   22   -0.97998537404688979
   8    8     28   23   0.088081436378310868
   8    8     28   24   0.10816589773800421
   8    8     28   25   1.7393862241536449
   8    8     28   26   -1.763065402820188
   8    8     28   27   1.5947362586364477
   8    8     28   28   -1.8844592551728565
   8    8     28   29   0.34597491427283927
   8    8     28   30   -0.6792422527854054
   8    8     28   31   0.39824535614480805
   8    8     28   32   -1.0284237095662472
   8    8     28   33   0.97909792140957153
   8    8     28   34   -0.95971581223141234
   8    8     28   35   -0.084756964084127209
   8    8     29    1   -0.2462834850361113
   8    8     29    2   -0.45068998777606506
   8    8     29    3   0.24641971692539477
   8    8     29    4   0.44671188216794977
   8    8     29    5   0.00071691831929480802
   8    8     29    6   -0.00031664810446654885
   8    8     29    7   -0.61037616331232947
   8    8     29    8   -0.317484866055398
   8    8     29    9   0.51580967275935274
   8    8     29   10   -0.00066743628317449068
   8    8     29   11   0.60845151924823304
   8    8     29   12   0.32393348127857596
   8    8     29   13   -0.5227258307724536
   8    8     29   14   0.00094353987697428515
   8    8     29   15   0.27535622682020822
   8    8     29   16   0.59869617410084341
   8    8     29   17   -0.26079429183227448
   8    8     29   18   -0.6112644936209175
   8    8     29   19   -1.5377861731841569
   8    8     29   20   -1.0679514149962384
   8    8     29   21   1.0673877414263826
   8    8     29   22   -7.1412583464744941
   8    8     29   23   -0.067160402414680062
   8    8     29   24   0.066280316693706223
   8    8     29   25   0.55805582240970608
   8    8     29   26   2.5961268075106814
   8    8     29   27   -0.34650090155606073
   8    8     29   28   0.34597491427283927
   8    8     29   29   0.64000336291941706
   8    8     29   30   -0.16611336307567232
   8    8     29   31   0.159748821137873
   8    8     29   32   -0.0019208153615155514
   8    8     29   33   0.33330197075833262
   8    8     29   34   -0.3255999081396882
   8    8     29   35   0.16267429799620978
   8    8     30    0   1.218856155282992e-07
   8    8     30    1   0.28963097307653957
   8    8     30    2   -0.55127329785249979
   8    8     30    3   -0.68749398194785727
   8    8     30    4   -0.066293734231935686
   8    8     30    5   -0.00039588863784639387
   8    8     30    6   0.00093751717510692605
   8    8     30    7   -1.1426666321971648
   8    8     30    8   -0.73495534790743422
   8    8     30    9   -0.17734187148931391
   8    8     30   10   0.0012528498310793565
   8    8     30   11   1.6498047781568488
   8    8     30   12   1.0979507876634031
   8    8     30   13   -0.014672322961845627
   8    8     30   14   -0.00022583311268043894
   8    8     30   15   0.18154069247341414
   8    8     30   16   1.5112200905301563
   8    8     30   17   0.46015071307444871
   8    8     30   18   -1.3973299450611467
   8    8     30   19   0.89481393434124523
   8    8     30   20   -0.68202340032868114
   8    8     30   21   0.82608652485373402
   8    8     30   22   -0.43250014416491711
   8    8     30   23   -3.8526840390386203
   8    8     30   24   -0.89929798541352812
   8    8     30   25   -0.26859603059540854
   8    8     30   26   -0.056714003062976595
   8    8     30   27   0.39451704218853051
   8    8     30   28   -0.6792422527854054
   8    8     30   29   -0.16611336307567232
   8    8     30   30   -1.5213047778521211
   8    8     30   31   1.1179223539284742
   8    8     30   32   0.29847384344241223
   8    8     30   33   0.024583666078334412
   8    8     30   34   -0.25046939372936727
   8    8     30   35   -0.61186735489801569
   8    8     31    0   -1.1526755303231986e-07
   8    8     31    1   -0.7041216004778712
   8    8     31    2   -0.063636556794385832
   8    8     31    3   0.27924048207031887
   8    8     31    4   -0.5584644423421643
   8    8     31    5   0.00040439749394217148
   8    8     31    6   0.00090864268193072866
   8    8     31    7   1.6559696214034474
   8    8     31    8   1.0978736756015686
   8    8     31    9   -0.0047479217609400328
   8    8     31   10   0.00049166772151021279
   8    8     31   11   -1.1197675722018847
   8    8     31   12   -0.74865478768882165
   8    8     31   13   -0.16798744780383873
   8    8     31   14   2.2184780004660897e-05
   8    8     31   15   0.45438196854306773
   8    8     31   16   -1.4179972587275087
   8    8     31   17   0.16321738702379471
   8    8     31   18   1.5116490650271548
   8    8     31   19   -0.91816775953088092
   8    8     31   20   0.81052142688922302
   8    8     31   21   -0.68047105871664093
   8    8     31   22   0.46452645500519141
   8    8     31   23   -0.88119679670229389
   8    8     31   24   -3.9051640553804181
   8    8     31   25   0.26459693964897824
   8    8     31   26   0.064003112181556854
   8    8     31   27   -0.67384495441763981
   8    8     31   28   0.39824535614480805
   8    8     31   29   0.159748821137873
   8    8     31   30   1.1179223539284742
   8    8     31   31   -1.4866051266507414
   8    8     31   32   -0.29529925119013345
   8    8     31   33   -0.24512552453948128
   8    8     31   34   0.02955834671354261
   8    8     31   35   0.60791337258521505
   8    8     32    1   -0.35626778143656507
   8    8     32    2   0.0036833208435907909
   8    8     32    3   0.344634202028125
   8    8     32    4   -0.017822296404216603
   8    8     32    5   -0.0022433282950005407
   8    8     32    6   -0.00070482597693202883
   8    8     32    7   -0.033814052091889334
   8    8     32    8   0.55991164540633465
   8    8     32    9   0.42013935666065716
   8    8     32   10   0.0026891684644829942
   8    8     32   11   0.047962575222938349
   8    8     32   12   -0.56692424893298832
   8    8     32   13   -0.43463429600167058
   8    8     32   14   -0.0064287917333367165
   8    8     32   15   -0.20083956932031874
   8    8     32   16   0.011441909948782103
   8    8     32   17   0.23852401584719871
   8    8     32   18   -0.027884491322792627
   8    8     32   19   -1.6607046273153123
   8    8     32   20   -0.40510161476307627
   8    8     32   21   0.3933221927581334
   8    8     32   22   0.047523585685546862
   8    8     32   23   0.83041734052620153
   8    8     32   24   -0.82401719753880953
   8    8     32   25   -2.5486152589858362
   8    8     32   26   0.11983175496662578
   8    8     32   27   1.0377376836459509
   8    8     32   28   -1.0284237095662472
   8    8     32   29   -0.0019208153615155514
   8    8     32   30   0.29847384344241223
   8    8     32   31   -0.2952992511901335
   8    8     32   32   -0.42640168921797494
   8    8     32   33   1.6302736038233634
   8    8     32   34   -1.6287167977187249
   8    8     32   35   1.1988381126481615
   8    8     33    1   -0.73129291735939417
   8    8     33    2   -0.82371479688033478
   8    8     33    3   0.55231176776190183
   8    8     33    4   0.086397624700279618
   8    8     33    5   0.0019118284638875817
   8    8     33    6   0.00011657920657711537
   8    8     33    7   0.67246954111014812
   8    8     33    8   0.45955426719841341
   8    8     33    9   0.05223138137339773
   8    8     33   10   -0.0030869047076265907
   8    8     33   11   -0.58437875114060966
   8    8     33   12   -0.30995829056612295
   8    8     33   13   -0.047517008925747679
   8    8     33   14   0.0055147768870914306
   8    8     33   15   0.25659420674992933
   8    8     33   16   0.58329792802293279
   8    8     33   17   -0.062185384899715708
   8    8     33   18   -0.49296985288246092
   8    8     33   19   -0.29369261068363994
   8    8     33   20   -0.51299847169028856
   8    8     33   21   -0.77916651167481332
   8    8     33   22   -0.72702832394456351
   8    8     33   23   0.34536853680773644
   8    8     33   24   -0.4106487996833586
   8    8     33   25   1.6440903593569771
   8    8     33   26   0.28429950102252477
   8    8     33   27   -0.97892097513606824
   8    8     33   28   0.97909792140957153
   8    8     33   29   0.33330197075833262
   8    8     33   30   0.024583666078334412
   8    8     33   31   -0.24512552453948128
   8    8     33   32   1.6302736038233634
   8    8     33   33   -1.2720580306100415
   8    8     33   34   1.3441910607991809
   8    8     33   35   0.73983653283259265
   8    8     34    1   0.52200592925040146
   8    8     34    2   0.056576166187247541
   8    8     34    3   -0.71109676122792176
   8    8     34    4   -0.84687824995110339
   8    8     34    5   -0.0019885046954169643
   8    8     34    6   -0.0016593168186450488
   8    8     34    7   -0.56659733822195124
   8    8     34    8   -0.29749172630647064
   8    8     34    9   -0.040984600747278589
   8    8     34   10   0.0017774290182864965
   8    8     34   11   0.67221537111544649
   8    8     34   12   0.4970607520461392
   8    8     34   13   0.033414270256424405
   8    8     34   14   -0.0056589690881434116
   8    8     34   15   -0.033229426477153975
   8    8     34   16   -0.47485816248047275
   8    8     34   17   0.28075554759446275
   8    8     34   18   0.59264881775814571
   8    8     34   19   0.30384917198845968
   8    8     34   20   -0.77635951632188938
   8    8     34   21   -0.57080365270244948
   8    8     34   22   0.72643585749397865
   8    8     34   23   -0.42593242443133567
   8    8     34   24   0.35187105881083197
   8    8     34   25   -1.6822226171781527
   8    8     34   26   -0.28740042013710909
   8    8     34   27   0.97656205175880306
   8    8     34   28   -0.95971581223141234
   8    8     34   29   -0.3255999081396882
   8    8     34   30   -0.25046939372936727
   8    8     34   31   0.029558346713542554
   8    8     34   32   -1.6287167977187245
   8    8     34   33   1.3441910607991812
   8    8     34   34   -1.2722837295455176
   8    8     34   35   -0.74597934376862884
   8    8     35    0   -5.5327577398156842e-07
   8    8     35    1   1.2991381869640086
   8    8     35    2   1.5440968128439392
   8    8     35    3   -1.2774535859950844
   8    8     35    4   -1.554323389193611
   8    8     35    5   0.00088848252142670597
   8    8     35    6   6.7593126490569183e-06
   8    8     35    7   -0.5067959938711003
   8    8     35    8   0.35751388587587363
   8    8     35    9   0.49735014491206048
   8    8     35   10   -0.000870380501880727
   8    8     35   11   0.4895549535383491
   8    8     35   12   -0.36770193965145653
   8    8     35   13   -0.51742072369359116
   8    8     35   14   0.0033627274377388107
   8    8     35   15   -0.67171496554673882
   8    8     35   16   0.44772102860859136
   8    8     35   17   0.68575601805966069
   8    8     35   18   -0.46526075717743715
   8    8     35   19   0.041024370544753955
   8    8     35   20   -0.40676486834065567
   8    8     35   21   0.41962193746775994
   8    8     35   22   -1.0466359739107527
   8    8     35   23   -1.8109381542811904
   8    8     35   24   1.7946955654198942
   8    8     35   25   1.8488703451582165
   8    8     35   26   0.04843553549493855
   8    8     35   27   0.074175480708585942
   8    8     35   28   -0.084756964084127209
   8    8     35   29   0.16267429799620978
   8    8     35   30   -0.6118673548980158
   8    8     35   31   0.60791337258521494
   8    8     35   32   1.1988381126481613
   8    8     35   33   0.73983653283259265
   8    8     35   34   -0.74597934376862884
   8    8     35   35   -0.83839167911312962
   9    9      0    0   -3.8285406932654071
   9    9      0    1   1.4745184896511241
   9    9      0    2   -2.3549349045123149
   9    9      0    3   0.50487508732939423
   9    9      0    4   -1.5763267801248493
   9    9      0    5   -7.6015398711620188
   9    9      0    6   -0.76181284633096691
   9    9      0    7   -3.8334486618983892
   9    9      0    8   -0.00046147407079435304
   9    9      0    9   7.9608286123952128e-05
   9    9      0   10   -0.0002109657749640134
   9    9      0   11   -5.4157193100690647e-05
   9    9      0   12   -0.00015407780064769148
   9    9      0   13   -0.00024822364995652718
   9    9      0   14   -6.8646846495690566e-05
   9    9      0   15   0.00066237154880515316
   9    9      0   16   -0.00014530789984697957
   9    9      0   17   -2.7648744459871506e-05
   9    9      0   18   -6.1517115912144806e-05
   9    9      0   19   -2.1472147658173795e-05
   9    9      0   20   -5.090900087793234e-05
   9    9      0   21   4.5371230956945529e-07
   9    9      0   22   6.1545797004926121e-05
   9    9      0   23   -0.00015539229186638533
   9    9      0   24   -3.8402802531163761e-06
   9    9      0   25   8.8457150309464186e-05
   9    9      0   26   -0.00013733456614540296
   9    9      0   27   -7.1936433695256036e-06
   9    9      0   28   -1.1761235742748086e-05
   9    9      0   29   4.2666724553755023e-06
   9    9      0   30   -0.00021136640762393417
   9    9      0   31   3.1185461734067634e-05
   9    9      0   32   -8.0482555234158136e-05
   9    9      0   33   -0.00040030888837167884
   9    9      1    0   1.4745184896511241
   9    9      1    1   -2.6719024368326978
   9    9      1    2   0.64810987714756074
   9    9      1    3   -2.1211806854583584
   9    9      1    4   -7.6151585723082365
   9    9      1    5   3.4395009433667818
   9    9      1    6   -3.2148512510986906
   9    9      1    7   1.5288255272591138
   9    9      1    8   0.000169321801077305
   9    9      1    9   -0.0095299580021819524
   9    9      1   10   -0.024694811257062622
   9    9      1   11   -0.0050438226657552937
   9    9      1   12   0.0031891315620688862
   9    9      1   13   0.00046941423590809972
   9    9      1   14   -0.0088911911554364273
   9    9      1   15   -0.0097715145716729627
   9    9      1   16   0.00059965229587245501
   9    9      1   17   0.0072711310600553931
   9    9      1   18   -0.00022662409179419511
   9    9      1   19   0.00029647755029600404
   9    9      1   20   -0.0041584411668239033
   9    9      1   21   0.00063744296416370797
   9    9      1   22   -0.0024820449995650792
   9    9      1   23   0.00034224368981626059
   9    9      1   24   -0.0013242375602429714
   9    9      1   25   -0.0011392504256308529
   9    9      1   26   0.0011800844375966185
   9    9      1   27   0.00052953681820973038
   9    9      1   28   0.0018254665920892344
   9    9      1   29   -0.0046498765425517325
   9    9      1   30   0.00039395715359064976
   9    9      1   31   -0.0061900158768951738
   9    9      1   32   -0.010479644502347354
   9    9      1   33   0.0060883639253054454
   9    9      2    0   -2.3549349045123145
   9    9      2    1   0.64810987714756074
   9    9      2    2   -0.82817655688267122
   9    9      2    3   0.72991558570978277
   9    9      2    4   -0.73636527344574498
   9    9      2    5   -3.0543739372476302
   9    9      2    6   -1.221326633500232
   9    9      2    7   -3.9108738056183383
   9    9      2    8   -2.2745724969396846
   9    9      2    9   -0.57375434610449982
   9    9      2   10   -0.8723540809488135
   9    9      2   11   0.33939218801893667
   9    9      2   12   0.65571930367226317
   9    9      2   13   -1.0607800392534337
   9    9      2   14   0.5904810971876262
   9    9      2   15   4.2672452744462488
   9    9      2   16   -0.11073622199737103
   9    9      2   17   -0.53608536135703855
   9    9      2   18   0.50237130024001664
   9    9      2   19   0.24845541645730346
   9    9      2   20   0.14809024643375224
   9    9      2   21   -0.053832787501343522
   9    9      2   22   0.34978910018888565
   9    9      2   23   0.22126712412128577
   9    9      2   24   -0.27142445193562587
   9    9      2   25   -1.2552523516080731
   9    9      2   26   0.080757766241450063
   9    9      2   27   0.45240082276747018
   9    9      2   28   1.0213245394965307
   9    9      2   29   1.0033782504912694
   9    9      2   30   -0.17627438871618586
   9    9      2   31   0.32102483835881546
   9    9      2   32   -0.18838119564206407
   9    9      2   33   -1.6000122475545213
   9    9      3    0   0.50487508732939423
   9    9      3    1   -2.1211806854583584
   9    9      3    2   0.72991558570978277
   9    9      3    3   0.84520026425485562
   9    9      3    4   -3.6495196118301219
   9    9      3    5   1.429223484041509
   9    9      3    6   -3.898460501338779
   9    9      3    7   1.3521529563288224
   9    9      3    8   0.212500452221389
   9    9      3    9   -0.72763058914981027
   9    9      3   10   -5.1889905646892034
   9    9      3   11   0.72976354540669808
   9    9      3   12   -1.2874271624130371
   9    9      3   13   0.3606810419269616
   9    9      3   14   -3.3132606152563806
   9    9      3   15   -2.6094435569737584
   9    9      3   16   1.2608029712148219
   9    9      3   17   0.15908473653829586
   9    9      3   18   -0.22520049358515862
   9    9      3   19   -0.47451173618094533
   9    9      3   20   0.89987434063902527
   9    9      3   21   0.29998916851434992
   9    9      3   22   0.038400679132318302
   9    9      3   23   0.19236187693836101
   9    9      3   24   0.92206394122335877
   9    9      3   25   1.7809536802488743
   9    9      3   26   1.0777719176104281
   9    9      3   27   -0.55103016286759976
   9    9      3   28   -1.3622317609483587
   9    9      3   29   -1.3325775668032807
   9    9      3   30   0.059587778521459862
   9    9      3   31   0.6751482080728326
   9    9      3   32   -1.6786968949912047
   9    9      3   33   1.109772897902646
   9    9      4    0   -1.5763267801248493
   9    9      4    1   -7.6151585723082365
   9    9      4    2   -0.73636527344574521
   9    9      4    3   -3.6495196118301227
   9    9      4    4   -3.7746690566998136
   9    9      4    5   1.4638886617891111
   9    9      4    6   -2.4070648000461508
   9    9      4    7   0.52246940953713938
   9    9      4    8   -5.4658222436534643e-05
   9    9      4    9   -0.00015594380732929597
   9    9      4   10   -0.0002536774405655432
   9    9      4   11   -0.00047503744762495738
   9    9      4   12   8.0642576140046185e-05
   9    9      4   13   -0.00021806583019259068
   9    9      4   14   -0.00014400760889341909
   9    9      4   15   -2.7711787854655738e-05
   9    9      4   16   -6.9441864223812767e-05
   9    9      4   17   0.00068779151971039537
   9    9      4   18   3.2104588777195141e-07
   9    9      4   19   6.1599090763717212e-05
   9    9      4   20   -0.00015504243750405855
   9    9      4   21   -6.2482008025798561e-05
   9    9      4   22   -2.150363864105428e-05
   9    9      4   23   -5.2314580725292691e-05
   9    9      4   24   -6.8108311297131643e-06
   9    9      4   25   -1.0828052664155391e-05
   9    9      4   26   5.4254130065447266e-06
   9    9      4   27   -4.1621210174975622e-06
   9    9      4   28   9.2867008541630718e-05
   9    9      4   29   -0.00014442533037613834
   9    9      4   30   -8.0993779992505943e-05
   9    9      4   31   -0.00040145776473785537
   9    9      4   32   -0.00022160495986052372
   9    9      4   33   3.4462645034957294e-05
   9    9      5    0   -7.6015398711620188
   9    9      5    1   3.4395009433667822
   9    9      5    2   -3.0543739372476297
   9    9      5    3   1.4292234840415095
   9    9      5    4   1.4638886617891111
   9    9      5    5   -2.6169960890782651
   9    9      5    6   0.64270729972509644
   9    9      5    7   -2.1362521745615344
   9    9      5    8   -0.004314486702550138
   9    9      5    9   0.0027371675798323839
   9    9      5   10   0.00041145080241606773
   9    9      5   11   0.00014480155250911613
   9    9      5   12   -0.008248526596767591
   9    9      5   13   -0.021675276885419186
   9    9      5   14   0.0005113940487057819
   9    9      5   15   0.0061338253061879091
   9    9      5   16   -0.0077548588018542461
   9    9      5   17   -0.0086175368416035337
   9    9      5   18   0.0005357378988936649
   9    9      5   19   -0.002109696415618036
   9    9      5   20   0.00029516570735126427
   9    9      5   21   -0.00019557358033055333
   9    9      5   22   0.00024452851834192146
   9    9      5   23   -0.0036396633520789112
   9    9      5   24   0.00044487157580001352
   9    9      5   25   0.001481389497070613
   9    9      5   26   -0.0038743664305043598
   9    9      5   27   -0.0011368324350543222
   9    9      5   28   -0.0010179414718688548
   9    9      5   29   0.0010520744773536575
   9    9      5   30   -0.0089166591677803334
   9    9      5   31   0.0051473587573351428
   9    9      5   32   0.00037661448599565821
   9    9      5   33   -0.0054914121069900212
   9    9      6    0   -0.76181284633096713
   9    9      6    1   -3.2148512510986906
   9    9      6    2   -1.2213266335002322
   9    9      6    3   -3.8984605013387772
   9    9      6    4   -2.4070648000461503
   9    9      6    5   0.64270729972509644
   9    9      6    6   -0.84480484015821011
   9    9      6    7   0.74148601649482437
   9    9      6    8   0.34708610673257168
   9    9      6    9   0.68781528591914143
   9    9      6   10   -1.0470684390467315
   9    9      6   11   -2.2852829142844868
   9    9      6   12   -0.60500793387606822
   9    9      6   13   -0.88155031034627707
   9    9      6   14   -0.096655004789869284
   9    9      6   15   -0.54227154956029666
   9    9      6   16   0.61823157217072655
   9    9      6   17   4.3316487628855276
   9    9      6   18   -0.059023397209396956
   9    9      6   19   0.32429483498906153
   9    9      6   20   0.23493077068669482
   9    9      6   21   0.49948761799154123
   9    9      6   22   0.26285617893540264
   9    9      6   23   0.15360584226118781
   9    9      6   24   0.45144274035827148
   9    9      6   25   1.0297698553042158
   9    9      6   26   0.9971842601273635
   9    9      6   27   -0.28131972520011211
   9    9      6   28   -1.2848445306192611
   9    9      6   29   0.082500813908577109
   9    9      6   30   -0.19264188583053055
   9    9      6   31   -1.5668478204979421
   9    9      6   32   -0.18186820573502999
   9    9      6   33   0.33375583192359748
   9    9      7    0   -3.8334486618983892
   9    9      7    1   1.5288255272591136
   9    9      7    2   -3.9108738056183374
   9    9      7    3   1.3521529563288224
   9    9      7    4   0.52246940953713938
   9    9      7    5   -2.1362521745615344
   9    9      7    6   0.7414860164948246
   9    9      7    7   0.81459435944105651
   9    9      7    8   0.74029758143745361
   9    9      7    9   -1.2947963579936848
   9    9      7   10   0.36364075376136884
   9    9      7   11   0.20901800543388396
   9    9      7   12   -0.70364556534794176
   9    9      7   13   -5.2405567896894452
   9    9      7   14   1.2511274860131112
   9    9      7   15   0.16683579372308341
   9    9      7   16   -3.3428504420702287
   9    9      7   17   -2.6462643580738652
   9    9      7   18   0.29174398693578169
   9    9      7   19   0.057957465225097704
   9    9      7   20   0.18628531895750766
   9    9      7   21   -0.22507772340072554
   9    9      7   22   -0.48430183947826438
   9    9      7   23   0.91429781110697139
   9    9      7   24   -0.55833214627088334
   9    9      7   25   -1.3690605612167823
   9    9      7   26   -1.2866115555387034
   9    9      7   27   0.92584255114300706
   9    9      7   28   1.807625636139685
   9    9      7   29   1.1051308129078921
   9    9      7   30   -1.6605382712019658
   9    9      7   31   1.0789625678806971
   9    9      7   32   0.062778605256995926
   9    9      7   33   0.6731177466128595
   9    9      8    0   -0.00046147407079390895
   9    9      8    1   0.00016932180107724948
   9    9      8    2   -2.2745724969396846
   9    9      8    3   0.212500452221389
   9    9      8    4   -5.4658222436645665e-05
   9    9      8    5   -0.0043144867025505821
   9    9      8    6   0.34708610673257179
   9    9      8    7   0.74029758143745339
   9    9      8    8   -1.5872786628437714
   9    9      8    9   1.670944730489055
   9    9      8   10   -0.57243930091135953
   9    9      8   11   -1.3499226542825673
   9    9      8   12   -4.4132016373001894
   9    9      8   13   -4.3383640579503897
   9    9      8   14   -1.0544255137714837
   9    9      8   15   0.98280081207104741
   9    9      8   16   -3.1767917749204004
   9    9      8   17   0.38789196359463879
   9    9      8   18   -6.9377795348336386
   9    9      8   19   -1.0814779465491069
   9    9      8   20   -0.13601418556336262
   9    9      8   21   0.59599258637527752
   9    9      8   22   2.7054247638521054
   9    9      8   23   0.44643898008507787
   9    9      8   24   0.21459375099513026
   9    9      8   25   1.4460954492104168
   9    9      8   26   -0.54436872035543016
   9    9      8   27   1.7228536085955632
   9    9      8   28   -0.66495045970801159
   9    9      8   29   0.13085265791018852
   9    9      8   30   -2.2858483925655029
   9    9      8   31   -0.036405680006516984
   9    9      8   32   0.22158677793282563
   9    9      8   33   0.39501446084050884
   9    9      9    0   7.9608286123619061e-05
   9    9      9    1   -0.0095299580021818413
   9    9      9    2   -0.57375434610449982
   9    9      9    3   -0.72763058914981027
   9    9      9    4   -0.00015594380733018414
   9    9      9    5   0.0027371675798319398
   9    9      9    6   0.68781528591914121
   9    9      9    7   -1.294796357993685
   9    9      9    8   1.670944730489055
   9    9      9    9   -2.1436169411538786
   9    9      9   10   -0.72573834187508379
   9    9      9   11   -4.411783249003383
   9    9      9   12   3.1647305489469826
   9    9      9   13   1.7488875804529262
   9    9      9   14   -0.98867864370557079
   9    9      9   15   -0.50993554188072077
   9    9      9   16   1.4332258738410131
   9    9      9   17   4.9294720679992077
   9    9      9   18   -0.56179132623568584
   9    9      9   19   -4.9231620882212885
   9    9      9   20   -1.2621375461457423
   9    9      9   21   1.6274392009501404
   9    9      9   22   -2.7010260130699275
   9    9      9   23   -0.10982036645511774
   9    9      9   24   -1.1580607822892723
   9    9      9   25   -0.52512781286932197
   9    9      9   26   1.0045800488110683
   9    9      9   27   0.30722565593362589
   9    9      9   28   -0.38090100564620105
   9    9      9   29   0.38861699379378639
   9    9      9   30   0.58114756048616323
   9    9      9   31   -2.5250027943027873
   9    9      9   32   0.52879252061477755
   9    9      9   33   -0.4219353121402063
   9    9     10    0   -0.00021096577496395788
   9    9     10    1   -0.024694811257062622
   9    9     10    2   -0.87235408094881373
   9    9     10    3   -5.1889905646892043
   9    9     10    4   -0.00025367744056570973
   9    9     10    5   0.00041145080241628977
   9    9     10    6   -1.0470684390467313
   9    9     10    7   0.3636407537613689
   9    9     10    8   -0.57243930091135964
   9    9     10    9   -0.72573834187508401
   9    9     10   10   -0.79386067578952557
   9    9     10   11   -4.3678629931850255
   9    9     10   12   1.7593210328517053
   9    9     10   13   -1.6116803946797373
   9    9     10   14   -0.46788086559339065
   9    9     10   15   -0.63893102257581547
   9    9     10   16   -1.5133200233595314
   9    9     10   17   4.6957835837898481
   9    9     10   18   0.50555254974642838
   9    9     10   19   1.2466511291554747
   9    9     10   20   -5.3606346105740386
   9    9     10   21   0.82778411397436558
   9    9     10   22   -1.6457134978041332
   9    9     10   23   0.56594263983603954
   9    9     10   24   0.46093127591919447
   9    9     10   25   -1.0092623070994478
   9    9     10   26   -1.4947004894255609
   9    9     10   27   0.82030019700235057
   9    9     10   28   -0.98069200587367089
   9    9     10   29   0.79333975165679971
   9    9     10   30   -1.4860404501929829
   9    9     10   31   -4.9693656568652305
   9    9     10   32   0.42231666567175458
   9    9     10   33   0.47663647766493428
   9    9     11    0   -5.4157193100690647e-05
   9    9     11    1   -0.0050438226657548496
   9    9     11    2   0.33939218801893661
   9    9     11    3   0.72976354540669819
   9    9     11    4   -0.00047503744762451329
   9    9     11    5   0.00014480155250917165
   9    9     11    6   -2.2852829142844868
   9    9     11    7   0.20901800543388399
   9    9     11    8   -1.3499226542825673
   9    9     11    9   -4.411783249003383
   9    9     11   10   -4.3678629931850255
   9    9     11   11   -1.5684151596457065
   9    9     11   12   1.6738715558056907
   9    9     11   13   -0.55910494486821438
   9    9     11   14   -3.162964998234183
   9    9     11   15   0.38891227650662885
   9    9     11   16   -1.0456771029219336
   9    9     11   17   0.94908221532378478
   9    9     11   18   0.59148204559627737
   9    9     11   19   2.7013249234386025
   9    9     11   20   0.45414386332470297
   9    9     11   21   -6.8850029896801841
   9    9     11   22   -1.0784462412650242
   9    9     11   23   -0.15554546241783046
   9    9     11   24   1.715606768053995
   9    9     11   25   -0.65811552141801266
   9    9     11   26   0.14848588544866806
   9    9     11   27   0.21557221682044089
   9    9     11   28   1.5052561819356227
   9    9     11   29   -0.62126167263331389
   9    9     11   30   0.22690946256151409
   9    9     11   31   0.40600594796354589
   9    9     11   32   -2.33197654348211
   9    9     11   33   -0.046031110092025207
   9    9     12    0   -0.00015407780064724739
   9    9     12    1   0.0031891315620693303
   9    9     12    2   0.65571930367226317
   9    9     12    3   -1.2874271624130371
   9    9     12    4   8.0642576140046185e-05
   9    9     12    5   -0.008248526596767591
   9    9     12    6   -0.60500793387606833
   9    9     12    7   -0.70364556534794176
   9    9     12    8   -4.4132016373001894
   9    9     12    9   3.164730548946983
   9    9     12   10   1.7593210328517053
   9    9     12   11   1.6738715558056905
   9    9     12   12   -2.1215984262771377
   9    9     12   13   -0.69192356168208413
   9    9     12   14   1.4256455369939232
   9    9     12   15   4.9159460336330927
   9    9     12   16   -0.97638078903539294
   9    9     12   17   -0.47129326198152965
   9    9     12   18   1.6254506151640657
   9    9     12   19   -2.6942108884949794
   9    9     12   20   -0.1179879553957002
   9    9     12   21   -0.56356622211894025
   9    9     12   22   -4.8973628784272973
   9    9     12   23   -1.3238004644685439
   9    9     12   24   0.30460733859776745
   9    9     12   25   -0.39364983116259583
   9    9     12   26   0.40094336698898925
   9    9     12   27   -1.1506866029568315
   9    9     12   28   -0.56616919411921141
   9    9     12   29   1.0291852269222741
   9    9     12   30   0.53380840296032972
   9    9     12   31   -0.42763248502364809
   9    9     12   32   0.60917462667191091
   9    9     12   33   -2.6171040852530303
   9    9     13    0   -0.00024822364995669372
   9    9     13    1   0.00046941423590809972
   9    9     13    2   -1.0607800392534334
   9    9     13    3   0.36068104192696165
   9    9     13    4   -0.00021806583019247966
   9    9     13    5   -0.021675276885419408
   9    9     13    6   -0.88155031034627707
   9    9     13    7   -5.2405567896894452
   9    9     13    8   -4.3383640579503906
   9    9     13    9   1.7488875804529262
   9    9     13   10   -1.6116803946797369
   9    9     13   11   -0.55910494486821427
   9    9     13   12   -0.69192356168208413
   9    9     13   13   -0.78960913868810334
   9    9     13   14   -1.4791526675851383
   9    9     13   15   4.6277378263881817
   9    9     13   16   -0.44473957533087599
   9    9     13   17   -0.65292130786794911
   9    9     13   18   0.82074844437800631
   9    9     13   19   -1.6395675549691766
   9    9     13   20   0.5706555932493218
   9    9     13   21   0.50125977695907298
   9    9     13   22   1.2318175523406214
   9    9     13   23   -5.3836680649216895
   9    9     13   24   0.8160583975550868
   9    9     13   25   -0.98672097718415985
   9    9     13   26   0.79737564234631075
   9    9     13   27   0.45648525063967405
   9    9     13   28   -1.0180206956802171
   9    9     13   29   -1.5070796526709009
   9    9     13   30   0.42228375407198732
   9    9     13   31   0.47102322095192994
   9    9     13   32   -1.5031654851377183
   9    9     13   33   -5.0304388951312582
   9    9     14    0   -6.8646846495690566e-05
   9    9     14    1   -0.0088911911554368714
   9    9     14    2   0.59048109718762631
   9    9     14    3   -3.3132606152563806
   9    9     14    4   -0.00014400760889341909
   9    9     14    5   0.0005113940487057819
   9    9     14    6   -0.096655004789869284
   9    9     14    7   1.2511274860131112
   9    9     14    8   -1.0544255137714837
   9    9     14    9   -0.98867864370557057
   9    9     14   10   -0.46788086559339065
   9    9     14   11   -3.1629649982341834
   9    9     14   12   1.4256455369939232
   9    9     14   13   -1.4791526675851379
   9    9     14   14   0.39303415034681211
   9    9     14   15   0.25418399971098576
   9    9     14   16   -1.9198085201873125
   9    9     14   17   3.0169988510347401
   9    9     14   18   0.46472527398783198
   9    9     14   19   1.4934907062291425
   9    9     14   20   -0.48563246371938112
   9    9     14   21   2.0536009177694043
   9    9     14   22   -1.3696267425290662
   9    9     14   23   0.35707506963392283
   9    9     14   24   -8.0871107608507291
   9    9     14   25   -0.99652939798675766
   9    9     14   26   -1.009704782769097
   9    9     14   27   0.46273105243233481
   9    9     14   28   0.41195068758450498
   9    9     14   29   0.66009888530569616
   9    9     14   30   -0.46000714535157838
   9    9     14   31   -2.4254774304992859
   9    9     14   32   0.29294050037301722
   9    9     14   33   0.26536658050295742
   9    9     15    0   0.00066237154880515316
   9    9     15    1   -0.0097715145716729627
   9    9     15    2   4.2672452744462479
   9    9     15    3   -2.6094435569737584
   9    9     15    4   -2.7711787854544716e-05
   9    9     15    5   0.0061338253061878536
   9    9     15    6   -0.54227154956029666
   9    9     15    7   0.1668357937230833
   9    9     15    8   0.98280081207104741
   9    9     15    9   -0.50993554188072066
   9    9     15   10   -0.63893102257581558
   9    9     15   11   0.38891227650662885
   9    9     15   12   4.9159460336330927
   9    9     15   13   4.6277378263881817
   9    9     15   14   0.25418399971098576
   9    9     15   15   -0.77010951581781162
   9    9     15   16   3.0509199774058242
   9    9     15   17   2.0036661189074474
   9    9     15   18   -0.88609733158548432
   9    9     15   19   1.4823620895258502
   9    9     15   20   0.38781270898089115
   9    9     15   21   -0.25891586132860106
   9    9     15   22   -2.5826036197836961
   9    9     15   23   -1.2461963837675925
   9    9     15   24   -0.51574715148005568
   9    9     15   25   -4.7607402220516315
   9    9     15   26   4.9391149762430144
   9    9     15   27   0.24718530799419161
   9    9     15   28   -0.76343663398487038
   9    9     15   29   -0.46763715470174816
   9    9     15   30   5.3438769535096897
   9    9     15   31   -2.6240290971560509
   9    9     15   32   -0.30515041334224752
   9    9     15   33   -0.33557814722294799
   9    9     16    0   -0.00014530789984675753
   9    9     16    1   0.00059965229587267705
   9    9     16    2   -0.11073622199737103
   9    9     16    3   1.2608029712148217
   9    9     16    4   -6.9441864223812767e-05
   9    9     16    5   -0.0077548588018542461
   9    9     16    6   0.61823157217072655
   9    9     16    7   -3.3428504420702283
   9    9     16    8   -3.1767917749204009
   9    9     16    9   1.4332258738410135
   9    9     16   10   -1.5133200233595314
   9    9     16   11   -1.0456771029219336
   9    9     16   12   -0.97638078903539316
   9    9     16   13   -0.44473957533087599
   9    9     16   14   -1.9198085201873125
   9    9     16   15   3.0509199774058242
   9    9     16   16   0.41952102254826368
   9    9     16   17   0.23228145532368133
   9    9     16   18   2.0484405056494617
   9    9     16   19   -1.3725038199741815
   9    9     16   20   0.36893856319339918
   9    9     16   21   0.45972828506878427
   9    9     16   22   1.4799419234422582
   9    9     16   23   -0.55876787465135336
   9    9     16   24   0.45950390168394512
   9    9     16   25   0.41188930964099918
   9    9     16   26   0.65249733290913781
   9    9     16   27   -8.1227052580483896
   9    9     16   28   -1.0207281153011847
   9    9     16   29   -1.0509528736428704
   9    9     16   30   0.29319691514102331
   9    9     16   31   0.27131202815388122
   9    9     16   32   -0.49831227120055888
   9    9     16   33   -2.5514341961610709
   9    9     17    0   -2.7648744459982528e-05
   9    9     17    1   0.0072711310600554486
   9    9     17    2   -0.53608536135703855
   9    9     17    3   0.15908473653829575
   9    9     17    4   0.00068779151970995128
   9    9     17    5   -0.0086175368416035337
   9    9     17    6   4.3316487628855267
   9    9     17    7   -2.6462643580738652
   9    9     17    8   0.38789196359463884
   9    9     17    9   4.9294720679992077
   9    9     17   10   4.6957835837898472
   9    9     17   11   0.94908221532378456
   9    9     17   12   -0.47129326198152965
   9    9     17   13   -0.65292130786794933
   9    9     17   14   3.0169988510347401
   9    9     17   15   2.0036661189074478
   9    9     17   16   0.23228145532368139
   9    9     17   17   -0.74414925456683656
   9    9     17   18   -0.25825160182215506
   9    9     17   19   -2.5733711457177195
   9    9     17   20   -1.2511461717416683
   9    9     17   21   -0.87257584604954408
   9    9     17   22   1.4592432009891441
   9    9     17   23   0.39658665466104109
   9    9     17   24   0.25122291025488663
   9    9     17   25   -0.76922107968680631
   9    9     17   26   -0.47840935417587077
   9    9     17   27   -0.50886946776936992
   9    9     17   28   -4.8525471228841068
   9    9     17   29   5.0357792165364907
   9    9     17   30   -0.30519907660459972
   9    9     17   31   -0.34146794787910562
   9    9     17   32   5.530048918000074
   9    9     17   33   -2.7276803552889595
   9    9     18    0   -6.1517115912144806e-05
   9    9     18    1   -0.00022662409179419511
   9    9     18    2   0.50237130024001664
   9    9     18    3   -0.22520049358515862
   9    9     18    4   3.2104588777195141e-07
   9    9     18    5   0.0005357378988936649
   9    9     18    6   -0.059023397209396956
   9    9     18    7   0.29174398693578169
   9    9     18    8   -6.9377795348336386
   9    9     18    9   -0.56179132623568584
   9    9     18   10   0.50555254974642838
   9    9     18   11   0.59148204559627737
   9    9     18   12   1.6254506151640657
   9    9     18   13   0.82074844437800631
   9    9     18   14   0.46472527398783198
   9    9     18   15   -0.88609733158548432
   9    9     18   16   2.0484405056494617
   9    9     18   17   -0.25825160182215506
   9    9     18   18   -0.43929886413724012
   9    9     18   19   1.3130281966236654
   9    9     18   20   -0.39311258557426226
   9    9     18   21   -0.83743162071875521
   9    9     18   22   -2.7702599092715334
   9    9     18   23   -3.9263481433517855
   9    9     18   24   -0.39118100622924984
   9    9     18   25   0.11113898939767512
   9    9     18   26   -0.39357227051926924
   9    9     18   27   -2.9393999231072057
   9    9     18   28   0.17362035280956845
   9    9     18   29   -0.25838934373986649
   9    9     18   30   -0.38832853327003475
   9    9     18   31   -0.012243010805317631
   9    9     18   32   -0.32862835219303843
   9    9     18   33   -0.66725010345077795
   9    9     19    0   -2.1472147658173795e-05
   9    9     19    1   0.00029647755029600404
   9    9     19    2   0.24845541645730346
   9    9     19    3   -0.47451173618094533
   9    9     19    4   6.1599090763717212e-05
   9    9     19    5   -0.002109696415618036
   9    9     19    6   0.32429483498906153
   9    9     19    7   0.057957465225097704
   9    9     19    8   -1.0814779465491069
   9    9     19    9   -4.9231620882212885
   9    9     19   10   1.2466511291554747
   9    9     19   11   2.7013249234386025
   9    9     19   12   -2.6942108884949794
   9    9     19   13   -1.6395675549691766
   9    9     19   14   1.4934907062291425
   9    9     19   15   1.4823620895258502
   9    9     19   16   -1.3725038199741815
   9    9     19   17   -2.5733711457177195
   9    9     19   18   1.3130281966236654
   9    9     19   19   -1.4172459940108324
   9    9     19   20   -0.26513260741203487
   9    9     19   21   -2.7700670099905378
   9    9     19   22   2.2196008130259064
   9    9     19   23   1.2595314919555849
   9    9     19   24   -1.0212310068328838
   9    9     19   25   -0.45128321009780004
   9    9     19   26   -0.13412383159820582
   9    9     19   27   1.4090916720748483
   9    9     19   28   4.6234618552033382
   9    9     19   29   -0.79082981427912813
   9    9     19   30   0.16578851181542317
   9    9     19   31   -0.2492522382174156
   9    9     19   32   -0.98295282115584848
   9    9     19   33   1.0379443284796694
   9    9     20    0   -5.090900087793234e-05
   9    9     20    1   -0.0041584411668241254
   9    9     20    2   0.14809024643375227
   9    9     20    3   0.89987434063902549
   9    9     20    4   -0.00015504243750405855
   9    9     20    5   0.00029516570735126427
   9    9     20    6   0.23493077068669471
   9    9     20    7   0.18628531895750772
   9    9     20    8   -0.13601418556336262
   9    9     20    9   -1.2621375461457423
   9    9     20   10   -5.3606346105740377
   9    9     20   11   0.45414386332470297
   9    9     20   12   -0.11798795539570017
   9    9     20   13   0.57065559324932202
   9    9     20   14   -0.48563246371938101
   9    9     20   15   0.38781270898089126
   9    9     20   16   0.36893856319339924
   9    9     20   17   -1.2511461717416683
   9    9     20   18   -0.39311258557426226
   9    9     20   19   -0.26513260741203487
   9    9     20   20   -0.56484177992161133
   9    9     20   21   -3.8845338338934066
   9    9     20   22   1.2741215748121797
   9    9     20   23   -0.82210831589693689
   9    9     20   24   -0.46246200310237084
   9    9     20   25   -0.75481431696835277
   9    9     20   26   0.34799933966677393
   9    9     20   27   -0.86405826106861761
   9    9     20   28   1.9740739724505332
   9    9     20   29   -2.2560333076624977
   9    9     20   30   -0.026499606268466286
   9    9     20   31   -0.37332182832144856
   9    9     20   32   -3.4665919533330891
   9    9     20   33   -0.26594782749381729
   9    9     21    0   4.5371230956945529e-07
   9    9     21    1   0.00063744296416370797
   9    9     21    2   -0.053832787501343522
   9    9     21    3   0.29998916851434992
   9    9     21    4   -6.2482008025798561e-05
   9    9     21    5   -0.00019557358033055333
   9    9     21    6   0.49948761799154123
   9    9     21    7   -0.22507772340072554
   9    9     21    8   0.59599258637527752
   9    9     21    9   1.6274392009501404
   9    9     21   10   0.82778411397436558
   9    9     21   11   -6.8850029896801841
   9    9     21   12   -0.56356622211894025
   9    9     21   13   0.50125977695907298
   9    9     21   14   2.0536009177694043
   9    9     21   15   -0.25891586132860106
   9    9     21   16   0.45972828506878427
   9    9     21   17   -0.87257584604954408
   9    9     21   18   -0.83743162071875521
   9    9     21   19   -2.7700670099905378
   9    9     21   20   -3.8845338338934066
   9    9     21   21   -0.43943785680046027
   9    9     21   22   1.3131415111706408
   9    9     21   23   -0.38717010379264616
   9    9     21   24   -2.9393307373350845
   9    9     21   25   0.16783732541396609
   9    9     21   26   -0.26628260510977497
   9    9     21   27   -0.3911877623079032
   9    9     21   28   0.094596253142688644
   9    9     21   29   -0.35842661780652657
   9    9     21   30   -0.33392099107553247
   9    9     21   31   -0.68055189537377925
   9    9     21   32   -0.38220179079072047
   9    9     21   33   -0.0070557231154253731
   9    9     22    0   6.1545797004926121e-05
   9    9     22    1   -0.0024820449995650792
   9    9     22    2   0.34978910018888565
   9    9     22    3   0.038400679132318302
   9    9     22    4   -2.150363864105428e-05
   9    9     22    5   0.00024452851834192146
   9    9     22    6   0.26285617893540264
   9    9     22    7   -0.48430183947826438
   9    9     22    8   2.7054247638521054
   9    9     22    9   -2.7010260130699275
   9    9     22   10   -1.6457134978041332
   9    9     22   11   -1.0784462412650242
   9    9     22   12   -4.8973628784272973
   9    9     22   13   1.2318175523406214
   9    9     22   14   -1.3696267425290662
   9    9     22   15   -2.5826036197836961
   9    9     22   16   1.4799419234422582
   9    9     22   17   1.4592432009891441
   9    9     22   18   -2.7702599092715334
   9    9     22   19   2.2196008130259064
   9    9     22   20   1.2741215748121797
   9    9     22   21   1.3131415111706408
   9    9     22   22   -1.4171679435416034
   9    9     22   23   -0.23701387561703524
   9    9     22   24   1.4089790274667671
   9    9     22   25   4.5965449544308781
   9    9     22   26   -0.81667208264916769
   9    9     22   27   -1.0209510100816319
   9    9     22   28   -0.42244769230712736
   9    9     22   29   -0.15766780400955427
   9    9     22   30   -0.99413628577200241
   9    9     22   31   1.0619483156539362
   9    9     22   32   0.14853771361666634
   9    9     22   33   -0.20518125062191914
   9    9     23    0   -0.00015539229186638533
   9    9     23    1   0.0003422436898163161
   9    9     23    2   0.22126712412128588
   9    9     23    3   0.19236187693836101
   9    9     23    4   -5.2314580725292691e-05
   9    9     23    5   -0.0036396633520786891
   9    9     23    6   0.15360584226118779
   9    9     23    7   0.91429781110697139
   9    9     23    8   0.44643898008507787
   9    9     23    9   -0.10982036645511774
   9    9     23   10   0.56594263983603954
   9    9     23   11   -0.15554546241783043
   9    9     23   12   -1.3238004644685439
   9    9     23   13   -5.3836680649216886
   9    9     23   14   0.35707506963392283
   9    9     23   15   -1.2461963837675925
   9    9     23   16   -0.55876787465135336
   9    9     23   17   0.39658665466104104
   9    9     23   18   -3.9263481433517855
   9    9     23   19   1.2595314919555849
   9    9     23   20   -0.82210831589693689
   9    9     23   21   -0.38717010379264616
   9    9     23   22   -0.23701387561703524
   9    9     23   23   -0.55669751267694301
   9    9     23   24   -0.86027870602348211
   9    9     23   25   1.9755955935680356
   9    9     23   26   -2.2531117302645089
   9    9     23   27   -0.44352237306510817
   9    9     23   28   -0.76060480287496812
   9    9     23   29   0.35550990932790999
   9    9     23   30   -3.4428439395334567
   9    9     23   31   -0.25872535189343721
   9    9     23   32   -0.019338048481514276
   9    9     23   33   -0.35095821169029234
   9    9     24    0   -3.8402802531163761e-06
   9    9     24    1   -0.0013242375602429714
   9    9     24    2   -0.27142445193562587
   9    9     24    3   0.92206394122335877
   9    9     24    4   -6.8108311297131643e-06
   9    9     24    5   0.00044487157580001352
   9    9     24    6   0.45144274035827148
   9    9     24    7   -0.55833214627088334
   9    9     24    8   0.21459375099513026
   9    9     24    9   -1.1580607822892723
   9    9     24   10   0.46093127591919447
   9    9     24   11   1.715606768053995
   9    9     24   12   0.30460733859776745
   9    9     24   13   0.8160583975550868
   9    9     24   14   -8.0871107608507291
   9    9     24   15   -0.51574715148005568
   9    9     24   16   0.45950390168394512
   9    9     24   17   0.25122291025488663
   9    9     24   18   -0.39118100622924984
   9    9     24   19   -1.0212310068328838
   9    9     24   20   -0.46246200310237084
   9    9     24   21   -2.9393307373350845
   9    9     24   22   1.4089790274667671
   9    9     24   23   -0.86027870602348211
   9    9     24   24   0.54690016473991876
   9    9     24   25   0.25597758618793892
   9    9     24   26   -0.079039062021819262
   9    9     24   27   -0.83423343831713115
   9    9     24   28   0.38477625125333242
   9    9     24   29   -3.3138315155653815
   9    9     24   30   -0.10316378985470566
   9    9     24   31   -0.27128353443803332
   9    9     24   32   -0.48088943644110627
   9    9     24   33   -0.21299294512216951
   9    9     25    0   8.8457150309020097e-05
   9    9     25    1   -0.001139250425631297
   9    9     25    2   -1.2552523516080731
   9    9     25    3   1.7809536802488743
   9    9     25    4   -1.0828052663933346e-05
   9    9     25    5   0.001481389497070613
   9    9     25    6   1.0297698553042158
   9    9     25    7   -1.3690605612167823
   9    9     25    8   1.4460954492104166
   9    9     25    9   -0.52512781286932197
   9    9     25   10   -1.0092623070994478
   9    9     25   11   -0.65811552141801255
   9    9     25   12   -0.39364983116259578
   9    9     25   13   -0.98672097718415985
   9    9     25   14   -0.99652939798675755
   9    9     25   15   -4.7607402220516315
   9    9     25   16   0.41188930964099923
   9    9     25   17   -0.76922107968680631
   9    9     25   18   0.11113898939767512
   9    9     25   19   -0.45128321009780004
   9    9     25   20   -0.75481431696835277
   9    9     25   21   0.16783732541396609
   9    9     25   22   4.5965449544308781
   9    9     25   23   1.9755955935680356
   9    9     25   24   0.25597758618793892
   9    9     25   25   -0.86564356093299388
   9    9     25   26   0.58281908394170434
   9    9     25   27   0.37637775375668864
   9    9     25   28   1.1908891331008231
   9    9     25   29   -0.61267826664626901
   9    9     25   30   0.3785198104846198
   9    9     25   31   -0.36320294731046421
   9    9     25   32   -0.92668893314420298
   9    9     25   33   2.8103348385712357
   9    9     26    0   -0.00013733456614529194
   9    9     26    1   0.0011800844375966185
   9    9     26    2   0.080757766241450063
   9    9     26    3   1.0777719176104281
   9    9     26    4   5.4254130065447266e-06
   9    9     26    5   -0.0038743664305043598
   9    9     26    6   0.99718426012736305
   9    9     26    7   -1.286611555538703
   9    9     26    8   -0.54436872035543016
   9    9     26    9   1.0045800488110683
   9    9     26   10   -1.4947004894255609
   9    9     26   11   0.14848588544866806
   9    9     26   12   0.40094336698898925
   9    9     26   13   0.79737564234631064
   9    9     26   14   -1.0097047827690968
   9    9     26   15   4.9391149762430144
   9    9     26   16   0.65249733290913781
   9    9     26   17   -0.47840935417587083
   9    9     26   18   -0.39357227051926924
   9    9     26   19   -0.13412383159820582
   9    9     26   20   0.34799933966677393
   9    9     26   21   -0.26628260510977497
   9    9     26   22   -0.81667208264916769
   9    9     26   23   -2.2531117302645089
   9    9     26   24   -0.079039062021819262
   9    9     26   25   0.58281908394170434
   9    9     26   26   -0.080013502886070884
   9    9     26   27   -3.2099031034975058
   9    9     26   28   -0.60375793534097444
   9    9     26   29   -0.34034827301114323
   9    9     26   30   -0.25975201019682964
   9    9     26   31   0.27114407425937331
   9    9     26   32   -1.0924701495195341
   9    9     26   33   -1.6691405386555538
   9    9     27    0   -7.1936433695256036e-06
   9    9     27    1   0.00052953681820973038
   9    9     27    2   0.45240082276747018
   9    9     27    3   -0.55103016286759976
   9    9     27    4   -4.1621210174975622e-06
   9    9     27    5   -0.0011368324350543222
   9    9     27    6   -0.28131972520011211
   9    9     27    7   0.92584255114300706
   9    9     27    8   1.7228536085955632
   9    9     27    9   0.30722565593362589
   9    9     27   10   0.82030019700235057
   9    9     27   11   0.21557221682044089
   9    9     27   12   -1.1506866029568315
   9    9     27   13   0.45648525063967405
   9    9     27   14   0.46273105243233481
   9    9     27   15   0.24718530799419161
   9    9     27   16   -8.1227052580483896
   9    9     27   17   -0.50886946776936992
   9    9     27   18   -2.9393999231072057
   9    9     27   19   1.4090916720748483
   9    9     27   20   -0.86405826106861761
   9    9     27   21   -0.3911877623079032
   9    9     27   22   -1.0209510100816319
   9    9     27   23   -0.44352237306510817
   9    9     27   24   -0.83423343831713115
   9    9     27   25   0.37637775375668864
   9    9     27   26   -3.2099031034975058
   9    9     27   27   0.54694878189150742
   9    9     27   28   0.25269983337894425
   9    9     27   29   -0.07099611431156358
   9    9     27   30   -0.48438007143031336
   9    9     27   31   -0.22279502399544626
   9    9     27   32   -0.093840732519287096
   9    9     27   33   -0.27785607443558819
   9    9     28    0   -1.1761235742526042e-05
   9    9     28    1   0.0018254665920893454
   9    9     28    2   1.0213245394965307
   9    9     28    3   -1.3622317609483587
   9    9     28    4   9.2867008541630718e-05
   9    9     28    5   -0.0010179414718692989
   9    9     28    6   -1.2848445306192608
   9    9     28    7   1.8076256361396841
   9    9     28    8   -0.66495045970801159
   9    9     28    9   -0.38090100564620105
   9    9     28   10   -0.98069200587367078
   9    9     28   11   1.5052561819356227
   9    9     28   12   -0.56616919411921141
   9    9     28   13   -1.0180206956802171
   9    9     28   14   0.41195068758450504
   9    9     28   15   -0.76343663398487027
   9    9     28   16   -1.0207281153011847
   9    9     28   17   -4.8525471228841068
   9    9     28   18   0.17362035280956845
   9    9     28   19   4.6234618552033382
   9    9     28   20   1.9740739724505332
   9    9     28   21   0.094596253142688644
   9    9     28   22   -0.42244769230712736
   9    9     28   23   -0.76060480287496812
   9    9     28   24   0.38477625125333242
   9    9     28   25   1.1908891331008231
   9    9     28   26   -0.60375793534097444
   9    9     28   27   0.25269983337894425
   9    9     28   28   -0.85871102734967364
   9    9     28   29   0.58787296586285187
   9    9     28   30   -0.92369166700590111
   9    9     28   31   2.7606419939464697
   9    9     28   32   0.36521530759524207
   9    9     28   33   -0.34956383755449683
   9    9     29    0   4.2666724554865246e-06
   9    9     29    1   -0.0046498765425517325
   9    9     29    2   1.0033782504912692
   9    9     29    3   -1.3325775668032807
   9    9     29    4   -0.00014442533037624936
   9    9     29    5   0.0010520744773534355
   9    9     29    6   0.082500813908577095
   9    9     29    7   1.1051308129078921
   9    9     29    8   0.13085265791018857
   9    9     29    9   0.38861699379378639
   9    9     29   10   0.79333975165679971
   9    9     29   11   -0.62126167263331389
   9    9     29   12   1.0291852269222745
   9    9     29   13   -1.5070796526709009
   9    9     29   14   0.66009888530569616
   9    9     29   15   -0.46763715470174827
   9    9     29   16   -1.0509528736428704
   9    9     29   17   5.0357792165364907
   9    9     29   18   -0.25838934373986649
   9    9     29   19   -0.79082981427912813
   9    9     29   20   -2.2560333076624972
   9    9     29   21   -0.35842661780652657
   9    9     29   22   -0.15766780400955427
   9    9     29   23   0.35550990932790999
   9    9     29   24   -3.3138315155653815
   9    9     29   25   -0.61267826664626901
   9    9     29   26   -0.34034827301114301
   9    9     29   27   -0.07099611431156358
   9    9     29   28   0.58787296586285187
   9    9     29   29   -0.05775581151658362
   9    9     29   30   -1.0873876454957045
   9    9     29   31   -1.6449298745464893
   9    9     29   32   -0.24674089265405608
   9    9     29   33   0.28172310146104906
   9    9     30    0   -0.00021136640762398968
   9    9     30    1   0.00039395715359064976
   9    9     30    2   -0.17627438871618586
   9    9     30    3   0.059587778521459862
   9    9     30    4   -8.0993779992561454e-05
   9    9     30    5   -0.0089166591677798893
   9    9     30    6   -0.19264188583053049
   9    9     30    7   -1.6605382712019658
   9    9     30    8   -2.2858483925655029
   9    9     30    9   0.58114756048616323
   9    9     30   10   -1.4860404501929831
   9    9     30   11   0.22690946256151409
   9    9     30   12   0.53380840296032972
   9    9     30   13   0.42228375407198732
   9    9     30   14   -0.46000714535157838
   9    9     30   15   5.3438769535096897
   9    9     30   16   0.2931969151410232
   9    9     30   17   -0.30519907660459972
   9    9     30   18   -0.38832853327003475
   9    9     30   19   0.16578851181542317
   9    9     30   20   -0.026499606268466286
   9    9     30   21   -0.33392099107553247
   9    9     30   22   -0.99413628577200241
   9    9     30   23   -3.4428439395334567
   9    9     30   24   -0.10316378985470566
   9    9     30   25   0.3785198104846198
   9    9     30   26   -0.25975201019682964
   9    9     30   27   -0.48438007143031336
   9    9     30   28   -0.92369166700590111
   9    9     30   29   -1.0873876454957045
   9    9     30   30   -0.69941319882797093
   9    9     30   31   0.54201524816807811
   9    9     30   32   -1.7184880132200435
   9    9     30   33   -4.69062771201129
   9    9     31    0   3.1185461733956612e-05
   9    9     31    1   -0.0061900158768952848
   9    9     31    2   0.32102483835881546
   9    9     31    3   0.6751482080728326
   9    9     31    4   -0.00040145776473741128
   9    9     31    5   0.0051473587573352539
   9    9     31    6   -1.5668478204979417
   9    9     31    7   1.0789625678806971
   9    9     31    8   -0.036405680006516984
   9    9     31    9   -2.5250027943027868
   9    9     31   10   -4.9693656568652314
   9    9     31   11   0.40600594796354589
   9    9     31   12   -0.42763248502364809
   9    9     31   13   0.47102322095192994
   9    9     31   14   -2.4254774304992859
   9    9     31   15   -2.6240290971560505
   9    9     31   16   0.27131202815388122
   9    9     31   17   -0.34146794787910567
   9    9     31   18   -0.012243010805317631
   9    9     31   19   -0.2492522382174156
   9    9     31   20   -0.37332182832144856
   9    9     31   21   -0.68055189537377925
   9    9     31   22   1.0619483156539362
   9    9     31   23   -0.25872535189343726
   9    9     31   24   -0.27128353443803332
   9    9     31   25   -0.36320294731046415
   9    9     31   26   0.27114407425937331
   9    9     31   27   -0.22279502399544626
   9    9     31   28   2.7606419939464697
   9    9     31   29   -1.6449298745464893
   9    9     31   30   0.54201524816807811
   9    9     31   31   -0.71720084245651827
   9    9     31   32   -4.6458833173923679
   9    9     31   33   1.3313759199852977
   9    9     32    0   -8.0482555234269158e-05
   9    9     32    1   -0.010479644502347576
   9    9     32    2   -0.18838119564206413
   9    9     32    3   -1.6786968949912042
   9    9     32    4   -0.00022160495986057923
   9    9     32    5   0.00037661448599565821
   9    9     32    6   -0.18186820573502999
   9    9     32    7   0.062778605256995954
   9    9     32    8   0.22158677793282563
   9    9     32    9   0.52879252061477744
   9    9     32   10   0.42231666567175458
   9    9     32   11   -2.33197654348211
   9    9     32   12   0.60917462667191102
   9    9     32   13   -1.5031654851377185
   9    9     32   14   0.29294050037301722
   9    9     32   15   -0.30515041334224752
   9    9     32   16   -0.49831227120055888
   9    9     32   17   5.530048918000074
   9    9     32   18   -0.32862835219303843
   9    9     32   19   -0.98295282115584848
   9    9     32   20   -3.4665919533330882
   9    9     32   21   -0.38220179079072047
   9    9     32   22   0.14853771361666634
   9    9     32   23   -0.019338048481514263
   9    9     32   24   -0.48088943644110627
   9    9     32   25   -0.92668893314420298
   9    9     32   26   -1.0924701495195341
   9    9     32   27   -0.093840732519287096
   9    9     32   28   0.36521530759524212
   9    9     32   29   -0.24674089265405608
   9    9     32   30   -1.7184880132200435
   9    9     32   31   -4.645883317392367
   9    9     32   32   -0.68862107013861162
   9    9     32   33   0.55182412553231164
   9    9     33    0   -0.00040030888837167884
   9    9     33    1   0.0060883639253055009
   9    9     33    2   -1.6000122475545213
   9    9     33    3   1.1097728979026464
   9    9     33    4   3.4462645035068317e-05
   9    9     33    5   -0.0054914121069901322
   9    9     33    6   0.33375583192359759
   9    9     33    7   0.6731177466128595
   9    9     33    8   0.39501446084050895
   9    9     33    9   -0.4219353121402063
   9    9     33   10   0.47663647766493428
   9    9     33   11   -0.046031110092025235
   9    9     33   12   -2.6171040852530303
   9    9     33   13   -5.0304388951312582
   9    9     33   14   0.26536658050295736
   9    9     33   15   -0.33557814722294793
   9    9     33   16   -2.5514341961610709
   9    9     33   17   -2.7276803552889595
   9    9     33   18   -0.66725010345077795
   9    9     33   19   1.0379443284796694
   9    9     33   20   -0.26594782749381729
   9    9     33   21   -0.0070557231154253731
   9    9     33   22   -0.20518125062191914
   9    9     33   23   -0.35095821169029234
   9    9     33   24   -0.21299294512216951
   9    9     33   25   2.8103348385712357
   9    9     33   26   -1.6691405386555538
   9    9     33   27   -0.27785607443558819
   9    9     33   28   -0.34956383755449683
   9    9     33   29   0.28172310146104906
   9    9     33   30   -4.6906277120112891
   9    9     33   31   1.3313759199852977
   9    9     33   32   0.55182412553231153
   9    9     33   33   -0.70667010394708019
  10   10      0    0   0.29311072466795629
  10   10      0    1   1.6901076470347427
  10   10      0    2   -0.94864576830794645
  10   10      0    3   -3.9522355443507866
  10   10      0    4   -1.2103906070454871
  10   10      0    5   -0.58547991758315665
  10   10      0    6   -0.53370630716210321
  10   10      0    7   1.514838114055262
  10   10      0    8   1.2735767239676736
  10   10      0    9   0.29087435204349177
  10   10      0   10   -0.28565296922262756
  10   10      0   11   -0.38053416402683266
  10   10      0   12   -0.19386908095293903
  10   10      1    0   1.6901076470347427
  10   10      1    1   0.25185888989248589
  10   10      1    2   -1.0579110052646203
  10   10      1    3   -1.1740374612908275
  10   10      1    4   -2.2885409434125505
  10   10      1    5   0.76628859120443227
  10   10      1    6   -2.5992150077987937
  10   10      1    7   0.68020351133359092
  10   10      1    8   1.3767868830763488
  10   10      1    9   0.5039401231406293
  10   10      1   10   -0.5181576800769585
  10   10      1   11   -0.64083464932413792
  10   10      1   12   -0.74650885257871302
  10   10      2    0   -0.94864576830794645
  10   10      2    1   -1.0579110052646201
  10   10      2    2   -0.70990218175679776
  10   10      2    3   0.0020724854172761505
  10   10      2    4   -0.00060126785143719468
  10   10      2    5   -0.0029500999365438384
  10   10      2    6   -0.0031036558041806351
  10   10      2    7   -0.0010460803060234596
  10   10      2    8   -0.01067776959393606
  10   10      2    9   0.0066208591840647354
  10   10      2   10   -0.0030343698812551876
  10   10      2   11   0.0018210931189822669
  10   10      2   12   -0.0015070896328251615
  10   10      3    0   -3.9522355443507866
  10   10      3    1   -1.1740374612908275
  10   10      3    2   0.0020724854172760395
  10   10      3    3   0.267890555977295
  10   10      3    4   1.2956094978784425
  10   10      3    5   -0.55743074892597111
  10   10      3    6   0.89985615391293905
  10   10      3    7   -0.67351080110944883
  10   10      3    8   -1.5106883465180314
  10   10      3    9   -5.1653571913009868
  10   10      3   10   0.87125224568949233
  10   10      3   11   0.5025986924843836
  10   10      3   12   0.10617298836249583
  10   10      4    0   -1.2103906070454871
  10   10      4    1   -2.2885409434125505
  10   10      4    2   -0.00060126785143708365
  10   10      4    3   1.2956094978784425
  10   10      4    4   -0.10663631103915533
  10   10      4    5   0.7711071359397822
  10   10      4    6   0.43091850718008373
  10   10      4    7   0.25251038125246966
  10   10      4    8   -1.030948314484601
  10   10      4    9   0.29921967575472308
  10   10      4   10   0.93149587840090142
  10   10      4   11   0.36701599508744692
  10   10      4   12   0.16413030897863753
  10   10      5    0   -0.58547991758315621
  10   10      5    1   0.76628859120443205
  10   10      5    2   -0.0029500999365437829
  10   10      5    3   -0.55743074892597111
  10   10      5    4   0.7711071359397822
  10   10      5    5   -0.98135065201492178
  10   10      5    6   0.52999512839175678
  10   10      5    7   -0.28474677659264902
  10   10      5    8   -4.2484690231834525
  10   10      5    9   0.063055397539660205
  10   10      5   10   -0.35355617713668291
  10   10      5   11   -0.18654558474042568
  10   10      5   12   -0.02553263658437643
  10   10      6    0   -0.53370630716210321
  10   10      6    1   -2.5992150077987928
  10   10      6    2   -0.0031036558041806351
  10   10      6    3   0.89985615391293905
  10   10      6    4   0.43091850718008368
  10   10      6    5   0.52999512839175689
  10   10      6    6   0.25113730501690984
  10   10      6    7   -0.57650725120087065
  10   10      6    8   -4.8465590435139649
  10   10      6    9   -0.20345583279766299
  10   10      6   10   0.77995985248056265
  10   10      6   11   0.65585753884901798
  10   10      6   12   0.20983878857770488
  10   10      7    0   1.514838114055262
  10   10      7    1   0.68020351133359092
  10   10      7    2   -0.0010460803060234596
  10   10      7    3   -0.67351080110944883
  10   10      7    4   0.25251038125246966
  10   10      7    5   -0.28474677659264902
  10   10      7    6   -0.57650725120087065
  10   10      7    7   -1.2608013540721865
  10   10      7    8   0.81633681866696028
  10   10      7    9   -0.57147113367872016
  10   10      7   10   -0.65160758093829652
  10   10      7   11   0.10655050050317626
  10   10      7   12   0.11757802317633216
  10   10      8    0   1.2735767239676736
  10   10      8    1   1.3767868830763488
  10   10      8    2   -0.01067776959393606
  10   10      8    3   -1.5106883465180314
  10   10      8    4   -1.030948314484601
  10   10      8    5   -4.2484690231834525
  10   10      8    6   -4.8465590435139649
  10   10      8    7   0.81633681866696028
  10   10      8    8   0.096989796985611665
  10   10      8    9   -0.35590345527635692
  10   10      8   10   -6.3241984424232429
  10   10      8   11   0.14728144502922169
  10   10      8   12   -1.2776227529212643
  10   10      9    0   0.29087435204349182
  10   10      9    1   0.5039401231406293
  10   10      9    2   0.0066208591840647632
  10   10      9    3   -5.1653571913009868
  10   10      9    4   0.29921967575472319
  10   10      9    5   0.063055397539660205
  10   10      9    6   -0.20345583279766299
  10   10      9    7   -0.57147113367872016
  10   10      9    8   -0.35590345527635692
  10   10      9    9   -0.29812010868102207
  10   10      9   10   0.20138029517301678
  10   10      9   11   -4.7403197387681812
  10   10      9   12   -0.064220108543915175
  10   10     10    0   -0.28565296922262756
  10   10     10    1   -0.5181576800769585
  10   10     10    2   -0.0030343698812551876
  10   10     10    3   0.87125224568949233
  10   10     10    4   0.93149587840090142
  10   10     10    5   -0.35355617713668291
  10   10     10    6   0.77995985248056265
  10   10     10    7   -0.65160758093829652
  10   10     10    8   -6.3241984424232429
  10   10     10    9   0.20138029517301678
  10   10     10   10   -0.33708195956618064
  10   10     10   11   -0.29164137195882289
  10   10     10   12   -0.0012947700636066609
  10   10     11    0   -0.38053416402683266
  10   10     11    1   -0.64083464932413803
  10   10     11    2   0.0018210931189822669
  10   10     11    3   0.50259869248438349
  10   10     11    4   0.36701599508744692
  10   10     11    5   -0.18654558474042574
  10   10     11    6   0.65585753884901798
  10   10     11    7   0.10655050050317626
  10   10     11    8   0.14728144502922169
  10   10     11    9   -4.7403197387681812
  10   10     11   10   -0.29164137195882289
  10   10     11   11   -0.42510639783612919
  10   10     11   12   -0.2303596014662892
  10   10     12    0   -0.19386908095293903
  10   10     12    1   -0.74650885257871302
  10   10     12    2   -0.0015070896328251615
  10   10     12    3   0.10617298836249583
  10   10     12    4   0.16413030897863753
  10   10     12    5   -0.02553263658437643
  10   10     12    6   0.20983878857770488
  10   10     12    7   0.11757802317633216
  10   10     12    8   -1.2776227529212643
  10   10     12    9   -0.064220108543915175
  10   10     12   10   -0.0012947700636066609
  10   10     12   11   -0.23035960146628925
  10   10     12   12   0.042197121466837795
  11   11      0    0   -5.2820347004627148
  11   11      0    1   -6.1754775273464659
  11   11      0    2   -3.0133281578353235
  11   11      0    3   -3.1426837484904615
  11   11      0    4   -0.00053790751259486858
  11   11      0    5   -6.6119544124346825e-05
  11   11      0    6   -0.00044557957200557212
  11   11      0    7   -0.00021596158561999957
  11   11      0    8   0.00065873128191639959
  11   11      0    9   -6.5004178394933337e-05
  11   11      0   10   3.988129936760361e-05
  11   11      0   11   -0.00020327349731321672
  11   11      0   12   -1.3935248213925648e-05
  11   11      0   13   7.9217045484786223e-05
  11   11      0   14   -0.00013341999452429234
  11   11      0   15   -0.00029877208893123406
  11   11      0   16   -0.00035712290615981963
  11   11      1    0   -6.1754775273464659
  11   11      1    1   0.88925312384122279
  11   11      1    2   -2.4471467459086558
  11   11      1    3   -0.59904374838172381
  11   11      1    4   -0.0046770308599110638
  11   11      1    5   -0.0066402445221136544
  11   11      1    6   -0.024218485586600197
  11   11      1    7   -0.0088203866406131922
  11   11      1    8   -0.0030692209972732294
  11   11      1    9   0.0003705127245115858
  11   11      1   10   -0.0022139420124566069
  11   11      1   11   -0.0038157310463298295
  11   11      1   12   -0.00086794290766012655
  11   11      1   13   0.00059424311144545231
  11   11      1   14   -0.003343216859700997
  11   11      1   15   -0.0098469409150704918
  11   11      1   16   -0.00025035606451490934
  11   11      2    0   -3.0133281578353244
  11   11      2    1   -2.4471467459086558
  11   11      2    2   -1.9282118556537726
  11   11      2    3   -3.0915460514734643
  11   11      2    4   -1.9585438869258034
  11   11      2    5   0.046891994034009676
  11   11      2    6   -1.87303146781331
  11   11      2    7   0.47294580055823171
  11   11      2    8   3.7452696024802901
  11   11      2    9   0.44878766098373163
  11   11      2   10   0.60828950077801214
  11   11      2   11   0.33975737680056883
  11   11      2   12   0.18194074946554165
  11   11      2   13   -0.22135305846628142
  11   11      2   14   1.0429432071820564
  11   11      2   15   -0.31783336783623301
  11   11      2   16   -1.2106964246961278
  11   11      3    0   -3.1426837484904615
  11   11      3    1   -0.59904374838172425
  11   11      3    2   -3.0915460514734643
  11   11      3    3   2.2764933761022674
  11   11      3    4   0.91061443506587958
  11   11      3    5   -1.9942769220382306
  11   11      3    6   -4.8360844168677826
  11   11      3    7   -2.0936094908994445
  11   11      3    8   -2.5212255187609061
  11   11      3    9   0.083456790929444608
  11   11      3   10   -0.44522900773808505
  11   11      3   11   1.0630137638807455
  11   11      3   12   0.38077247476263809
  11   11      3   13   0.42320679439854153
  11   11      3   14   -0.23788149209661111
  11   11      3   15   -1.5699269656787023
  11   11      3   16   1.7814012422268859
  11   11      4    0   -0.00053790751259486858
  11   11      4    1   -0.0046770308599112858
  11   11      4    2   -1.9585438869258038
  11   11      4    3   0.91061443506587958
  11   11      4    4   -2.7810714377944774
  11   11      4    5   -2.7227431275487533
  11   11      4    6   -4.8797164141890823
  11   11      4    7   -4.1719437368719277
  11   11      4    8   1.3233556290695161
  11   11      4    9   -6.4090923237503468
  11   11      4   10   1.6142268986551849
  11   11      4   11   0.32289918512534926
  11   11      4   12   1.8693704557546944
  11   11      4   13   0.80661525419955615
  11   11      4   14   -0.41760168518759433
  11   11      4   15   -2.0842403313218978
  11   11      4   16   0.35877305365963269
  11   11      5    0   -6.6119544123902736e-05
  11   11      5    1   -0.0066402445221132103
  11   11      5    2   0.046891994034009565
  11   11      5    3   -1.9942769220382306
  11   11      5    4   -2.7227431275487541
  11   11      5    5   1.1085699754071774
  11   11      5    6   1.0816582713001031
  11   11      5    7   0.48064560712718207
  11   11      5    8   4.4633965964504938
  11   11      5    9   1.039969149676792
  11   11      5   10   -7.6259453777066097
  11   11      5   11   -1.4096329672321533
  11   11      5   12   -0.87381476650915479
  11   11      5   13   -0.93483537527507676
  11   11      5   14   1.4248196224812764
  11   11      5   15   1.1330379397712476
  11   11      5   16   -2.9850737582328004
  11   11      6    0   -0.0004455795720057109
  11   11      6    1   -0.024218485586600419
  11   11      6    2   -1.8730314678133102
  11   11      6    3   -4.8360844168677826
  11   11      6    4   -4.8797164141890832
  11   11      6    5   1.0816582713001028
  11   11      6    6   -2.3636599555584108
  11   11      6    7   -1.9379943484139237
  11   11      6    8   4.0269952869433352
  11   11      6    9   1.2753043525398797
  11   11      6   10   -0.43022670067214502
  11   11      6   11   -4.7981005987731811
  11   11      6   12   1.2402446570033239
  11   11      6   13   -1.9961133406780356
  11   11      6   14   -0.72015473469582991
  11   11      6   15   -1.0588271837611778
  11   11      6   16   -4.4688297659964951
  11   11      7    0   -0.00021596158562022162
  11   11      7    1   -0.0088203866406134143
  11   11      7    2   0.47294580055823171
  11   11      7    3   -2.0936094908994445
  11   11      7    4   -4.1719437368719277
  11   11      7    5   0.48064560712718202
  11   11      7    6   -1.9379943484139237
  11   11      7    7   -1.3906590067992834
  11   11      7    8   3.2700390175268099
  11   11      7    9   2.4591351620244666
  11   11      7   10   0.089060299976160245
  11   11      7   11   -0.15478250886103539
  11   11      7   12   -7.7660268514631499
  11   11      7   13   -0.59865317185473654
  11   11      7   14   -0.3616101129681692
  11   11      7   15   -0.20440090642410089
  11   11      7   16   -2.2262622750080143
  11   11      8    0   0.0006587312819159555
  11   11      8    1   -0.0030692209972735624
  11   11      8    2   3.7452696024802909
  11   11      8    3   -2.5212255187609065
  11   11      8    4   1.3233556290695161
  11   11      8    5   4.4633965964504929
  11   11      8    6   4.0269952869433352
  11   11      8    7   3.2700390175268099
  11   11      8    8   1.2980222400033599
  11   11      8    9   -1.1008898624970682
  11   11      8   10   -1.1227444011665682
  11   11      8   11   -0.83685307983385493
  11   11      8   12   -0.21957097207726067
  11   11      8   13   -5.6083843746143973
  11   11      8   14   4.5133341311464807
  11   11      8   15   5.1822855729386266
  11   11      8   16   -3.0302596445313994
  11   11      9    0   -6.5004178394933337e-05
  11   11      9    1   0.0003705127245115858
  11   11      9    2   0.44878766098373163
  11   11      9    3   0.083456790929444608
  11   11      9    4   -6.4090923237503468
  11   11      9    5   1.039969149676792
  11   11      9    6   1.2753043525398797
  11   11      9    7   2.4591351620244666
  11   11      9    8   -1.1008898624970682
  11   11      9    9   -1.1510807841102952
  11   11      9   10   -1.4426051473147605
  11   11      9   11   -4.2448534567849006
  11   11      9   12   -3.2785387897462632
  11   11      9   13   0.27039011818805747
  11   11      9   14   -0.64712518457555468
  11   11      9   15   -0.69078394270102117
  11   11      9   16   -0.67610238422391333
  11   11     10    0   3.988129936760361e-05
  11   11     10    1   -0.0022139420124566069
  11   11     10    2   0.60828950077801214
  11   11     10    3   -0.44522900773808505
  11   11     10    4   1.6142268986551849
  11   11     10    5   -7.6259453777066097
  11   11     10    6   -0.43022670067214502
  11   11     10    7   0.089060299976160245
  11   11     10    8   -1.1227444011665682
  11   11     10    9   -1.4426051473147605
  11   11     10   10   0.8330406534109428
  11   11     10   11   1.0322086918940268
  11   11     10   12   0.40857176757316666
  11   11     10   13   4.1540020148866015
  11   11     10   14   -0.96524699709570128
  11   11     10   15   -0.83624938359739209
  11   11     10   16   0.83860840039940332
  11   11     11    0   -0.00020327349731321672
  11   11     11    1   -0.0038157310463300515
  11   11     11    2   0.33975737680056883
  11   11     11    3   1.0630137638807455
  11   11     11    4   0.32289918512534926
  11   11     11    5   -1.4096329672321533
  11   11     11    6   -4.7981005987731811
  11   11     11    7   -0.15478250886103539
  11   11     11    8   -0.83685307983385515
  11   11     11    9   -4.2448534567849006
  11   11     11   10   1.0322086918940268
  11   11     11   11   -1.319442550680775
  11   11     11   12   -1.3111061280778467
  11   11     11   13   1.1940984292121637
  11   11     11   14   -1.8755780343434523
  11   11     11   15   -3.4346815331573386
  11   11     11   16   -0.62895303758916266
  11   11     12    0   -1.3935248213925648e-05
  11   11     12    1   -0.00086794290766012655
  11   11     12    2   0.18194074946554165
  11   11     12    3   0.38077247476263809
  11   11     12    4   1.8693704557546944
  11   11     12    5   -0.87381476650915479
  11   11     12    6   1.2402446570033239
  11   11     12    7   -7.7660268514631499
  11   11     12    8   -0.21957097207726067
  11   11     12    9   -3.2785387897462632
  11   11     12   10   0.40857176757316666
  11   11     12   11   -1.3111061280778467
  11   11     12   12   -0.18254120679494712
  11   11     12   13   0.62051216362326966
  11   11     12   14   -3.2587749387929206
  11   11     12   15   -0.56066373313322615
  11   11     12   16   -0.48016508076669234
  11   11     13    0   7.9217045484786223e-05
  11   11     13    1   0.00059424311144523026
  11   11     13    2   -0.22135305846628137
  11   11     13    3   0.42320679439854153
  11   11     13    4   0.80661525419955615
  11   11     13    5   -0.93483537527507676
  11   11     13    6   -1.9961133406780354
  11   11     13    7   -0.59865317185473654
  11   11     13    8   -5.6083843746143973
  11   11     13    9   0.27039011818805747
  11   11     13   10   4.1540020148866015
  11   11     13   11   1.1940984292121637
  11   11     13   12   0.62051216362326966
  11   11     13   13   0.33284124234044854
  11   11     13   14   -0.028581897059426948
  11   11     13   15   -0.55003871486770262
  11   11     13   16   2.3870575778415128
  11   11     14    0   -0.00013341999452429234
  11   11     14    1   -0.003343216859700997
  11   11     14    2   1.0429432071820564
  11   11     14    3   -0.23788149209661111
  11   11     14    4   -0.41760168518759411
  11   11     14    5   1.4248196224812766
  11   11     14    6   -0.72015473469583013
  11   11     14    7   -0.3616101129681692
  11   11     14    8   4.5133341311464807
  11   11     14    9   -0.64712518457555468
  11   11     14   10   -0.96524699709570128
  11   11     14   11   -1.8755780343434523
  11   11     14   12   -3.2587749387929206
  11   11     14   13   -0.028581897059426948
  11   11     14   14   -0.35608954123405573
  11   11     14   15   -1.3366955009520385
  11   11     14   16   -1.3254633433365188
  11   11     15    0   -0.00029877208893112304
  11   11     15    1   -0.0098469409150702698
  11   11     15    2   -0.31783336783623301
  11   11     15    3   -1.5699269656787023
  11   11     15    4   -2.0842403313218978
  11   11     15    5   1.1330379397712476
  11   11     15    6   -1.0588271837611778
  11   11     15    7   -0.20440090642410089
  11   11     15    8   5.1822855729386266
  11   11     15    9   -0.69078394270102117
  11   11     15   10   -0.83624938359739209
  11   11     15   11   -3.4346815331573386
  11   11     15   12   -0.56066373313322615
  11   11     15   13   -0.55003871486770262
  11   11     15   14   -1.3366955009520383
  11   11     15   15   -2.3512906669520675
  11   11     15   16   -4.0579225189123935
  11   11     16    0   -0.00035712290616004167
  11   11     16    1   -0.00025035606451490934
  11   11     16    2   -1.2106964246961278
  11   11     16    3   1.7814012422268855
  11   11     16    4   0.35877305365963275
  11   11     16    5   -2.9850737582327995
  11   11     16    6   -4.4688297659964942
  11   11     16    7   -2.2262622750080143
  11   11     16    8   -3.030259644531399
  11   11     16    9   -0.67610238422391333
  11   11     16   10   0.83860840039940332
  11   11     16   11   -0.62895303758916266
  11   11     16   12   -0.48016508076669234
  11   11     16   13   2.3870575778415128
  11   11     16   14   -1.3254633433365188
  11   11     16   15   -4.0579225189123935
  11   11     16   16   0.62390740257007493
  12   12      0    0   -1.0758669443971529
  12   12      0    1   -2.5728490092903029
  12   12      0    2   -2.6599786170770865
  12   12      0    3   -4.4485209422855307
  12   12      0    4   -2.6814106622077674
  12   12      0    5   1.5100246326609228
  12   12      0    6   -0.13900567694868368
  12   12      0    7   -0.91904421963941862
  12   12      0    8   0.61949892963701148
  12   12      0    9   1.919638311688455
  12   12      0   10   0.68060668019116222
  12   12      0   11   1.6965712520429401
  12   12      0   12   2.3959726908089163
  12   12      0   13   1.3301282938451635
  12   12      0   14   -0.95980638812151953
  12   12      0   15   0.15349868688614299
  12   12      0   16   -0.31738954356194599
  12   12      0   17   0.033937900577256756
  12   12      0   18   -0.20582197753174328
  12   12      0   19   -0.36237922295181202
  12   12      0   20   0.3288965781612514
  12   12      0   21   0.12566206506974881
  12   12      0   22   -0.5676243765067619
  12   12      1    0   -2.5728490092903029
  12   12      1    1   0.79160462874924709
  12   12      1    2   -3.300239578704371
  12   12      1    3   -2.0901796613393784
  12   12      1    4   1.3589973429861009
  12   12      1    5   -3.0293363913626599
  12   12      1    6   -1.4973205765100943
  12   12      1    7   -1.132687755608466
  12   12      1    8   -2.4187343959845831
  12   12      1    9   -1.0051201911647838
  12   12      1   10   1.9624178266650989
  12   12      1   11   -0.40145619524789122
  12   12      1   12   0.93402217557657352
  12   12      1   13   0.25321952351841642
  12   12      1   14   -1.4108098317626041
  12   12      1   15   -0.3629660913636451
  12   12      1   16   0.33799785109561814
  12   12      1   17   0.55280287948751738
  12   12      1   18   0.13072785696736239
  12   12      1   19   0.52740751105998007
  12   12      1   20   -0.29072486511721807
  12   12      1   21   -0.55004412784681977
  12   12      1   22   0.30151244610830208
  12   12      2    0   -2.659978617077086
  12   12      2    1   -3.300239578704371
  12   12      2    2   -1.5332654128636054
  12   12      2    3   -1.4501830068856476
  12   12      2    4   0.0016829677933217675
  12   12      2    5   0.00043578362893000467
  12   12      2    6   0.0015120032933511934
  12   12      2    7   0.0026345765650503967
  12   12      2    8   0.0011318628195967104
  12   12      2    9   -0.0018371632261289161
  12   12      2   10   0.00048380642147460439
  12   12      2   11   0.0014473405013347104
  12   12      2   12   0.0031953729635754084
  12   12      2   13   0.0011105420799084034
  12   12      2   14   -0.0014938950042415384
  12   12      2   15   -0.00013864110955499651
  12   12      2   16   0.00019928195505015991
  12   12      2   17   0.00059018636005952313
  12   12      2   18   -6.8185029480551962e-06
  12   12      2   19   4.3430271692272761e-05
  12   12      2   20   0.00012716775168221766
  12   12      2   21   0.00032384828838144715
  12   12      2   22   0.00056380064815058945
  12   12      3    0   -4.448520942285529
  12   12      3    1   -2.0901796613393784
  12   12      3    2   -1.4501830068856476
  12   12      3    3   -1.7752006984912287
  12   12      3    4   -0.0070085553057632069
  12   12      3    5   -0.00097357434882211968
  12   12      3    6   -0.0053499031341201955
  12   12      3    7   -0.0046746655854884292
  12   12      3    8   -0.0043651296667888652
  12   12      3    9   0.0076754981777366589
  12   12      3   10   -0.0031168395966324151
  12   12      3   11   -0.0075316433629555729
  12   12      3   12   -0.020428973575780707
  12   12      3   13   -0.0071090401245642639
  12   12      3   14   0.0058666484807683829
  12   12      3   15   0.00056770125127840779
  12   12      3   16   -0.0010175612074976325
  12   12      3   17   -0.00332538079907019
  12   12      3   18   5.8879766249252623e-05
  12   12      3   19   -0.0009011511218284476
  12   12      3   20   -0.00027390886243314628
  12   12      3   21   -0.001412914293174551
  12   12      3   22   -0.0024678534758079346
  12   12      4    0   -2.6814106622077674
  12   12      4    1   1.3589973429861009
  12   12      4    2   0.001682967793321823
  12   12      4    3   -0.0070085553057632069
  12   12      4    4   -0.51656621978574468
  12   12      4    5   -1.196228331188586
  12   12      4    6   -0.41796068364033484
  12   12      4    7   0.4429896762999902
  12   12      4    8   -2.1462855989660832
  12   12      4    9   -0.126137755465069
  12   12      4   10   -1.319005811121492
  12   12      4   11   -2.6208478789071448
  12   12      4   12   -4.9961367818006854
  12   12      4   13   -1.3248253505584078
  12   12      4   14   1.0719377762702489
  12   12      4   15   -0.21010876158529443
  12   12      4   16   0.72528133945267526
  12   12      4   17   0.49097257434648783
  12   12      4   18   0.97092515942241842
  12   12      4   19   0.090024523337047857
  12   12      4   20   -0.037910408399651027
  12   12      4   21   -0.067363405292000841
  12   12      4   22   0.14931043929481522
  12   12      5    0   1.5100246326609232
  12   12      5    1   -3.0293363913626599
  12   12      5    2   0.00043578362892978263
  12   12      5    3   -0.00097357434882211968
  12   12      5    4   -1.1962283311885857
  12   12      5    5   0.99310385849053073
  12   12      5    6   0.16861307788847116
  12   12      5    7   0.52714237043379042
  12   12      5    8   -0.31781882922963828
  12   12      5    9   1.1308508010065934
  12   12      5   10   -2.3459962266391696
  12   12      5   11   -1.3235570973059596
  12   12      5   12   0.54672927206821198
  12   12      5   13   2.1273957290905403
  12   12      5   14   4.0084948191076908
  12   12      5   15   0.76575575000111573
  12   12      5   16   -0.62589883892764397
  12   12      5   17   -0.4136487863549756
  12   12      5   18   -0.16514240830217067
  12   12      5   19   -0.50417514985034517
  12   12      5   20   0.50298883245782866
  12   12      5   21   0.258571316225709
  12   12      5   22   -0.13526566834133041
  12   12      6    0   -0.13900567694868324
  12   12      6    1   -1.4973205765100943
  12   12      6    2   0.0015120032933510824
  12   12      6    3   -0.0053499031341201399
  12   12      6    4   -0.4179606836403349
  12   12      6    5   0.16861307788847113
  12   12      6    6   -0.9321015096277302
  12   12      6    7   -1.0978608790842441
  12   12      6    8   0.35781805234691361
  12   12      6    9   1.3012889444308666
  12   12      6   10   -4.3160138094280098
  12   12      6   11   2.0750058045489572
  12   12      6   12   -3.1882954490600062
  12   12      6   13   -0.3007108019937601
  12   12      6   14   3.5986878581278163
  12   12      6   15   0.35916144114693715
  12   12      6   16   0.11174477205782178
  12   12      6   17   0.16868260941810692
  12   12      6   18   0.21322532819513887
  12   12      6   19   -0.45846764613108931
  12   12      6   20   0.86550893662487782
  12   12      6   21   -0.39427112450738011
  12   12      6   22   -0.35510271221067985
  12   12      7    0   -0.91904421963941862
  12   12      7    1   -1.132687755608466
  12   12      7    2   0.0026345765650502857
  12   12      7    3   -0.0046746655854884292
  12   12      7    4   0.4429896762999902
  12   12      7    5   0.52714237043379042
  12   12      7    6   -1.0978608790842443
  12   12      7    7   -1.3421202563206702
  12   12      7    8   -0.42216024846165534
  12   12      7    9   0.38309052365836382
  12   12      7   10   -0.090038220565985636
  12   12      7   11   -2.6272972707390005
  12   12      7   12   -4.5174923852533988
  12   12      7   13   -1.8684060401780831
  12   12      7   14   1.8171288811521571
  12   12      7   15   0.31589363182815
  12   12      7   16   -0.487528699846839
  12   12      7   17   0.80460876926483493
  12   12      7   18   0.27879092235770375
  12   12      7   19   -0.18876967835950628
  12   12      7   20   -0.0020406218061582125
  12   12      7   21   -0.27993874797695312
  12   12      7   22   -0.18248413963583496
  12   12      8    0   0.61949892963701159
  12   12      8    1   -2.4187343959845831
  12   12      8    2   0.0011318628195964883
  12   12      8    3   -0.0043651296667889762
  12   12      8    4   -2.1462855989660827
  12   12      8    5   -0.31781882922963828
  12   12      8    6   0.35781805234691372
  12   12      8    7   -0.42216024846165529
  12   12      8    8   0.33612376106019698
  12   12      8    9   -0.023297162521436855
  12   12      8   10   -1.6432290762057331
  12   12      8   11   0.96992295373384008
  12   12      8   12   -1.8397403230671903
  12   12      8   13   -3.2277951445996007
  12   12      8   14   5.1363826115874183
  12   12      8   15   1.0654491199865113
  12   12      8   16   -0.091645292852000154
  12   12      8   17   0.23025530273368405
  12   12      8   18   -0.35369195245007318
  12   12      8   19   -0.10973592652221852
  12   12      8   20   0.18405622463506441
  12   12      8   21   0.18719343343983888
  12   12      8   22   0.061291511851201949
  12   12      9    0   1.9196383116884554
  12   12      9    1   -1.0051201911647838
  12   12      9    2   -0.0018371632261289161
  12   12      9    3   0.0076754981777366034
  12   12      9    4   -0.126137755465069
  12   12      9    5   1.1308508010065934
  12   12      9    6   1.3012889444308666
  12   12      9    7   0.38309052365836405
  12   12      9    8   -0.023297162521436855
  12   12      9    9   0.1314462036234014
  12   12      9   10   -0.20625589800263541
  12   12      9   11   3.7650889087072357
  12   12      9   12   3.7277737759973228
  12   12      9   13   1.8032203111235665
  12   12      9   14   -3.3893885185484605
  12   12      9   15   -0.10349400467376567
  12   12      9   16   -0.8081963519102483
  12   12      9   17   -0.77673925964873747
  12   12      9   18   0.018360506758220249
  12   12      9   19   -0.179860130117943
  12   12      9   20   -0.42048847431766545
  12   12      9   21   0.1912412433821824
  12   12      9   22   0.11578212910778116
  12   12     10    0   0.68060668019116222
  12   12     10    1   1.9624178266650989
  12   12     10    2   0.00048380642147460439
  12   12     10    3   -0.0031168395966324151
  12   12     10    4   -1.319005811121492
  12   12     10    5   -2.3459962266391696
  12   12     10    6   -4.3160138094280098
  12   12     10    7   -0.090038220565985636
  12   12     10    8   -1.6432290762057331
  12   12     10    9   -0.20625589800263541
  12   12     10   10   -0.30938631056719501
  12   12     10   11   -0.76835063905162826
  12   12     10   12   -0.49519636980027676
  12   12     10   13   -0.6815903322295741
  12   12     10   14   0.75822313900354887
  12   12     10   15   -5.1887168972708704
  12   12     10   16   1.3436908818258153
  12   12     10   17   -0.21083425514218362
  12   12     10   18   -0.039469447928545197
  12   12     10   19   0.54817426025107407
  12   12     10   20   -0.0096959364123938799
  12   12     10   21   -0.95679120669632123
  12   12     10   22   0.12335075807445356
  12   12     11    0   1.6965712520429401
  12   12     11    1   -0.40145619524789122
  12   12     11    2   0.0014473405013347104
  12   12     11    3   -0.0075316433629555729
  12   12     11    4   -2.6208478789071448
  12   12     11    5   -1.3235570973059596
  12   12     11    6   2.0750058045489572
  12   12     11    7   -2.6272972707390005
  12   12     11    8   0.96992295373384008
  12   12     11    9   3.7650889087072357
  12   12     11   10   -0.76835063905162826
  12   12     11   11   0.39265600126388378
  12   12     11   12   -0.25091995353290103
  12   12     11   13   -0.82344939263513051
  12   12     11   14   0.78302054839160062
  12   12     11   15   0.058278612692245796
  12   12     11   16   -5.7296029599857183
  12   12     11   17   -0.86182349632422806
  12   12     11   18   -0.48159534919367042
  12   12     11   19   0.61829702061854297
  12   12     11   20   1.0790187578600687
  12   12     11   21   0.56961039066603691
  12   12     11   22   -0.79379902004394742
  12   12     12    0   2.3959726908089163
  12   12     12    1   0.93402217557657363
  12   12     12    2   0.0031953729635754084
  12   12     12    3   -0.020428973575780374
  12   12     12    4   -4.9961367818006854
  12   12     12    5   0.54672927206821198
  12   12     12    6   -3.1882954490600062
  12   12     12    7   -4.5174923852533988
  12   12     12    8   -1.8397403230671903
  12   12     12    9   3.7277737759973228
  12   12     12   10   -0.49519636980027676
  12   12     12   11   -0.25091995353290103
  12   12     12   12   -0.77948299831769563
  12   12     12   13   -0.91177829326983384
  12   12     12   14   1.4292359272226691
  12   12     12   15   0.36083974313821998
  12   12     12   16   0.039166731505684449
  12   12     12   17   -4.2087639083060058
  12   12     12   18   0.83134713454989451
  12   12     12   19   -1.3766681660297901
  12   12     12   20   -0.14984924578452649
  12   12     12   21   -0.96841831859652816
  12   12     12   22   -1.6871330184159576
  12   12     13    0   1.3301282938451635
  12   12     13    1   0.25321952351841642
  12   12     13    2   0.0011105420799084034
  12   12     13    3   -0.0071090401245642639
  12   12     13    4   -1.3248253505584078
  12   12     13    5   2.1273957290905403
  12   12     13    6   -0.3007108019937601
  12   12     13    7   -1.8684060401780831
  12   12     13    8   -3.2277951445996007
  12   12     13    9   1.8032203111235665
  12   12     13   10   -0.6815903322295741
  12   12     13   11   -0.82344939263513051
  12   12     13   12   -0.91177829326983384
  12   12     13   13   0.23586063001143764
  12   12     13   14   -0.13536728408993845
  12   12     13   15   0.45798804371713714
  12   12     13   16   0.44434805470388516
  12   12     13   17   0.43106665727936239
  12   12     13   18   -4.9008132906305644
  12   12     13   19   -1.0896788660819141
  12   12     13   20   -1.502304861562664
  12   12     13   21   -0.067627002735095282
  12   12     13   22   -0.19802498262944512
  12   12     14    0   -0.95980638812151953
  12   12     14    1   -1.4108098317626043
  12   12     14    2   -0.0014938950042415384
  12   12     14    3   0.0058666484807683829
  12   12     14    4   1.0719377762702491
  12   12     14    5   4.0084948191076908
  12   12     14    6   3.5986878581278163
  12   12     14    7   1.8171288811521571
  12   12     14    8   5.1363826115874183
  12   12     14    9   -3.3893885185484605
  12   12     14   10   0.75822313900354887
  12   12     14   11   0.78302054839160062
  12   12     14   12   1.4292359272226691
  12   12     14   13   -0.13536728408993845
  12   12     14   14   -0.10942117157896235
  12   12     14   15   -0.78780340381582881
  12   12     14   16   -0.46200196449017339
  12   12     14   17   -0.78338846185713185
  12   12     14   18   0.1464563977143738
  12   12     14   19   -3.4572328993488886
  12   12     14   20   2.8427061182818649
  12   12     14   21   1.1055955320413067
  12   12     14   22   1.2050220189890442
  12   12     15    0   0.15349868688614299
  12   12     15    1   -0.3629660913636451
  12   12     15    2   -0.00013864110955499651
  12   12     15    3   0.00056770125127840779
  12   12     15    4   -0.21010876158529443
  12   12     15    5   0.76575575000111573
  12   12     15    6   0.35916144114693715
  12   12     15    7   0.31589363182815
  12   12     15    8   1.0654491199865113
  12   12     15    9   -0.10349400467376567
  12   12     15   10   -5.1887168972708704
  12   12     15   11   0.058278612692245796
  12   12     15   12   0.36083974313821998
  12   12     15   13   0.45798804371713714
  12   12     15   14   -0.78780340381582881
  12   12     15   15   -0.62926805305920996
  12   12     15   16   -0.063160543002535513
  12   12     15   17   -0.33328832200450459
  12   12     15   18   -0.57859507305738389
  12   12     15   19   0.36608422194629592
  12   12     15   20   -0.4409389510436072
  12   12     15   21   -0.2238383279781872
  12   12     15   22   -0.17388487141522668
  12   12     16    0   -0.31738954356194599
  12   12     16    1   0.33799785109561814
  12   12     16    2   0.00019928195505015991
  12   12     16    3   -0.0010175612074976325
  12   12     16    4   0.72528133945267526
  12   12     16    5   -0.62589883892764397
  12   12     16    6   0.11174477205782178
  12   12     16    7   -0.487528699846839
  12   12     16    8   -0.091645292852000154
  12   12     16    9   -0.8081963519102483
  12   12     16   10   1.3436908818258153
  12   12     16   11   -5.7296029599857183
  12   12     16   12   0.039166731505684449
  12   12     16   13   0.44434805470388516
  12   12     16   14   -0.46200196449017339
  12   12     16   15   -0.063160543002535513
  12   12     16   16   0.18689377402683557
  12   12     16   17   0.18976019129071361
  12   12     16   18   -0.74171750320472096
  12   12     16   19   0.35407574112767826
  12   12     16   20   -0.58444790880359843
  12   12     16   21   -0.094108655529686419
  12   12     16   22   -0.073658493398915892
  12   12     17    0   0.033937900577256756
  12   12     17    1   0.55280287948751738
  12   12     17    2   0.00059018636005952313
  12   12     17    3   -0.0033253807990702177
  12   12     17    4   0.49097257434648789
  12   12     17    5   -0.41364878635497554
  12   12     17    6   0.16868260941810689
  12   12     17    7   0.80460876926483504
  12   12     17    8   0.23025530273368405
  12   12     17    9   -0.77673925964873747
  12   12     17   10   -0.21083425514218362
  12   12     17   11   -0.86182349632422806
  12   12     17   12   -4.2087639083060058
  12   12     17   13   0.43106665727936239
  12   12     17   14   -0.78338846185713185
  12   12     17   15   -0.33328832200450459
  12   12     17   16   0.18976019129071361
  12   12     17   17   -0.59862934536268542
  12   12     17   18   -0.82320565347467756
  12   12     17   19   0.67157435840981328
  12   12     17   20   -1.3603783024845215
  12   12     17   21   -0.44645881988908287
  12   12     17   22   -0.51933966601280379
  12   12     18    0   -0.20582197753174328
  12   12     18    1   0.13072785696736239
  12   12     18    2   -6.8185029480551962e-06
  12   12     18    3   5.8879766249252623e-05
  12   12     18    4   0.97092515942241842
  12   12     18    5   -0.16514240830217067
  12   12     18    6   0.21322532819513887
  12   12     18    7   0.27879092235770375
  12   12     18    8   -0.35369195245007318
  12   12     18    9   0.018360506758220249
  12   12     18   10   -0.039469447928545197
  12   12     18   11   -0.48159534919367042
  12   12     18   12   0.83134713454989451
  12   12     18   13   -4.9008132906305644
  12   12     18   14   0.1464563977143738
  12   12     18   15   -0.57859507305738389
  12   12     18   16   -0.74171750320472096
  12   12     18   17   -0.82320565347467756
  12   12     18   18   -0.027125740087252079
  12   12     18   19   -0.16551198132916983
  12   12     18   20   0.054658950345513331
  12   12     18   21   -0.03541031353841588
  12   12     18   22   -0.24079274260229128
  12   12     19    0   -0.36237922295181202
  12   12     19    1   0.52740751105998029
  12   12     19    2   4.3430271692286639e-05
  12   12     19    3   -0.0009011511218284476
  12   12     19    4   0.090024523337047885
  12   12     19    5   -0.50417514985034517
  12   12     19    6   -0.45846764613108926
  12   12     19    7   -0.18876967835950628
  12   12     19    8   -0.10973592652221852
  12   12     19    9   -0.179860130117943
  12   12     19   10   0.54817426025107407
  12   12     19   11   0.61829702061854297
  12   12     19   12   -1.3766681660297899
  12   12     19   13   -1.0896788660819141
  12   12     19   14   -3.4572328993488886
  12   12     19   15   0.36608422194629592
  12   12     19   16   0.35407574112767826
  12   12     19   17   0.67157435840981328
  12   12     19   18   -0.16551198132916983
  12   12     19   19   0.30307403490138629
  12   12     19   20   0.31378477139391181
  12   12     19   21   0.057448846194274629
  12   12     19   22   0.30159861443002672
  12   12     20    0   0.3288965781612514
  12   12     20    1   -0.29072486511721829
  12   12     20    2   0.00012716775168221766
  12   12     20    3   -0.00027390886243324343
  12   12     20    4   -0.037910408399651027
  12   12     20    5   0.50298883245782866
  12   12     20    6   0.86550893662487782
  12   12     20    7   -0.0020406218061582403
  12   12     20    8   0.18405622463506441
  12   12     20    9   -0.42048847431766545
  12   12     20   10   -0.0096959364123938799
  12   12     20   11   1.0790187578600687
  12   12     20   12   -0.14984924578452649
  12   12     20   13   -1.502304861562664
  12   12     20   14   2.8427061182818654
  12   12     20   15   -0.4409389510436072
  12   12     20   16   -0.58444790880359843
  12   12     20   17   -1.3603783024845215
  12   12     20   18   0.054658950345513331
  12   12     20   19   0.31378477139391181
  12   12     20   20   0.1021614241406269
  12   12     20   21   -0.24670973020646444
  12   12     20   22   -0.36783130814045462
  12   12     21    0   0.12566206506974881
  12   12     21    1   -0.55004412784681977
  12   12     21    2   0.00032384828838144715
  12   12     21    3   -0.0014129142931744955
  12   12     21    4   -0.067363405292000841
  12   12     21    5   0.25857131622570895
  12   12     21    6   -0.39427112450738011
  12   12     21    7   -0.27993874797695312
  12   12     21    8   0.18719343343983894
  12   12     21    9   0.19124124338218246
  12   12     21   10   -0.95679120669632123
  12   12     21   11   0.56961039066603691
  12   12     21   12   -0.96841831859652816
  12   12     21   13   -0.067627002735095282
  12   12     21   14   1.1055955320413069
  12   12     21   15   -0.2238383279781872
  12   12     21   16   -0.094108655529686419
  12   12     21   17   -0.44645881988908293
  12   12     21   18   -0.03541031353841588
  12   12     21   19   0.057448846194274615
  12   12     21   20   -0.24670973020646442
  12   12     21   21   -0.29507403520975167
  12   12     21   22   -0.80156506172953668
  12   12     22    0   -0.5676243765067619
  12   12     22    1   0.30151244610830197
  12   12     22    2   0.00056380064815058945
  12   12     22    3   -0.0024678534758079624
  12   12     22    4   0.14931043929481527
  12   12     22    5   -0.13526566834133047
  12   12     22    6   -0.35510271221067985
  12   12     22    7   -0.18248413963583507
  12   12     22    8   0.061291511851201921
  12   12     22    9   0.11578212910778117
  12   12     22   10   0.12335075807445356
  12   12     22   11   -0.79379902004394742
  12   12     22   12   -1.6871330184159576
  12   12     22   13   -0.19802498262944512
  12   12     22   14   1.205022018989045
  12   12     22   15   -0.17388487141522668
  12   12     22   16   -0.073658493398915892
  12   12     22   17   -0.51933966601280379
  12   12     22   18   -0.24079274260229128
  12   12     22   19   0.30159861443002678
  12   12     22   20   -0.36783130814045462
  12   12     22   21   -0.80156506172953668
  12   12     22   22   -0.70083705095515569
  13   13      0    0   1.1577464579141994
  13   13      0    1   -0.40606691338929157
  13   13      0    2   -0.85354636465850608
  13   13      0    3   -0.00020703616658996918
  13   13      0    4   2.2826156103684054e-05
  13   13      0    5   -0.00042402740651003846
  13   13      0    6   -0.00024026164349737325
  13   13      0    7   2.6725292070441396e-05
  13   13      0    8   -4.1311654051000633e-05
  13   13      0    9   1.3475181682824007e-05
  13   13      0   10   2.6262356786607149e-05
  13   13      0   11   -9.0139284713634246e-05
  13   13      0   12   -4.7369436116256288e-05
  13   13      0   13   2.0941654276470362e-05
  13   13      0   14   -6.4282381292409803e-06
  13   13      0   15   1.0914153344834446e-05
  13   13      0   16   7.8046298322281098e-06
  13   13      0   17   0.00010439284033854023
  13   13      1    0   -0.40606691338929157
  13   13      1    1   0.61518748492307795
  13   13      1    2   0.8879186623103893
  13   13      1    3   -0.61891219671721531
  13   13      1    4   -1.8060953895235419
  13   13      1    5   1.3206682707822568
  13   13      1    6   -0.26497367234046931
  13   13      1    7   2.5999660984741135
  13   13      1    8   0.071454138241983836
  13   13      1    9   0.15924872549800653
  13   13      1   10   -0.50450204090517781
  13   13      1   11   0.25308682776414437
  13   13      1   12   0.6462111662655321
  13   13      1   13   0.034606973764332458
  13   13      1   14   -0.22039849574974543
  13   13      1   15   0.041311022374958969
  13   13      1   16   0.059393923452881685
  13   13      1   17   -0.53525127975888809
  13   13      2    0   -0.85354636465850608
  13   13      2    1   0.8879186623103893
  13   13      2    2   -0.14817969088951904
  13   13      2    3   -1.1839672300001418
  13   13      2    4   0.50808701274631707
  13   13      2    5   -1.5822440622921814
  13   13      2    6   -1.7146756781033174
  13   13      2    7   -0.35572520976811128
  13   13      2    8   0.020020414105176472
  13   13      2    9   0.015733153593813522
  13   13      2   10   -0.302803478220394
  13   13      2   11   0.0090509534054481235
  13   13      2   12   0.47963843012010832
  13   13      2   13   0.22079283292134089
  13   13      2   14   0.0025669595329711487
  13   13      2   15   0.58456495764052196
  13   13      2   16   0.045292461015089408
  13   13      2   17   -0.55510454098696693
  13   13      3    0   -0.00020703616659041327
  13   13      3    1   -0.61891219671721531
  13   13      3    2   -1.1839672300001418
  13   13      3    3   0.750581117335825
  13   13      3    4   1.7251167230163329
  13   13      3    5   1.8374904420346279
  13   13      3    6   -0.22168090229203136
  13   13      3    7   0.30262460945297204
  13   13      3    8   -5.7629379939317857
  13   13      3    9   1.0454156128203935
  13   13      3   10   -0.5293453405911337
  13   13      3   11   -0.10687788729539129
  13   13      3   12   -1.0428692403787503
  13   13      3   13   -0.8495517429179591
  13   13      3   14   0.78294037392713822
  13   13      3   15   -0.094318353341129216
  13   13      3   16   -0.9443313698266983
  13   13      3   17   -1.3916499706044816
  13   13      4    0   2.282615610346201e-05
  13   13      4    1   -1.8060953895235414
  13   13      4    2   0.50808701274631685
  13   13      4    3   1.7251167230163329
  13   13      4    4   -0.54083944201438117
  13   13      4    5   -0.68069428187812531
  13   13      4    6   -2.1613109922027718
  13   13      4    7   -1.7505491848840435
  13   13      4    8   -0.35235523790204742
  13   13      4    9   -4.9710492920015685
  13   13      4   10   -0.75445800516035177
  13   13      4   11   -1.2056734227124244
  13   13      4   12   0.20843979913112579
  13   13      4   13   -1.1054267497039025
  13   13      4   14   0.056727171522644435
  13   13      4   15   1.0139475745542161
  13   13      4   16   -1.6763742718691779
  13   13      4   17   0.31604152122843476
  13   13      5    0   -0.00042402740650992744
  13   13      5    1   1.320668270782257
  13   13      5    2   -1.5822440622921814
  13   13      5    3   1.8374904420346281
  13   13      5    4   -0.68069428187812531
  13   13      5    5   1.7890729686243296
  13   13      5    6   1.3053449202542675
  13   13      5    7   -0.85091365174449662
  13   13      5    8   -0.11700570976548405
  13   13      5    9   -0.059958785515698568
  13   13      5   10   -3.7830379717886982
  13   13      5   11   4.2571955930045915
  13   13      5   12   0.66523318581636315
  13   13      5   13   0.35666684943367249
  13   13      5   14   -1.3097864821358876
  13   13      5   15   1.0060143729928395
  13   13      5   16   0.12570569987573865
  13   13      5   17   -3.1700216689102798
  13   13      6    0   -0.00024026164349737325
  13   13      6    1   -0.26497367234046931
  13   13      6    2   -1.7146756781033174
  13   13      6    3   -0.22168090229203136
  13   13      6    4   -2.1613109922027713
  13   13      6    5   1.3053449202542675
  13   13      6    6   0.0071418620323454333
  13   13      6    7   0.83598388311172589
  13   13      6    8   0.23316883153029971
  13   13      6    9   0.2160405051567546
  13   13      6   10   0.51092345177266707
  13   13      6   11   -0.40816109994725147
  13   13      6   12   -7.2759087590840261
  13   13      6   13   0.89437315995217082
  13   13      6   14   -1.198045342190472
  13   13      6   15   -0.65098562756497103
  13   13      6   16   1.9810238920675656
  13   13      6   17   -1.7317188823788174
  13   13      7    0   2.672529207041364e-05
  13   13      7    1   2.5999660984741135
  13   13      7    2   -0.35572520976811128
  13   13      7    3   0.30262460945297209
  13   13      7    4   -1.7505491848840433
  13   13      7    5   -0.85091365174449674
  13   13      7    6   0.83598388311172589
  13   13      7    7   4.1046060993681399
  13   13      7    8   -0.18389071582107319
  13   13      7    9   0.065889830434997534
  13   13      7   10   0.27318697806311809
  13   13      7   11   0.019467466388114415
  13   13      7   12   -0.47033639089843698
  13   13      7   13   -4.8114994918588918
  13   13      7   14   -0.82605725795280771
  13   13      7   15   -3.1343650615117196
  13   13      7   16   5.5497011479241305
  13   13      7   17   0.3966214776620916
  13   13      8    0   -4.1311654051000633e-05
  13   13      8    1   0.071454138241983836
  13   13      8    2   0.020020414105176472
  13   13      8    3   -5.7629379939317857
  13   13      8    4   -0.35235523790204742
  13   13      8    5   -0.11700570976548405
  13   13      8    6   0.23316883153029971
  13   13      8    7   -0.18389071582107319
  13   13      8    8   0.054776898783869266
  13   13      8    9   1.173473316961511
  13   13      8   10   2.764403537885078
  13   13      8   11   0.080319361402247949
  13   13      8   12   -0.28448758719522393
  13   13      8   13   0.26540461206988847
  13   13      8   14   0.13444817984301313
  13   13      8   15   0.023593660185299851
  13   13      8   16   -0.10384518683932345
  13   13      8   17   -0.17269023203983425
  13   13      9    0   1.3475181682824007e-05
  13   13      9    1   0.15924872549800653
  13   13      9    2   0.015733153593813522
  13   13      9    3   1.0454156128203935
  13   13      9    4   -4.9710492920015685
  13   13      9    5   -0.059958785515698568
  13   13      9    6   0.2160405051567546
  13   13      9    7   0.065889830434997534
  13   13      9    8   1.173473316961511
  13   13      9    9   -0.30407135403218516
  13   13      9   10   -0.50049294706121683
  13   13      9   11   -0.16908256967441154
  13   13      9   12   -1.2228169182679547
  13   13      9   13   -1.4334452083360854
  13   13      9   14   -2.6640376418063307
  13   13      9   15   0.026629401680701801
  13   13      9   16   -0.27316887264348139
  13   13      9   17   0.022126626055405323
  13   13     10    0   2.6262356786551638e-05
  13   13     10    1   -0.50450204090517781
  13   13     10    2   -0.302803478220394
  13   13     10    3   -0.52934534059113392
  13   13     10    4   -0.75445800516035177
  13   13     10    5   -3.7830379717886982
  13   13     10    6   0.51092345177266707
  13   13     10    7   0.27318697806311809
  13   13     10    8   2.764403537885078
  13   13     10    9   -0.50049294706121683
  13   13     10   10   0.25222312676987357
  13   13     10   11   0.055383224182151823
  13   13     10   12   -0.10511347393299099
  13   13     10   13   -0.080756937533864481
  13   13     10   14   -0.46103657991646402
  13   13     10   15   -0.14450537739469752
  13   13     10   16   0.94389236333530857
  13   13     10   17   1.5947942492514635
  13   13     11    0   -9.0139284713523223e-05
  13   13     11    1   0.25308682776414437
  13   13     11    2   0.0090509534054483455
  13   13     11    3   -0.10687788729539126
  13   13     11    4   -1.2056734227124244
  13   13     11    5   4.2571955930045915
  13   13     11    6   -0.40816109994725153
  13   13     11    7   0.019467466388114387
  13   13     11    8   0.080319361402247949
  13   13     11    9   -0.16908256967441154
  13   13     11   10   0.055383224182151823
  13   13     11   11   -0.21936934912707981
  13   13     11   12   -2.2517724692619505
  13   13     11   13   0.51190946224336475
  13   13     11   14   -0.37189039992071538
  13   13     11   15   -0.070121526466238135
  13   13     11   16   0.20210490962268166
  13   13     11   17   -1.3026174371031998
  13   13     12    0   -4.7369436116256288e-05
  13   13     12    1   0.6462111662655321
  13   13     12    2   0.47963843012010832
  13   13     12    3   -1.0428692403787503
  13   13     12    4   0.20843979913112579
  13   13     12    5   0.66523318581636315
  13   13     12    6   -7.2759087590840261
  13   13     12    7   -0.47033639089843698
  13   13     12    8   -0.28448758719522393
  13   13     12    9   -1.2228169182679547
  13   13     12   10   -0.10511347393299099
  13   13     12   11   -2.2517724692619505
  13   13     12   12   -0.31570184459510414
  13   13     12   13   0.53962587551848373
  13   13     12   14   -0.25287546624481982
  13   13     12   15   0.52054858384020075
  13   13     12   16   -0.49313050989752993
  13   13     12   17   -0.58165789273653556
  13   13     13    0   2.0941654276470362e-05
  13   13     13    1   0.034606973764332458
  13   13     13    2   0.22079283292134089
  13   13     13    3   -0.8495517429179591
  13   13     13    4   -1.1054267497039025
  13   13     13    5   0.35666684943367249
  13   13     13    6   0.89437315995217082
  13   13     13    7   -4.8114994918588918
  13   13     13    8   0.26540461206988847
  13   13     13    9   -1.4334452083360854
  13   13     13   10   -0.080756937533864481
  13   13     13   11   0.51190946224336475
  13   13     13   12   0.53962587551848373
  13   13     13   13   1.3974403103703663
  13   13     13   14   -0.91148932699877738
  13   13     13   15   2.0874460109435451
  13   13     13   16   0.04786196278478537
  13   13     13   17   -0.019367878412896482
  13   13     14    0   -6.4282381292409803e-06
  13   13     14    1   -0.22039849574974543
  13   13     14    2   0.0025669595329711487
  13   13     14    3   0.78294037392713822
  13   13     14    4   0.056727171522644441
  13   13     14    5   -1.3097864821358878
  13   13     14    6   -1.198045342190472
  13   13     14    7   -0.82605725795280749
  13   13     14    8   0.13444817984301313
  13   13     14    9   -2.6640376418063307
  13   13     14   10   -0.46103657991646413
  13   13     14   11   -0.37189039992071538
  13   13     14   12   -0.25287546624481982
  13   13     14   13   -0.91148932699877738
  13   13     14   14   -0.071229102164503649
  13   13     14   15   0.52273920087985692
  13   13     14   16   -2.0167784866107032
  13   13     14   17   0.56181469123943362
  13   13     15    0   1.0914153344723424e-05
  13   13     15    1   0.041311022374958969
  13   13     15    2   0.58456495764052208
  13   13     15    3   -0.094318353341129188
  13   13     15    4   1.0139475745542161
  13   13     15    5   1.0060143729928397
  13   13     15    6   -0.65098562756497103
  13   13     15    7   -3.1343650615117196
  13   13     15    8   0.023593660185299851
  13   13     15    9   0.026629401680701801
  13   13     15   10   -0.14450537739469752
  13   13     15   11   -0.070121526466238135
  13   13     15   12   0.52054858384020075
  13   13     15   13   2.0874460109435451
  13   13     15   14   0.52273920087985692
  13   13     15   15   1.0392005070431265
  13   13     15   16   -3.4428079165243912
  13   13     15   17   -0.44511256773517188
  13   13     16    0   7.8046298321725986e-06
  13   13     16    1   0.059393923452881671
  13   13     16    2   0.045292461015089401
  13   13     16    3   -0.94433136982669852
  13   13     16    4   -1.6763742718691779
  13   13     16    5   0.12570569987573868
  13   13     16    6   1.9810238920675654
  13   13     16    7   5.5497011479241305
  13   13     16    8   -0.10384518683932345
  13   13     16    9   -0.27316887264348139
  13   13     16   10   0.94389236333530879
  13   13     16   11   0.20210490962268166
  13   13     16   12   -0.49313050989752993
  13   13     16   13   0.04786196278478537
  13   13     16   14   -2.0167784866107032
  13   13     16   15   -3.4428079165243912
  13   13     16   16   0.10926578407707208
  13   13     16   17   -0.069057895347844969
  13   13     17    0   0.00010439284033859575
  13   13     17    1   -0.5352512797588882
  13   13     17    2   -0.55510454098696693
  13   13     17    3   -1.3916499706044816
  13   13     17    4   0.31604152122843482
  13   13     17    5   -3.1700216689102798
  13   13     17    6   -1.7317188823788174
  13   13     17    7   0.3966214776620916
  13   13     17    8   -0.17269023203983425
  13   13     17    9   0.022126626055405323
  13   13     17   10   1.5947942492514635
  13   13     17   11   -1.3026174371031998
  13   13     17   12   -0.58165789273653556
  13   13     17   13   -0.019367878412896482
  13   13     17   14   0.56181469123943351
  13   13     17   15   -0.44511256773517188
  13   13     17   16   -0.069057895347844955
  13   13     17   17   2.7077973209545596
  14   14      0    0   -1.3931534468540352
  14   14      0    1   1.1733928264845825
  14   14      0    2   -0.29635419688810094
  14   14      0    3   -3.8170823432950529
  14   14      0    4   -1.989710898917963
  14   14      0    5   0.52755714648004559
  14   14      0    6   -2.8214656571762546
  14   14      0    7   -0.36290244353731543
  14   14      0    8   -0.31459519183745449
  14   14      0    9   -0.58905773552845997
  14   14      0   10   -5.1320935415727522
  14   14      0   11   0.29084568159908825
  14   14      0   12   1.8662127914616127
  14   14      0   13   0.2033175968667445
  14   14      0   14   -0.34372990379844998
  14   14      0   15   -0.26090084155651272
  14   14      0   16   1.8088455837727446
  14   14      0   17   0.95216745549990478
  14   14      0   18   0.030384505180395999
  14   14      0   19   0.54666478582048772
  14   14      0   20   -0.62552581608069835
  14   14      0   21   0.3345691729470095
  14   14      0   22   2.382818805705393
  14   14      0   23   2.1283114067671001
  14   14      0   24   0.97975464767074738
  14   14      0   25   -0.75619418855264342
  14   14      0   26   -0.28419670905253114
  14   14      0   27   0.08553671053700046
  14   14      0   28   0.36468926438237476
  14   14      0   29   -0.0011109378401513146
  14   14      0   30   -0.69749503470510987
  14   14      0   31   0.067961220120503679
  14   14      0   32   -0.16046815876501266
  14   14      0   33   -0.8773634492950898
  14   14      0   34   0.3511128403430071
  14   14      0   35   0.55253088494190394
  14   14      0   36   -0.024074387643411223
  14   14      0   37   0.080685848887622563
  14   14      0   38   -0.15391516245018622
  14   14      0   39   -0.42761281879599922
  14   14      1    0   1.1733928264845825
  14   14      1    1   -0.88581464736393445
  14   14      1    2   -3.8173618741280113
  14   14      1    3   1.0933624852894683
  14   14      1    4   -2.4235597491425582
  14   14      1    5   -4.0494033287107065
  14   14      1    6   -0.37657332118197773
  14   14      1    7   -1.5865559386698733
  14   14      1    8   -1.417704908070506
  14   14      1    9   -1.0095503563361983
  14   14      1   10   1.8646836427193583
  14   14      1   11   1.7806093376495835
  14   14      1   12   -1.3492619089567361
  14   14      1   13   -0.026337280146284982
  14   14      1   14   -0.057797003793964366
  14   14      1   15   -2.9013111584146647
  14   14      1   16   -0.38564196699852371
  14   14      1   17   0.58137101417810522
  14   14      1   18   -0.58448567456114853
  14   14      1   19   1.4238028972674077
  14   14      1   20   1.3640339904230707
  14   14      1   21   0.94355322004767128
  14   14      1   22   -1.6948389908624402
  14   14      1   23   0.11611277054096027
  14   14      1   24   0.22943781200921401
  14   14      1   25   -0.1209511285197324
  14   14      1   26   -1.2946662488995266
  14   14      1   27   -0.27199969037333388
  14   14      1   28   -0.40711047390008809
  14   14      1   29   0.82892561360875994
  14   14      1   30   0.73724423127032523
  14   14      1   31   -0.29576346389216834
  14   14      1   32   0.074781648254211311
  14   14      1   33   0.79898924025023388
  14   14      1   34   0.20162600246939938
  14   14      1   35   -0.31916512482503012
  14   14      1   36   -0.47617183606224656
  14   14      1   37   -0.39296033474557973
  14   14      1   38   0.25393044018518462
  14   14      1   39   0.01376622307856358
  14   14      2    0   -0.29635419688810094
  14   14      2    1   -3.8173618741280113
  14   14      2    2   -1.3917723017083177
  14   14      2    3   1.1770904484574725
  14   14      2    4   -1.9949253998393794
  14   14      2    5   -5.0990839700535737
  14   14      2    6   0.28244291072521555
  14   14      2    7   1.8659251589458841
  14   14      2    8   0.20818063107689894
  14   14      2    9   -0.25802321628586361
  14   14      2   10   0.54046219293235898
  14   14      2   11   -2.8196672438496444
  14   14      2   12   -0.36950729283476347
  14   14      2   13   -0.32129695973144518
  14   14      2   14   -0.60323730444465384
  14   14      2   15   0.95082532380801277
  14   14      2   16   0.036487795305144483
  14   14      2   17   -0.26792155375775745
  14   14      2   18   1.8339804952061909
  14   14      2   19   0.54423108155228195
  14   14      2   20   2.3956966940781252
  14   14      2   21   2.160731744941311
  14   14      2   22   -0.63056988981924578
  14   14      2   23   0.32209877518346663
  14   14      2   24   0.98148105090224802
  14   14      2   25   -0.26352600053003733
  14   14      2   26   -0.76780151852291689
  14   14      2   27   0.085077950207321174
  14   14      2   28   -0.69646776003531574
  14   14      2   29   0.082827983833325181
  14   14      2   30   0.36593856078801601
  14   14      2   31   0.001486609859763415
  14   14      2   32   -0.15880815180560276
  14   14      2   33   0.54508468551616263
  14   14      2   34   -0.023730261299042876
  14   14      2   35   -0.89994120045074066
  14   14      2   36   0.37059210414116106
  14   14      2   37   0.082305580294347286
  14   14      2   38   -0.40341256576445367
  14   14      2   39   -0.15179940887466958
  14   14      3    0   -3.8170823432950529
  14   14      3    1   1.0933624852894683
  14   14      3    2   1.1770904484574727
  14   14      3    3   -0.88703306198166687
  14   14      3    4   -2.3996691161443398
  14   14      3    5   1.8449305387098986
  14   14      3    6   1.7679481907589221
  14   14      3    7   -1.342386135338556
  14   14      3    8   -0.0098739040330131037
  14   14      3    9   -0.075310959880918113
  14   14      3   10   -4.0594254190300632
  14   14      3   11   -0.37927683163285547
  14   14      3   12   -1.5968663453425795
  14   14      3   13   -1.4491235980319139
  14   14      3   14   -1.0743646811875263
  14   14      3   15   0.5791645798032955
  14   14      3   16   -0.57928467026472485
  14   14      3   17   -2.9131357583004336
  14   14      3   18   -0.39877178723217405
  14   14      3   19   1.4172084387284578
  14   14      3   20   -1.6954334222351577
  14   14      3   21   0.10439720855579972
  14   14      3   22   1.3476332202026897
  14   14      3   23   0.89614983482985344
  14   14      3   24   0.22237301250944197
  14   14      3   25   -1.2698571068863524
  14   14      3   26   -0.12970552485473361
  14   14      3   27   -0.26992866135583543
  14   14      3   28   0.73266188483885453
  14   14      3   29   -0.29280655191414712
  14   14      3   30   -0.40371518208538854
  14   14      3   31   0.84862761204307524
  14   14      3   32   0.073840601763569963
  14   14      3   33   -0.3235780254041315
  14   14      3   34   -0.43808044661639622
  14   14      3   35   0.81594814806785232
  14   14      3   36   0.2139073422933446
  14   14      3   37   -0.38070230199961214
  14   14      3   38   0.0090716024893626873
  14   14      3   39   0.26847384600383145
  14   14      4    0   -1.9897108989179626
  14   14      4    1   -2.4235597491425582
  14   14      4    2   -1.9949253998393794
  14   14      4    3   -2.3996691161443402
  14   14      4    4   -2.0852913468579559
  14   14      4    5   -1.1098705188806581
  14   14      4    6   0.0013677857865327099
  14   14      4    7   0.00092918550189907418
  14   14      4    8   0.0016542023088547046
  14   14      4    9   0.0031696645330725982
  14   14      4   10   -1.0981031304354731
  14   14      4   11   0.0021468114553255106
  14   14      4   12   5.4835277695015548e-05
  14   14      4   13   0.0016517495446286643
  14   14      4   14   0.0018498843271065111
  14   14      4   15   0.0014863693151714789
  14   14      4   16   -0.0011626713761592889
  14   14      4   17   0.0009015093740775955
  14   14      4   18   -0.0025881220343732182
  14   14      4   19   0.00093617163138259895
  14   14      4   20   0.0018366305902209931
  14   14      4   21   0.0039064196836129115
  14   14      4   22   0.00081858148184203033
  14   14      4   23   0.0025758091835968917
  14   14      4   24   0.0015386536506259122
  14   14      4   25   -0.00088234636142418615
  14   14      4   26   -0.0024335840151782149
  14   14      4   27   -0.00019915494031863041
  14   14      4   28   -9.7831923077286583e-05
  14   14      4   29   0.00060477803652179561
  14   14      4   30   0.00036117965559929544
  14   14      4   31   0.00041490583470349228
  14   14      4   32   -5.8208818028654915e-05
  14   14      4   33   3.3046475033986046e-05
  14   14      4   34   -2.6777691372781641e-05
  14   14      4   35   4.3248986298072887e-05
  14   14      4   36   0.00021607559770918052
  14   14      4   37   0.00047326966207544851
  14   14      4   38   0.0007272225608316226
  14   14      4   39   0.00032755651237571375
  14   14      5    0   0.5275571464800457
  14   14      5    1   -4.0494033287107065
  14   14      5    2   -5.0990839700535737
  14   14      5    3   1.8449305387098984
  14   14      5    4   -1.1098705188806581
  14   14      5    5   -4.519458816079001
  14   14      5    6   -0.0011184635341356744
  14   14      5    7   -0.0043010753185815532
  14   14      5    8   -0.0030389331942157114
  14   14      5    9   -0.0057109406882137051
  14   14      5   10   2.1384667277242819
  14   14      5   11   -0.0083313237665566201
  14   14      5   12   0.0028106924302765501
  14   14      5   13   -0.0044122490072187916
  14   14      5   14   -0.00015182015815768152
  14   14      5   15   -0.005539577966374748
  14   14      5   16   -0.0011783562674805449
  14   14      5   17   -0.00026526656188539482
  14   14      5   18   0.011457567344274023
  14   14      5   19   -0.0030256130523044831
  14   14      5   20   -0.010558566735955503
  14   14      5   21   -0.023429710086588913
  14   14      5   22   0.0012335847385562047
  14   14      5   23   -0.0029248153764512026
  14   14      5   24   -0.0063011481305487501
  14   14      5   25   -0.005211331150211238
  14   14      5   26   0.013188143127544934
  14   14      5   27   0.00061640588700044802
  14   14      5   28   0.0020440062359028759
  14   14      5   29   -0.0034203585181266246
  14   14      5   30   -0.0030928280400986576
  14   14      5   31   -0.00031072674587835695
  14   14      5   32   0.00018570687114673705
  14   14      5   33   -0.00010755556347091546
  14   14      5   34   0.0010339794444311091
  14   14      5   35   -0.00099700362639283647
  14   14      5   36   -0.001191610373314373
  14   14      5   37   -0.0012464576023181932
  14   14      5   38   -0.0034115851324347589
  14   14      5   39   0.00045508121973871673
  14   14      6    0   -2.8214656571762546
  14   14      6    1   -0.37657332118197773
  14   14      6    2   0.28244291072521555
  14   14      6    3   1.7679481907589218
  14   14      6    4   0.0013677857865327099
  14   14      6    5   -0.0011184635341356189
  14   14      6    6   -0.66488507654082507
  14   14      6    7   1.0606172037943038
  14   14      6    8   -0.32064401750785887
  14   14      6    9   0.51392230648942605
  14   14      6   10   -0.0066710248073923685
  14   14      6   11   -0.39002497590289986
  14   14      6   12   -2.2761541533691196
  14   14      6   13   -0.10210723447579358
  14   14      6   14   -0.058752944016010208
  14   14      6   15   -0.068412772261629007
  14   14      6   16   -0.12441229342609533
  14   14      6   17   -2.1528962246530399
  14   14      6   18   0.033617183945047438
  14   14      6   19   -1.0102986341487701
  14   14      6   20   0.16647365910467715
  14   14      6   21   -0.4029093833816606
  14   14      6   22   -2.8543950388778141
  14   14      6   23   -4.682479982485404
  14   14      6   24   -0.97138081742744353
  14   14      6   25   0.94202926988439073
  14   14      6   26   0.20098387009676782
  14   14      6   27   -0.094127652776240758
  14   14      6   28   -0.53863511761840843
  14   14      6   29   0.22693434650839117
  14   14      6   30   1.2975551323052947
  14   14      6   31   0.25720423878657012
  14   14      6   32   0.71298583127109472
  14   14      6   33   0.36796865056675854
  14   14      6   34   -0.29842460887172895
  14   14      6   35   -0.31625780066690201
  14   14      6   36   0.31912066676879558
  14   14      6   37   -0.02965007162606758
  14   14      6   38   0.22183043792600274
  14   14      6   39   -0.03215953784806367
  14   14      7    0   -0.36290244353731543
  14   14      7    1   -1.5865559386698733
  14   14      7    2   1.8659251589458836
  14   14      7    3   -1.3423861353385564
  14   14      7    4   0.00092918550189918521
  14   14      7    5   -0.0043010753185813311
  14   14      7    6   1.0606172037943038
  14   14      7    7   -1.1298602988410895
  14   14      7    8   -0.27060677575928144
  14   14      7    9   0.80284880844525497
  14   14      7   10   0.001301107593845183
  14   14      7   11   -2.2718286570745159
  14   14      7   12   1.6685577137390271
  14   14      7   13   0.43635606643228575
  14   14      7   14   -0.31055031583571058
  14   14      7   15   -0.48788278745532393
  14   14      7   16   0.34418036029007887
  14   14      7   17   0.11283769735130138
  14   14      7   18   0.73849566464444816
  14   14      7   19   -1.6905450228081231
  14   14      7   20   -2.0536066779192566
  14   14      7   21   -0.86458707810665014
  14   14      7   22   0.65973510790557321
  14   14      7   23   1.3698284591952765
  14   14      7   24   1.5142862258156387
  14   14      7   25   -0.46287482899841509
  14   14      7   26   4.501996423373881
  14   14      7   27   0.56035522528132531
  14   14      7   28   0.11148226191378934
  14   14      7   29   -0.31971110240296874
  14   14      7   30   -0.70912536796879766
  14   14      7   31   -0.051142774931364279
  14   14      7   32   -0.1067167033688258
  14   14      7   33   -0.2515033099865685
  14   14      7   34   0.26034821541156755
  14   14      7   35   -0.21147298284907393
  14   14      7   36   0.23136296310913357
  14   14      7   37   0.18208532495647989
  14   14      7   38   -0.090018841677841605
  14   14      7   39   -0.018372864955915804
  14   14      8    0   -0.31459519183745449
  14   14      8    1   -1.417704908070506
  14   14      8    2   0.20818063107689883
  14   14      8    3   -0.0098739040330131037
  14   14      8    4   0.0016542023088546491
  14   14      8    5   -0.0030389331942156004
  14   14      8    6   -0.32064401750785887
  14   14      8    7   -0.27060677575928144
  14   14      8    8   -0.54997012614313434
  14   14      8    9   -0.59047898482058392
  14   14      8   10   -0.0041550926836744434
  14   14      8   11   -0.10350874899581541
  14   14      8   12   0.42649465771488282
  14   14      8   13   -0.89113351797294926
  14   14      8   14   -0.57146949691247984
  14   14      8   15   0.82574699124294371
  14   14      8   16   0.34408249620084008
  14   14      8   17   -0.50680859187890615
  14   14      8   18   0.98263265275847633
  14   14      8   19   -2.9950530063963354
  14   14      8   20   1.3229214336024242
  14   14      8   21   -1.8665177490924856
  14   14      8   22   0.68746720922569859
  14   14      8   23   -1.3502447978410872
  14   14      8   24   -0.20883722214728884
  14   14      8   25   1.9005854669891238
  14   14      8   26   1.7030966818796067
  14   14      8   27   0.27943339024080699
  14   14      8   28   0.0069950958158023612
  14   14      8   29   0.045277093907754938
  14   14      8   30   0.10203245347228163
  14   14      8   31   0.19278279321383895
  14   14      8   32   0.15833910938155041
  14   14      8   33   -0.41684582155168876
  14   14      8   34   0.094588619073619568
  14   14      8   35   -0.06359916698967262
  14   14      8   36   0.80380504913588657
  14   14      8   37   -0.32870601895111329
  14   14      8   38   -0.12917942007439115
  14   14      8   39   -0.21854437181120842
  14   14      9    0   -0.58905773552846008
  14   14      9    1   -1.0095503563361983
  14   14      9    2   -0.25802321628586361
  14   14      9    3   -0.075310959880917891
  14   14      9    4   0.0031696645330725982
  14   14      9    5   -0.0057109406882139271
  14   14      9    6   0.51392230648942605
  14   14      9    7   0.80284880844525541
  14   14      9    8   -0.59047898482058403
  14   14      9    9   -2.5243978281080834
  14   14      9   10   -0.0022820943107946289
  14   14      9   11   -0.065253078706193221
  14   14      9   12   -0.30558197267225057
  14   14      9   13   -0.57503326153518797
  14   14      9   14   0.67366720556190118
  14   14      9   15   -1.0106321265007789
  14   14      9   16   -1.4783289176410117
  14   14      9   17   0.61142027764318052
  14   14      9   18   1.9901825458556668
  14   14      9   19   -0.057816639106176258
  14   14      9   20   -2.464404249518894
  14   14      9   21   -4.4442904291994356
  14   14      9   22   -0.12256968677550531
  14   14      9   23   -0.10504935285037532
  14   14      9   24   -1.3050802288566044
  14   14      9   25   -1.3536319310956295
  14   14      9   26   3.1760367044049209
  14   14      9   27   0.22902358383136134
  14   14      9   28   0.01540677137443602
  14   14      9   29   0.48518387639878163
  14   14      9   30   -0.48986654182466638
  14   14      9   31   0.37912618368199313
  14   14      9   32   0.20547758103853592
  14   14      9   33   0.88164080510467058
  14   14      9   34   0.4477516859210629
  14   14      9   35   -1.0739173637130592
  14   14      9   36   -0.40780593922986391
  14   14      9   37   -0.19776932626200441
  14   14      9   38   -0.75736599793448189
  14   14      9   39   0.51699147103683163
  14   14     10    0   -5.1320935415727513
  14   14     10    1   1.8646836427193587
  14   14     10    2   0.54046219293235898
  14   14     10    3   -4.059425419030064
  14   14     10    4   -1.0981031304354729
  14   14     10    5   2.1384667277242819
  14   14     10    6   -0.0066710248073925905
  14   14     10    7   0.001301107593845183
  14   14     10    8   -0.0041550926836743879
  14   14     10    9   -0.0022820943107946289
  14   14     10   10   -4.4872705485188478
  14   14     10   11   -0.0022571839745198744
  14   14     10   12   -0.0027814402670027247
  14   14     10   13   -0.0029817180363048883
  14   14     10   14   -0.0039215933152909515
  14   14     10   15   -0.0012234212361282213
  14   14     10   16   0.0084868304744080778
  14   14     10   17   -0.0044309461929208588
  14   14     10   18   0.00098728022797523189
  14   14     10   19   -0.0029245852798778747
  14   14     10   20   -0.00039867790128270451
  14   14     10   21   -0.0048134203644570562
  14   14     10   22   -0.0081628153411441983
  14   14     10   23   -0.019522029464278869
  14   14     10   24   -0.0058234792837806096
  14   14     10   25   0.010005291888963392
  14   14     10   26   -0.0023013797932324664
  14   14     10   27   0.00056498633360599912
  14   14     10   28   -0.0021234838491929866
  14   14     10   29   -0.00062754615002659486
  14   14     10   30   0.0011781377973990705
  14   14     10   31   -0.0029076548257940408
  14   14     10   32   0.00017490723083640682
  14   14     10   33   -0.0008758146456036551
  14   14     10   34   -0.00070396973790067723
  14   14     10   35   -0.00014995843148888797
  14   14     10   36   0.00057698290753876937
  14   14     10   37   -0.0012110609801692694
  14   14     10   38   -0.00023650528093426904
  14   14     10   39   -0.0026513559031801155
  14   14     11    0   0.29084568159908825
  14   14     11    1   1.7806093376495833
  14   14     11    2   -2.8196672438496453
  14   14     11    3   -0.37927683163285547
  14   14     11    4   0.0021468114553255106
  14   14     11    5   -0.0083313237665566201
  14   14     11    6   -0.39002497590289986
  14   14     11    7   -2.2718286570745163
  14   14     11    8   -0.10350874899581541
  14   14     11    9   -0.065253078706193221
  14   14     11   10   -0.0022571839745199299
  14   14     11   11   -0.64969583550292453
  14   14     11   12   1.0572664185591947
  14   14     11   13   -0.31428821654068523
  14   14     11   14   0.51912693000266674
  14   14     11   15   -2.1462708626891818
  14   14     11   16   0.044341470788167581
  14   14     11   17   -0.057596488452711668
  14   14     11   18   -0.15314308398491505
  14   14     11   19   -1.0089911940223579
  14   14     11   20   -2.8539838599488117
  14   14     11   21   -4.7146890188846768
  14   14     11   22   0.16150317198348463
  14   14     11   23   -0.398536032050821
  14   14     11   24   -0.96793956103882761
  14   14     11   25   0.20246689862021316
  14   14     11   26   0.92410615899358228
  14   14     11   27   -0.09730299925760591
  14   14     11   28   1.2878887799582388
  14   14     11   29   0.25626294259685245
  14   14     11   30   -0.52924572778164347
  14   14     11   31   0.2186726560824799
  14   14     11   32   0.70627752701450131
  14   14     11   33   -0.31293183906770516
  14   14     11   34   0.32115829732952716
  14   14     11   35   0.40354570045380284
  14   14     11   36   -0.35431108875119294
  14   14     11   37   -0.031700038660303603
  14   14     11   38   -0.047729066557344171
  14   14     11   39   0.21881566706793862
  14   14     12    0   1.8662127914616131
  14   14     12    1   -1.3492619089567359
  14   14     12    2   -0.36950729283476347
  14   14     12    3   -1.59686634534258
  14   14     12    4   5.4835277695015548e-05
  14   14     12    5   0.0028106924302767722
  14   14     12    6   -2.2761541533691187
  14   14     12    7   1.6685577137390271
  14   14     12    8   0.42649465771488287
  14   14     12    9   -0.30558197267225046
  14   14     12   10   -0.0027814402670031687
  14   14     12   11   1.0572664185591947
  14   14     12   12   -1.1136933667164275
  14   14     12   13   -0.25952440447472053
  14   14     12   14   0.82265514476218193
  14   14     12   15   0.11489131147749278
  14   14     12   16   0.75202612047345474
  14   14     12   17   -0.48148563881564965
  14   14     12   18   0.37785322094272189
  14   14     12   19   -1.6956746522412578
  14   14     12   20   0.66023251391292959
  14   14     12   21   1.3761062007305873
  14   14     12   22   -2.0496451467160481
  14   14     12   23   -0.85163983459195858
  14   14     12   24   1.5143550109809953
  14   14     12   25   4.5162163458355398
  14   14     12   26   -0.45273107728251472
  14   14     12   27   0.55690499542103788
  14   14     12   28   -0.70166859136852888
  14   14     12   29   -0.054774197082618735
  14   14     12   30   0.10297114391011221
  14   14     12   31   -0.35554811021440463
  14   14     12   32   -0.10466764524905534
  14   14     12   33   -0.21515948718960942
  14   14     12   34   0.23590542314364993
  14   14     12   35   -0.27442525368284226
  14   14     12   36   0.26459049744797197
  14   14     12   37   0.18749820416561103
  14   14     12   38   -0.0076959701628848956
  14   14     12   39   -0.11092111617328318
  14   14     13    0   0.2033175968667445
  14   14     13    1   -0.026337280146285093
  14   14     13    2   -0.32129695973144518
  14   14     13    3   -1.4491235980319139
  14   14     13    4   0.0016517495446286643
  14   14     13    5   -0.0044122490072188471
  14   14     13    6   -0.1021072344757936
  14   14     13    7   0.43635606643228575
  14   14     13    8   -0.89113351797294937
  14   14     13    9   -0.57503326153518786
  14   14     13   10   -0.0029817180363049993
  14   14     13   11   -0.31428821654068523
  14   14     13   12   -0.25952440447472053
  14   14     13   13   -0.57432202580961766
  14   14     13   14   -0.61495699568325501
  14   14     13   15   -0.49016875583765951
  14   14     13   16   0.98357815340484867
  14   14     13   17   0.85429543080179826
  14   14     13   18   0.36692488663782635
  14   14     13   19   -3.0289053015099494
  14   14     13   20   0.70790530044510858
  14   14     13   21   -1.3620678994864948
  14   14     13   22   1.3375818922567602
  14   14     13   23   -1.8724428426169246
  14   14     13   24   -0.20347371554302612
  14   14     13   25   1.7067440599217938
  14   14     13   26   1.9067479616688621
  14   14     13   27   0.27229098761297721
  14   14     13   28   0.099211865800775845
  14   14     13   29   0.18937999968922534
  14   14     13   30   0.0060067645919881073
  14   14     13   31   0.038354769833908245
  14   14     13   32   0.15881924582197485
  14   14     13   33   -0.066555056280877822
  14   14     13   34   0.79015918610353597
  14   14     13   35   -0.42094122089307462
  14   14     13   36   0.090321914429516065
  14   14     13   37   -0.33831628590982804
  14   14     13   38   -0.2318138949330576
  14   14     13   39   -0.15358444455649792
  14   14     14    0   -0.34372990379844953
  14   14     14    1   -0.057797003793964477
  14   14     14    2   -0.60323730444465384
  14   14     14    3   -1.0743646811875263
  14   14     14    4   0.0018498843271063446
  14   14     14    5   -0.0001518201581575705
  14   14     14    6   -0.058752944016010208
  14   14     14    7   -0.31055031583571047
  14   14     14    8   -0.57146949691247984
  14   14     14    9   0.67366720556190129
  14   14     14   10   -0.0039215933152907294
  14   14     14   11   0.51912693000266663
  14   14     14   12   0.82265514476218193
  14   14     14   13   -0.61495699568325501
  14   14     14   14   -2.5686794328902467
  14   14     14   15   0.61377937018403994
  14   14     14   16   1.9841531048392345
  14   14     14   17   -1.0230062050947459
  14   14     14   18   -1.5136139169936933
  14   14     14   19   -0.050905075055034166
  14   14     14   20   -0.14239821437235847
  14   14     14   21   -0.10176571547007481
  14   14     14   22   -2.4595745419046402
  14   14     14   23   -4.4743531309675806
  14   14     14   24   -1.3012748987271696
  14   14     14   25   3.1880371171186841
  14   14     14   26   -1.3615556763805046
  14   14     14   27   0.22599929105477426
  14   14     14   28   -0.47453902090270939
  14   14     14   29   0.3734316029984393
  14   14     14   30   0.0015351867911735568
  14   14     14   31   0.48054958790828384
  14   14     14   32   0.2004202871508898
  14   14     14   33   -1.062503500661524
  14   14     14   34   -0.40051483491812756
  14   14     14   35   0.88786181218137328
  14   14     14   36   0.4620310995910048
  14   14     14   37   -0.21105087243559473
  14   14     14   38   0.51199165946276248
  14   14     14   39   -0.79585507875398531
  14   14     15    0   -0.26090084155651272
  14   14     15    1   -2.9013111584146647
  14   14     15    2   0.95082532380801266
  14   14     15    3   0.57916457980329561
  14   14     15    4   0.0014863693151714789
  14   14     15    5   -0.005539577966374748
  14   14     15    6   -0.068412772261629007
  14   14     15    7   -0.48788278745532393
  14   14     15    8   0.82574699124294371
  14   14     15    9   -1.0106321265007787
  14   14     15   10   -0.0012234212361282213
  14   14     15   11   -2.1462708626891818
  14   14     15   12   0.11489131147749278
  14   14     15   13   -0.49016875583765962
  14   14     15   14   0.61377937018403994
  14   14     15   15   0.23438701486084179
  14   14     15   16   -0.30041925061928915
  14   14     15   17   -0.392262493730266
  14   14     15   18   0.29259535814829246
  14   14     15   19   -1.1912028590056283
  14   14     15   20   -0.59522459505829406
  14   14     15   21   -0.53966195474733847
  14   14     15   22   1.5231934836272683
  14   14     15   23   -1.354878871354197
  14   14     15   24   -2.3581267426406223
  14   14     15   25   0.44213368329697261
  14   14     15   26   4.7457338876413875
  14   14     15   27   0.77840164229019981
  14   14     15   28   0.85970372718873744
  14   14     15   29   -0.15769203018509176
  14   14     15   30   -0.93855674017082102
  14   14     15   31   0.43468949188994205
  14   14     15   32   -0.20004901639952422
  14   14     15   33   -0.24916216514219114
  14   14     15   34   0.035649396628055309
  14   14     15   35   0.13958311603089935
  14   14     15   36   0.13745296374934235
  14   14     15   37   0.1519362548564098
  14   14     15   38   -0.21702700479427711
  14   14     15   39   0.30322246643545048
  14   14     16    0   1.8088455837727451
  14   14     16    1   -0.3856419669985236
  14   14     16    2   0.036487795305144427
  14   14     16    3   -0.57928467026472463
  14   14     16    4   -0.0011626713761593444
  14   14     16    5   -0.0011783562674807669
  14   14     16    6   -0.12441229342609533
  14   14     16    7   0.34418036029007892
  14   14     16    8   0.34408249620084008
  14   14     16    9   -1.4783289176410115
  14   14     16   10   0.0084868304744081888
  14   14     16   11   0.044341470788167553
  14   14     16   12   0.75202612047345463
  14   14     16   13   0.98357815340484911
  14   14     16   14   1.9841531048392345
  14   14     16   15   -0.30041925061928915
  14   14     16   16   -1.4358819606864694
  14   14     16   17   0.28590587635880621
  14   14     16   18   1.0976129096316576
  14   14     16   19   -0.13142718534232806
  14   14     16   20   0.64608774741570718
  14   14     16   21   -0.17290689102647902
  14   14     16   22   3.0553482857814682
  14   14     16   23   3.8712392835767186
  14   14     16   24   1.2592993643315815
  14   14     16   25   -4.8183079677727498
  14   14     16   26   1.3683358879887539
  14   14     16   27   -0.088911451802685462
  14   14     16   28   0.093086017836154819
  14   14     16   29   0.064522621952767395
  14   14     16   30   -0.91109026897569145
  14   14     16   31   -0.88502595466122302
  14   14     16   32   -0.0059674137821624099
  14   14     16   33   0.53624032393684762
  14   14     16   34   -0.022165334108760655
  14   14     16   35   -0.66440259586083672
  14   14     16   36   -0.45484812957023169
  14   14     16   37   0.13182851752807961
  14   14     16   38   -0.38840731259062022
  14   14     16   39   0.56553864243352736
  14   14     17    0   0.952167455499905
  14   14     17    1   0.58137101417810522
  14   14     17    2   -0.26792155375775745
  14   14     17    3   -2.9131357583004336
  14   14     17    4   0.0009015093740775955
  14   14     17    5   -0.00026526656188539482
  14   14     17    6   -2.1528962246530394
  14   14     17    7   0.11283769735130138
  14   14     17    8   -0.50680859187890615
  14   14     17    9   0.61142027764318041
  14   14     17   10   -0.0044309461929208033
  14   14     17   11   -0.057596488452711668
  14   14     17   12   -0.48148563881564965
  14   14     17   13   0.85429543080179804
  14   14     17   14   -1.0230062050947459
  14   14     17   15   -0.392262493730266
  14   14     17   16   0.28590587635880615
  14   14     17   17   0.24130818710634805
  14   14     17   18   -0.32663192722760398
  14   14     17   19   -1.1901528834130932
  14   14     17   20   1.5399280599149097
  14   14     17   21   -1.3873036002365011
  14   14     17   22   -0.58794186510636925
  14   14     17   23   -0.52740147617591737
  14   14     17   24   -2.3895791302159033
  14   14     17   25   4.9078179053102282
  14   14     17   26   0.43458304106379458
  14   14     17   27   0.77288569488141834
  14   14     17   28   -0.93654744076468532
  14   14     17   29   0.43831619628395879
  14   14     17   30   0.84745761447313195
  14   14     17   31   -0.21040911437947069
  14   14     17   32   -0.20037943992923427
  14   14     17   33   0.1416859371759879
  14   14     17   34   0.13004777966377273
  14   14     17   35   -0.25077830221089975
  14   14     17   36   0.027968662334719299
  14   14     17   37   0.13718259586475068
  14   14     17   38   0.30191449032018175
  14   14     17   39   -0.22137489944879132
  14   14     18    0   0.030384505180395999
  14   14     18    1   -0.58448567456114853
  14   14     18    2   1.8339804952061918
  14   14     18    3   -0.39877178723217416
  14   14     18    4   -0.0025881220343732738
  14   14     18    5   0.011457567344273912
  14   14     18    6   0.033617183945047466
  14   14     18    7   0.73849566464444816
  14   14     18    8   0.98263265275847611
  14   14     18    9   1.9901825458556663
  14   14     18   10   0.00098728022797545394
  14   14     18   11   -0.15314308398491505
  14   14     18   12   0.37785322094272195
  14   14     18   13   0.36692488663782635
  14   14     18   14   -1.5136139169936933
  14   14     18   15   0.29259535814829252
  14   14     18   16   1.0976129096316576
  14   14     18   17   -0.32663192722760392
  14   14     18   18   -1.484898069085236
  14   14     18   19   -0.14288262253822714
  14   14     18   20   3.0925666054019021
  14   14     18   21   3.9974717313038681
  14   14     18   22   0.67325059313276969
  14   14     18   23   -0.17414062243411638
  14   14     18   24   1.2838092215014503
  14   14     18   25   1.4149646431961498
  14   14     18   26   -4.8853198592794405
  14   14     18   27   -0.084195557448816835
  14   14     18   28   -0.88357882768759788
  14   14     18   29   -0.87368211787611605
  14   14     18   30   0.069637318243107135
  14   14     18   31   0.062837519200047182
  14   14     18   32   0.0021052238458665771
  14   14     18   33   -0.66474592378372521
  14   14     18   34   -0.45538496483920143
  14   14     18   35   0.52666337250480189
  14   14     18   36   -0.0026746811319914936
  14   14     18   37   0.15346723245401109
  14   14     18   38   0.59656733421510666
  14   14     18   39   -0.41254046872114497
  14   14     19    0   0.54666478582048772
  14   14     19    1   1.4238028972674077
  14   14     19    2   0.54423108155228195
  14   14     19    3   1.4172084387284578
  14   14     19    4   0.00093617163138259895
  14   14     19    5   -0.0030256130523044831
  14   14     19    6   -1.0102986341487701
  14   14     19    7   -1.6905450228081231
  14   14     19    8   -2.9950530063963354
  14   14     19    9   -0.057816639106176258
  14   14     19   10   -0.0029245852798778747
  14   14     19   11   -1.0089911940223579
  14   14     19   12   -1.6956746522412578
  14   14     19   13   -3.0289053015099494
  14   14     19   14   -0.050905075055034166
  14   14     19   15   -1.1912028590056283
  14   14     19   16   -0.13142718534232806
  14   14     19   17   -1.1901528834130932
  14   14     19   18   -0.14288262253822714
  14   14     19   19   -0.79138272987032321
  14   14     19   20   -0.5545642280517199
  14   14     19   21   -0.40234939001438297
  14   14     19   22   -0.5546701939267269
  14   14     19   23   -0.40270311285021682
  14   14     19   24   -0.72267880422093556
  14   14     19   25   0.57533955254601654
  14   14     19   26   0.57102316976006529
  14   14     19   27   -5.0510571603319052
  14   14     19   28   0.93525143461516369
  14   14     19   29   -0.11917876459317481
  14   14     19   30   0.93612902930567721
  14   14     19   31   -0.12771849009781938
  14   14     19   32   0.007283067206870413
  14   14     19   33   0.36628320460520758
  14   14     19   34   0.024406779331898068
  14   14     19   35   0.38131780468556709
  14   14     19   36   0.0032280166949930651
  14   14     19   37   -0.90938328766792542
  14   14     19   38   0.10178827223565262
  14   14     19   39   0.10724705109124801
  14   14     20    0   -0.62552581608069835
  14   14     20    1   1.3640339904230707
  14   14     20    2   2.3956966940781252
  14   14     20    3   -1.6954334222351577
  14   14     20    4   0.0018366305902209931
  14   14     20    5   -0.010558566735955503
  14   14     20    6   0.16647365910467715
  14   14     20    7   -2.0536066779192566
  14   14     20    8   1.3229214336024242
  14   14     20    9   -2.464404249518894
  14   14     20   10   -0.00039867790128270451
  14   14     20   11   -2.8539838599488117
  14   14     20   12   0.66023251391292959
  14   14     20   13   0.70790530044510858
  14   14     20   14   -0.14239821437235847
  14   14     20   15   -0.59522459505829406
  14   14     20   16   0.64608774741570718
  14   14     20   17   1.5399280599149097
  14   14     20   18   3.0925666054019021
  14   14     20   19   -0.5545642280517199
  14   14     20   20   -2.0863003910928311
  14   14     20   21   -1.0633339306147487
  14   14     20   22   2.0129337443420026
  14   14     20   23   0.75263388418844646
  14   14     20   24   -0.60660696899635536
  14   14     20   25   -0.68637736305972041
  14   14     20   26   1.5024076904599182
  14   14     20   27   0.060277927497066647
  14   14     20   28   -4.1033918451030358
  14   14     20   29   -0.47280582450705333
  14   14     20   30   -1.4998572715722736
  14   14     20   31   -0.33424846418177878
  14   14     20   32   -0.31362256311154957
  14   14     20   33   0.23884825133429183
  14   14     20   34   0.63045749129374917
  14   14     20   35   0.36623368346861312
  14   14     20   36   0.42484634500750168
  14   14     20   37   0.40195721694010123
  14   14     20   38   -0.47432910267787531
  14   14     20   39   -0.2560453496100128
  14   14     21    0   0.3345691729470095
  14   14     21    1   0.94355322004767128
  14   14     21    2   2.160731744941311
  14   14     21    3   0.10439720855579972
  14   14     21    4   0.0039064196836129115
  14   14     21    5   -0.023429710086589135
  14   14     21    6   -0.40290938338166055
  14   14     21    7   -0.86458707810665014
  14   14     21    8   -1.8665177490924856
  14   14     21    9   -4.4442904291994356
  14   14     21   10   -0.0048134203644570562
  14   14     21   11   -4.714689018884676
  14   14     21   12   1.3761062007305873
  14   14     21   13   -1.362067899486495
  14   14     21   14   -0.10176571547007486
  14   14     21   15   -0.53966195474733847
  14   14     21   16   -0.17290689102647908
  14   14     21   17   -1.3873036002365011
  14   14     21   18   3.997471731303869
  14   14     21   19   -0.40234939001438297
  14   14     21   20   -1.0633339306147487
  14   14     21   21   -0.73744242186268871
  14   14     21   22   0.75352110379698212
  14   14     21   23   -0.52134497249492306
  14   14     21   24   -0.67537876235880523
  14   14     21   25   -0.4789527679927556
  14   14     21   26   1.9680278467419565
  14   14     21   27   0.29744991295209411
  14   14     21   28   1.1439045994526305
  14   14     21   29   -4.445014343581807
  14   14     21   30   -1.0703341262116461
  14   14     21   31   0.39242595638256117
  14   14     21   32   0.61533247954291281
  14   14     21   33   -0.50682716305440523
  14   14     21   34   -0.78741456790658138
  14   14     21   35   -0.85630425413410116
  14   14     21   36   0.70509965740126435
  14   14     21   37   -0.66536943171751706
  14   14     21   38   -1.619955278624722
  14   14     21   39   0.0084851932474412691
  14   14     22    0   2.382818805705393
  14   14     22    1   -1.6948389908624402
  14   14     22    2   -0.63056988981924578
  14   14     22    3   1.3476332202026897
  14   14     22    4   0.00081858148184203033
  14   14     22    5   0.0012335847385562047
  14   14     22    6   -2.8543950388778141
  14   14     22    7   0.65973510790557321
  14   14     22    8   0.68746720922569859
  14   14     22    9   -0.12256968677550531
  14   14     22   10   -0.0081628153411441983
  14   14     22   11   0.16150317198348463
  14   14     22   12   -2.0496451467160481
  14   14     22   13   1.3375818922567602
  14   14     22   14   -2.4595745419046402
  14   14     22   15   1.5231934836272683
  14   14     22   16   3.0553482857814682
  14   14     22   17   -0.58794186510636925
  14   14     22   18   0.67325059313276969
  14   14     22   19   -0.5546701939267269
  14   14     22   20   2.0129337443420026
  14   14     22   21   0.75352110379698212
  14   14     22   22   -2.0875520220613968
  14   14     22   23   -1.0585240767096575
  14   14     22   24   -0.6065436099729532
  14   14     22   25   1.5065447305345929
  14   14     22   26   -0.68094808321855516
  14   14     22   27   0.0605524042933034
  14   14     22   28   -1.499447508872511
  14   14     22   29   -0.33571803540248202
  14   14     22   30   -4.1027446868371902
  14   14     22   31   -0.50050746457333506
  14   14     22   32   -0.31342244106100786
  14   14     22   33   0.34900677434291794
  14   14     22   34   0.43487675879423537
  14   14     22   35   0.23197314980210434
  14   14     22   36   0.65673952605562191
  14   14     22   37   0.3982363537379891
  14   14     22   38   -0.2420309189811985
  14   14     22   39   -0.5077367448726875
  14   14     23    0   2.1283114067671001
  14   14     23    1   0.11611277054096016
  14   14     23    2   0.32209877518346663
  14   14     23    3   0.89614983482985344
  14   14     23    4   0.0025758091835967807
  14   14     23    5   -0.0029248153764512164
  14   14     23    6   -4.6824799824854058
  14   14     23    7   1.3698284591952767
  14   14     23    8   -1.3502447978410872
  14   14     23    9   -0.10504935285037532
  14   14     23   10   -0.019522029464278647
  14   14     23   11   -0.398536032050821
  14   14     23   12   -0.85163983459195836
  14   14     23   13   -1.8724428426169246
  14   14     23   14   -4.4743531309675806
  14   14     23   15   -1.354878871354197
  14   14     23   16   3.8712392835767186
  14   14     23   17   -0.52740147617591737
  14   14     23   18   -0.17414062243411638
  14   14     23   19   -0.40270311285021682
  14   14     23   20   0.75263388418844646
  14   14     23   21   -0.52134497249492306
  14   14     23   22   -1.0585240767096575
  14   14     23   23   -0.73763737687895359
  14   14     23   24   -0.67335500505809187
  14   14     23   25   1.9704416995673246
  14   14     23   26   -0.48304041882191684
  14   14     23   27   0.29774832631392123
  14   14     23   28   -1.0697113264923093
  14   14     23   29   0.39652055445151174
  14   14     23   30   1.1424593761451505
  14   14     23   31   -4.480656674085397
  14   14     23   32   0.61493378779620778
  14   14     23   33   -0.86813494548868808
  14   14     23   34   0.71510968771623429
  14   14     23   35   -0.51741886825400529
  14   14     23   36   -0.8099017698725518
  14   14     23   37   -0.65878493049893205
  14   14     23   38   0.0027082622917838461
  14   14     23   39   -1.6411062687161551
  14   14     24    0   0.97975464767074738
  14   14     24    1   0.22943781200921401
  14   14     24    2   0.98148105090224802
  14   14     24    3   0.22237301250944197
  14   14     24    4   0.0015386536506259122
  14   14     24    5   -0.0063011481305487501
  14   14     24    6   -0.97138081742744353
  14   14     24    7   1.5142862258156387
  14   14     24    8   -0.20883722214728884
  14   14     24    9   -1.3050802288566044
  14   14     24   10   -0.0058234792837806096
  14   14     24   11   -0.96793956103882761
  14   14     24   12   1.5143550109809953
  14   14     24   13   -0.20347371554302612
  14   14     24   14   -1.3012748987271696
  14   14     24   15   -2.3581267426406223
  14   14     24   16   1.2592993643315815
  14   14     24   17   -2.3895791302159033
  14   14     24   18   1.2838092215014503
  14   14     24   19   -0.72267880422093556
  14   14     24   20   -0.60660696899635536
  14   14     24   21   -0.67537876235880523
  14   14     24   22   -0.6065436099729532
  14   14     24   23   -0.67335500505809187
  14   14     24   24   -0.20371018063663429
  14   14     24   25   -0.051282564948602796
  14   14     24   26   -0.052157997820418731
  14   14     24   27   0.48791191344941481
  14   14     24   28   0.33162697981233358
  14   14     24   29   0.32385507156064391
  14   14     24   30   0.33146614623277204
  14   14     24   31   0.31373097696727681
  14   14     24   32   -4.7976163914979661
  14   14     24   33   -0.75872552570238827
  14   14     24   34   -1.009962605989043
  14   14     24   35   -0.77047832077035938
  14   14     24   36   -1.0446500225842881
  14   14     24   37   -0.051282836991330814
  14   14     24   38   -0.1130289515209297
  14   14     24   39   -0.12132175490915438
  14   14     25    0   -0.75619418855264353
  14   14     25    1   -0.1209511285197324
  14   14     25    2   -0.26352600053003722
  14   14     25    3   -1.2698571068863524
  14   14     25    4   -0.00088234636142429717
  14   14     25    5   -0.005211331150211238
  14   14     25    6   0.94202926988439073
  14   14     25    7   -0.46287482899841498
  14   14     25    8   1.9005854669891238
  14   14     25    9   -1.3536319310956295
  14   14     25   10   0.010005291888963503
  14   14     25   11   0.20246689862021316
  14   14     25   12   4.5162163458355398
  14   14     25   13   1.7067440599217938
  14   14     25   14   3.1880371171186841
  14   14     25   15   0.44213368329697272
  14   14     25   16   -4.8183079677727498
  14   14     25   17   4.9078179053102282
  14   14     25   18   1.4149646431961498
  14   14     25   19   0.57533955254601654
  14   14     25   20   -0.68637736305972041
  14   14     25   21   -0.4789527679927556
  14   14     25   22   1.5065447305345929
  14   14     25   23   1.9704416995673251
  14   14     25   24   -0.051282564948602796
  14   14     25   25   -0.89175801125554732
  14   14     25   26   0.3070930742401779
  14   14     25   27   -0.58768475610074644
  14   14     25   28   1.1058439482362348
  14   14     25   29   0.24269133651153219
  14   14     25   30   -1.5816636608560901
  14   14     25   31   -1.0673646790852738
  14   14     25   32   0.068031944820001508
  14   14     25   33   -2.9276062149073527
  14   14     25   34   3.0017732002689836
  14   14     25   35   -0.4226252384243156
  14   14     25   36   -0.2916269539402459
  14   14     25   37   0.76329814503627358
  14   14     25   38   -0.3459410004913806
  14   14     25   39   1.5435491277379845
  14   14     26    0   -0.28419670905253114
  14   14     26    1   -1.2946662488995266
  14   14     26    2   -0.76780151852291678
  14   14     26    3   -0.12970552485473361
  14   14     26    4   -0.0024335840151780484
  14   14     26    5   0.01318814312754499
  14   14     26    6   0.2009838700967678
  14   14     26    7   4.501996423373881
  14   14     26    8   1.7030966818796067
  14   14     26    9   3.1760367044049209
  14   14     26   10   -0.0023013797932325496
  14   14     26   11   0.9241061589935825
  14   14     26   12   -0.45273107728251472
  14   14     26   13   1.9067479616688621
  14   14     26   14   -1.3615556763805048
  14   14     26   15   4.7457338876413875
  14   14     26   16   1.3683358879887539
  14   14     26   17   0.43458304106379458
  14   14     26   18   -4.8853198592794405
  14   14     26   19   0.57102316976006529
  14   14     26   20   1.5024076904599182
  14   14     26   21   1.9680278467419565
  14   14     26   22   -0.68094808321855516
  14   14     26   23   -0.48304041882191684
  14   14     26   24   -0.052157997820418731
  14   14     26   25   0.3070930742401779
  14   14     26   26   -0.88783973733423949
  14   14     26   27   -0.58653541092931338
  14   14     26   28   -1.5793870054234185
  14   14     26   29   -1.0791332430402343
  14   14     26   30   1.1025420901879701
  14   14     26   31   0.24550845801116411
  14   14     26   32   0.068215496494427902
  14   14     26   33   -0.43028402086765982
  14   14     26   34   -0.30012616626377409
  14   14     26   35   -2.9575184307036957
  14   14     26   36   3.0675857715121566
  14   14     26   37   0.75763567579354629
  14   14     26   38   1.4839904847590522
  14   14     26   39   -0.35285107092253043
  14   14     27    0   0.08553671053700046
  14   14     27    1   -0.27199969037333388
  14   14     27    2   0.085077950207321174
  14   14     27    3   -0.26992866135583543
  14   14     27    4   -0.00019915494031863041
  14   14     27    5   0.00061640588700044802
  14   14     27    6   -0.094127652776240758
  14   14     27    7   0.56035522528132531
  14   14     27    8   0.27943339024080699
  14   14     27    9   0.22902358383136134
  14   14     27   10   0.00056498633360599912
  14   14     27   11   -0.09730299925760591
  14   14     27   12   0.55690499542103788
  14   14     27   13   0.27229098761297721
  14   14     27   14   0.22599929105477426
  14   14     27   15   0.77840164229019981
  14   14     27   16   -0.088911451802685462
  14   14     27   17   0.77288569488141834
  14   14     27   18   -0.084195557448816835
  14   14     27   19   -5.0510571603319052
  14   14     27   20   0.060277927497066647
  14   14     27   21   0.29744991295209411
  14   14     27   22   0.0605524042933034
  14   14     27   23   0.29774832631392123
  14   14     27   24   0.48791191344941481
  14   14     27   25   -0.58768475610074644
  14   14     27   26   -0.58653541092931338
  14   14     27   27   -1.0700795761659465
  14   14     27   28   -0.044794287918813451
  14   14     27   29   -0.27433334325801212
  14   14     27   30   -0.044877327064171829
  14   14     27   31   -0.27553349645356562
  14   14     27   32   -0.61065743421417484
  14   14     27   33   0.27860961103230214
  14   14     27   34   -0.34471247254972337
  14   14     27   35   0.2729179963190238
  14   14     27   36   -0.33137199798696432
  14   14     27   37   -0.25678112936450742
  14   14     27   38   -0.14159196274264191
  14   14     27   39   -0.14329071845282004
  14   14     28    0   0.36468926438237476
  14   14     28    1   -0.40711047390008809
  14   14     28    2   -0.69646776003531574
  14   14     28    3   0.73266188483885453
  14   14     28    4   -9.7831923077286583e-05
  14   14     28    5   0.0020440062359028759
  14   14     28    6   -0.53863511761840843
  14   14     28    7   0.11148226191378934
  14   14     28    8   0.0069950958158023612
  14   14     28    9   0.01540677137443602
  14   14     28   10   -0.0021234838491929866
  14   14     28   11   1.2878887799582388
  14   14     28   12   -0.70166859136852888
  14   14     28   13   0.099211865800775845
  14   14     28   14   -0.47453902090270939
  14   14     28   15   0.85970372718873744
  14   14     28   16   0.093086017836154819
  14   14     28   17   -0.93654744076468532
  14   14     28   18   -0.88357882768759788
  14   14     28   19   0.93525143461516369
  14   14     28   20   -4.1033918451030358
  14   14     28   21   1.1439045994526305
  14   14     28   22   -1.499447508872511
  14   14     28   23   -1.0697113264923093
  14   14     28   24   0.33162697981233358
  14   14     28   25   1.1058439482362348
  14   14     28   26   -1.5793870054234185
  14   14     28   27   -0.044794287918813451
  14   14     28   28   -1.7253014618740197
  14   14     28   29   -0.63568918923145334
  14   14     28   30   1.4959034685152903
  14   14     28   31   0.77822471281941907
  14   14     28   32   -0.54482686104344424
  14   14     28   33   -0.55868157584207057
  14   14     28   34   0.17061990805660426
  14   14     28   35   0.92051221355847912
  14   14     28   36   -0.74028287371143597
  14   14     28   37   -0.065487836850723416
  14   14     28   38   -0.57776351101796397
  14   14     28   39   0.47375438408987292
  14   14     29    0   -0.0011109378401513077
  14   14     29    1   0.82892561360876016
  14   14     29    2   0.082827983833325181
  14   14     29    3   -0.29280655191414712
  14   14     29    4   0.00060477803652179561
  14   14     29    5   -0.0034203585181266246
  14   14     29    6   0.22693434650839112
  14   14     29    7   -0.31971110240296885
  14   14     29    8   0.045277093907754938
  14   14     29    9   0.48518387639878163
  14   14     29   10   -0.00062754615002659486
  14   14     29   11   0.25626294259685251
  14   14     29   12   -0.054774197082618749
  14   14     29   13   0.18937999968922531
  14   14     29   14   0.37343160299843925
  14   14     29   15   -0.1576920301850917
  14   14     29   16   0.064522621952767381
  14   14     29   17   0.43831619628395868
  14   14     29   18   -0.87368211787611605
  14   14     29   19   -0.11917876459317481
  14   14     29   20   -0.47280582450705333
  14   14     29   21   -4.4450143435818061
  14   14     29   22   -0.33571803540248202
  14   14     29   23   0.39652055445151174
  14   14     29   24   0.32385507156064391
  14   14     29   25   0.24269133651153219
  14   14     29   26   -1.0791332430402343
  14   14     29   27   -0.27433334325801212
  14   14     29   28   -0.63568918923145334
  14   14     29   29   -0.61442632229232974
  14   14     29   30   0.78376880081377465
  14   14     29   31   -0.46647824724014941
  14   14     29   32   -0.60991299740366567
  14   14     29   33   -0.64052069604321904
  14   14     29   34   0.30236158515964251
  14   14     29   35   1.3283592448393509
  14   14     29   36   -1.7173530808775284
  14   14     29   37   -0.34163222450248903
  14   14     29   38   -0.60376674630891536
  14   14     29   39   0.024801588536933556
  14   14     30    0   -0.69749503470510987
  14   14     30    1   0.73724423127032523
  14   14     30    2   0.36593856078801601
  14   14     30    3   -0.40371518208538854
  14   14     30    4   0.00036117965559929544
  14   14     30    5   -0.0030928280400986576
  14   14     30    6   1.2975551323052947
  14   14     30    7   -0.70912536796879766
  14   14     30    8   0.10203245347228163
  14   14     30    9   -0.48986654182466638
  14   14     30   10   0.0011781377973990705
  14   14     30   11   -0.52924572778164347
  14   14     30   12   0.10297114391011221
  14   14     30   13   0.0060067645919881073
  14   14     30   14   0.0015351867911735568
  14   14     30   15   -0.93855674017082102
  14   14     30   16   -0.91109026897569145
  14   14     30   17   0.84745761447313195
  14   14     30   18   0.069637318243107135
  14   14     30   19   0.93612902930567721
  14   14     30   20   -1.4998572715722736
  14   14     30   21   -1.0703341262116461
  14   14     30   22   -4.1027446868371902
  14   14     30   23   1.1424593761451505
  14   14     30   24   0.33146614623277204
  14   14     30   25   -1.5816636608560901
  14   14     30   26   1.1025420901879701
  14   14     30   27   -0.044877327064171829
  14   14     30   28   1.4959034685152903
  14   14     30   29   0.78376880081377465
  14   14     30   30   -1.7265037558475975
  14   14     30   31   -0.62236856696298626
  14   14     30   32   -0.54502911869585791
  14   14     30   33   0.9221429060516414
  14   14     30   34   -0.75547647432342224
  14   14     30   35   -0.55072163037028099
  14   14     30   36   0.15433593528222669
  14   14     30   37   -0.063797549114117599
  14   14     30   38   0.46636257418164623
  14   14     30   39   -0.56694395956797194
  14   14     31    0   0.067961220120503679
  14   14     31    1   -0.29576346389216834
  14   14     31    2   0.001486609859763415
  14   14     31    3   0.84862761204307524
  14   14     31    4   0.00041490583470352003
  14   14     31    5   -0.00031072674587837083
  14   14     31    6   0.25720423878657017
  14   14     31    7   -0.051142774931364279
  14   14     31    8   0.19278279321383895
  14   14     31    9   0.37912618368199325
  14   14     31   10   -0.002907654825794013
  14   14     31   11   0.21867265608247988
  14   14     31   12   -0.35554811021440469
  14   14     31   13   0.038354769833908231
  14   14     31   14   0.48054958790828384
  14   14     31   15   0.43468949188994205
  14   14     31   16   -0.88502595466122325
  14   14     31   17   -0.21040911437947063
  14   14     31   18   0.062837519200047182
  14   14     31   19   -0.12771849009781938
  14   14     31   20   -0.33424846418177878
  14   14     31   21   0.39242595638256117
  14   14     31   22   -0.50050746457333506
  14   14     31   23   -4.4806566740853979
  14   14     31   24   0.31373097696727681
  14   14     31   25   -1.0673646790852738
  14   14     31   26   0.24550845801116405
  14   14     31   27   -0.27553349645356562
  14   14     31   28   0.77822471281941907
  14   14     31   29   -0.46647824724014941
  14   14     31   30   -0.62236856696298626
  14   14     31   31   -0.61019060335644848
  14   14     31   32   -0.60256105072695576
  14   14     31   33   1.3290805900501268
  14   14     31   34   -1.7175178504380875
  14   14     31   35   -0.64337846549575795
  14   14     31   36   0.31322912612623272
  14   14     31   37   -0.34036465816619155
  14   14     31   38   0.031643565945175367
  14   14     31   39   -0.59346047995695406
  14   14     32    0   -0.16046815876501266
  14   14     32    1   0.074781648254211311
  14   14     32    2   -0.15880815180560276
  14   14     32    3   0.073840601763569963
  14   14     32    4   -5.8208818028654915e-05
  14   14     32    5   0.00018570687114673705
  14   14     32    6   0.71298583127109472
  14   14     32    7   -0.1067167033688258
  14   14     32    8   0.15833910938155041
  14   14     32    9   0.20547758103853592
  14   14     32   10   0.00017490723083640682
  14   14     32   11   0.70627752701450131
  14   14     32   12   -0.10466764524905534
  14   14     32   13   0.15881924582197485
  14   14     32   14   0.2004202871508898
  14   14     32   15   -0.20004901639952422
  14   14     32   16   -0.0059674137821624099
  14   14     32   17   -0.20037943992923427
  14   14     32   18   0.0021052238458665771
  14   14     32   19   0.007283067206870413
  14   14     32   20   -0.31362256311154957
  14   14     32   21   0.61533247954291281
  14   14     32   22   -0.31342244106100786
  14   14     32   23   0.61493378779620778
  14   14     32   24   -4.7976163914979661
  14   14     32   25   0.068031944820001508
  14   14     32   26   0.068215496494427902
  14   14     32   27   -0.61065743421417484
  14   14     32   28   -0.54482686104344424
  14   14     32   29   -0.60991299740366567
  14   14     32   30   -0.54502911869585791
  14   14     32   31   -0.60256105072695576
  14   14     32   32   -0.44013456436851645
  14   14     32   33   -0.10791443579632384
  14   14     32   34   0.0091599331074526426
  14   14     32   35   -0.10706635678406332
  14   14     32   36   0.0056680572556159353
  14   14     32   37   -0.054650785996781921
  14   14     32   38   -0.18878860440830444
  14   14     32   39   -0.19182424933986494
  14   14     33    0   -0.8773634492950898
  14   14     33    1   0.79898924025023388
  14   14     33    2   0.54508468551616263
  14   14     33    3   -0.3235780254041315
  14   14     33    4   3.3046475033992985e-05
  14   14     33    5   -0.00010755556347080444
  14   14     33    6   0.36796865056675854
  14   14     33    7   -0.25150330998656856
  14   14     33    8   -0.4168458215516887
  14   14     33    9   0.88164080510467058
  14   14     33   10   -0.00087581464560359959
  14   14     33   11   -0.31293183906770516
  14   14     33   12   -0.21515948718960942
  14   14     33   13   -0.066555056280877822
  14   14     33   14   -1.062503500661524
  14   14     33   15   -0.24916216514219114
  14   14     33   16   0.53624032393684773
  14   14     33   17   0.14168593717598785
  14   14     33   18   -0.66474592378372521
  14   14     33   19   0.36628320460520758
  14   14     33   20   0.23884825133429183
  14   14     33   21   -0.50682716305440523
  14   14     33   22   0.34900677434291794
  14   14     33   23   -0.86813494548868797
  14   14     33   24   -0.75872552570238827
  14   14     33   25   -2.9276062149073532
  14   14     33   26   -0.43028402086765993
  14   14     33   27   0.27860961103230214
  14   14     33   28   -0.55868157584207057
  14   14     33   29   -0.64052069604321904
  14   14     33   30   0.9221429060516414
  14   14     33   31   1.3290805900501268
  14   14     33   32   -0.10791443579632384
  14   14     33   33   -0.84858284137963658
  14   14     33   34   0.41969691480756194
  14   14     33   35   0.7563327116539611
  14   14     33   36   -0.05684528677860954
  14   14     33   37   0.055815411964992567
  14   14     33   38   -0.29287377111287144
  14   14     33   39   0.60492440982983187
  14   14     34    0   0.35111284034300699
  14   14     34    1   0.20162600246939927
  14   14     34    2   -0.023730261299042876
  14   14     34    3   -0.43808044661639622
  14   14     34    4   -2.677769137272613e-05
  14   14     34    5   0.0010339794444311091
  14   14     34    6   -0.29842460887172895
  14   14     34    7   0.26034821541156755
  14   14     34    8   0.094588619073619568
  14   14     34    9   0.44775168592106279
  14   14     34   10   -0.00070396973790073274
  14   14     34   11   0.32115829732952716
  14   14     34   12   0.23590542314364993
  14   14     34   13   0.79015918610353619
  14   14     34   14   -0.40051483491812767
  14   14     34   15   0.035649396628055337
  14   14     34   16   -0.022165334108760655
  14   14     34   17   0.13004777966377273
  14   14     34   18   -0.45538496483920143
  14   14     34   19   0.024406779331898068
  14   14     34   20   0.63045749129374917
  14   14     34   21   -0.78741456790658138
  14   14     34   22   0.43487675879423537
  14   14     34   23   0.71510968771623429
  14   14     34   24   -1.009962605989043
  14   14     34   25   3.0017732002689836
  14   14     34   26   -0.30012616626377409
  14   14     34   27   -0.34471247254972337
  14   14     34   28   0.17061990805660426
  14   14     34   29   0.30236158515964251
  14   14     34   30   -0.75547647432342224
  14   14     34   31   -1.7175178504380875
  14   14     34   32   0.0091599331074526426
  14   14     34   33   0.41969691480756194
  14   14     34   34   -0.23358877837249301
  14   14     34   35   -0.054939416123251393
  14   14     34   36   -0.10093724975602847
  14   14     34   37   -0.19701356323048258
  14   14     34   38   0.093348137607623907
  14   14     34   39   -0.50278760796396449
  14   14     35    0   0.55253088494190383
  14   14     35    1   -0.31916512482503012
  14   14     35    2   -0.89994120045074066
  14   14     35    3   0.81594814806785232
  14   14     35    4   4.3248986298079826e-05
  14   14     35    5   -0.00099700362639289198
  14   14     35    6   -0.31625780066690201
  14   14     35    7   -0.2114729828490739
  14   14     35    8   -0.06359916698967262
  14   14     35    9   -1.073917363713059
  14   14     35   10   -0.00014995843148888797
  14   14     35   11   0.40354570045380284
  14   14     35   12   -0.27442525368284226
  14   14     35   13   -0.42094122089307462
  14   14     35   14   0.88786181218137328
  14   14     35   15   0.13958311603089935
  14   14     35   16   -0.66440259586083661
  14   14     35   17   -0.25077830221089975
  14   14     35   18   0.52666337250480189
  14   14     35   19   0.38131780468556709
  14   14     35   20   0.36623368346861312
  14   14     35   21   -0.85630425413410116
  14   14     35   22   0.23197314980210434
  14   14     35   23   -0.51741886825400552
  14   14     35   24   -0.77047832077035938
  14   14     35   25   -0.42262523842431554
  14   14     35   26   -2.9575184307036961
  14   14     35   27   0.2729179963190238
  14   14     35   28   0.92051221355847912
  14   14     35   29   1.3283592448393509
  14   14     35   30   -0.55072163037028099
  14   14     35   31   -0.64337846549575795
  14   14     35   32   -0.10706635678406332
  14   14     35   33   0.75633271165396121
  14   14     35   34   -0.054939416123251393
  14   14     35   35   -0.84464670416593313
  14   14     35   36   0.42036877445240622
  14   14     35   37   0.057316787852314116
  14   14     35   38   0.60395911641695965
  14   14     35   39   -0.28858033902962693
  14   14     36    0   -0.024074387643411223
  14   14     36    1   -0.47617183606224656
  14   14     36    2   0.37059210414116106
  14   14     36    3   0.21390734229334449
  14   14     36    4   0.00021607559770918052
  14   14     36    5   -0.0011916103733142619
  14   14     36    6   0.31912066676879558
  14   14     36    7   0.23136296310913351
  14   14     36    8   0.8038050491358868
  14   14     36    9   -0.40780593922986391
  14   14     36   10   0.00057698290753876937
  14   14     36   11   -0.35431108875119294
  14   14     36   12   0.26459049744797197
  14   14     36   13   0.090321914429516093
  14   14     36   14   0.4620310995910048
  14   14     36   15   0.13745296374934232
  14   14     36   16   -0.45484812957023163
  14   14     36   17   0.027968662334719341
  14   14     36   18   -0.0026746811319915075
  14   14     36   19   0.0032280166949930651
  14   14     36   20   0.42484634500750168
  14   14     36   21   0.70509965740126457
  14   14     36   22   0.65673952605562191
  14   14     36   23   -0.8099017698725518
  14   14     36   24   -1.0446500225842881
  14   14     36   25   -0.2916269539402459
  14   14     36   26   3.0675857715121566
  14   14     36   27   -0.33137199798696432
  14   14     36   28   -0.74028287371143597
  14   14     36   29   -1.7173530808775281
  14   14     36   30   0.15433593528222669
  14   14     36   31   0.31322912612623272
  14   14     36   32   0.0056680572556159353
  14   14     36   33   -0.05684528677860954
  14   14     36   34   -0.10093724975602847
  14   14     36   35   0.42036877445240622
  14   14     36   36   -0.22897734605804379
  14   14     36   37   -0.18665183888007497
  14   14     36   38   -0.50874697581320294
  14   14     36   39   0.10230979086441316
  14   14     37    0   0.080685848887622508
  14   14     37    1   -0.39296033474557962
  14   14     37    2   0.082305580294347286
  14   14     37    3   -0.38070230199961214
  14   14     37    4   0.00047326966207544851
  14   14     37    5   -0.0012464576023181932
  14   14     37    6   -0.02965007162606758
  14   14     37    7   0.18208532495647989
  14   14     37    8   -0.32870601895111329
  14   14     37    9   -0.19776932626200441
  14   14     37   10   -0.0012110609801692694
  14   14     37   11   -0.031700038660303603
  14   14     37   12   0.18749820416561105
  14   14     37   13   -0.33831628590982804
  14   14     37   14   -0.21105087243559473
  14   14     37   15   0.1519362548564098
  14   14     37   16   0.13182851752807953
  14   14     37   17   0.13718259586475068
  14   14     37   18   0.15346723245401109
  14   14     37   19   -0.90938328766792542
  14   14     37   20   0.40195721694010123
  14   14     37   21   -0.66536943171751706
  14   14     37   22   0.3982363537379891
  14   14     37   23   -0.65878493049893205
  14   14     37   24   -0.051282836991330814
  14   14     37   25   0.76329814503627358
  14   14     37   26   0.75763567579354629
  14   14     37   27   -0.25678112936450742
  14   14     37   28   -0.065487836850723416
  14   14     37   29   -0.34163222450248909
  14   14     37   30   -0.063797549114117599
  14   14     37   31   -0.34036465816619155
  14   14     37   32   -0.054650785996781921
  14   14     37   33   0.055815411964992567
  14   14     37   34   -0.19701356323048261
  14   14     37   35   0.05731678785231413
  14   14     37   36   -0.18665183888007503
  14   14     37   37   -0.68847287101414589
  14   14     37   38   -0.59657973130203856
  14   14     37   39   -0.59855776865970445
  14   14     38    0   -0.15391516245018616
  14   14     38    1   0.25393044018518462
  14   14     38    2   -0.40341256576445322
  14   14     38    3   0.0090716024893626873
  14   14     38    4   0.0007272225608316226
  14   14     38    5   -0.0034115851324345368
  14   14     38    6   0.22183043792600274
  14   14     38    7   -0.090018841677841549
  14   14     38    8   -0.12917942007439115
  14   14     38    9   -0.75736599793448189
  14   14     38   10   -0.00023650528093426904
  14   14     38   11   -0.047729066557344178
  14   14     38   12   -0.0076959701628848956
  14   14     38   13   -0.2318138949330576
  14   14     38   14   0.51199165946276248
  14   14     38   15   -0.21702700479427714
  14   14     38   16   -0.38840731259062022
  14   14     38   17   0.30191449032018175
  14   14     38   18   0.59656733421510655
  14   14     38   19   0.10178827223565262
  14   14     38   20   -0.47432910267787531
  14   14     38   21   -1.6199552786247211
  14   14     38   22   -0.2420309189811985
  14   14     38   23   0.0027082622917838322
  14   14     38   24   -0.1130289515209297
  14   14     38   25   -0.3459410004913806
  14   14     38   26   1.4839904847590522
  14   14     38   27   -0.14159196274264191
  14   14     38   28   -0.57776351101796397
  14   14     38   29   -0.60376674630891536
  14   14     38   30   0.46636257418164623
  14   14     38   31   0.031643565945175367
  14   14     38   32   -0.18878860440830444
  14   14     38   33   -0.29287377111287138
  14   14     38   34   0.093348137607623907
  14   14     38   35   0.60395911641695965
  14   14     38   36   -0.50874697581320283
  14   14     38   37   -0.59657973130203856
  14   14     38   38   -2.0886688854877806
  14   14     38   39   0.95344809280030318
  14   14     39    0   -0.42761281879599877
  14   14     39    1   0.01376622307856358
  14   14     39    2   -0.15179940887466956
  14   14     39    3   0.26847384600383156
  14   14     39    4   0.00032755651237582477
  14   14     39    5   0.00045508121973866122
  14   14     39    6   -0.03215953784806367
  14   14     39    7   -0.018372864955915804
  14   14     39    8   -0.21854437181120842
  14   14     39    9   0.51699147103683163
  14   14     39   10   -0.0026513559031801155
  14   14     39   11   0.21881566706793862
  14   14     39   12   -0.11092111617328318
  14   14     39   13   -0.15358444455649792
  14   14     39   14   -0.79585507875398487
  14   14     39   15   0.30322246643545053
  14   14     39   16   0.56553864243352736
  14   14     39   17   -0.22137489944879132
  14   14     39   18   -0.41254046872114497
  14   14     39   19   0.10724705109124801
  14   14     39   20   -0.2560453496100128
  14   14     39   21   0.0084851932474412691
  14   14     39   22   -0.5077367448726875
  14   14     39   23   -1.6411062687161559
  14   14     39   24   -0.12132175490915438
  14   14     39   25   1.5435491277379836
  14   14     39   26   -0.35285107092253043
  14   14     39   27   -0.14329071845282004
  14   14     39   28   0.47375438408987292
  14   14     39   29   0.024801588536933556
  14   14     39   30   -0.56694395956797194
  14   14     39   31   -0.59346047995695406
  14   14     39   32   -0.19182424933986494
  14   14     39   33   0.60492440982983187
  14   14     39   34   -0.50278760796396438
  14   14     39   35   -0.28858033902962693
  14   14     39   36   0.10230979086441316
  14   14     39   37   -0.59855776865970445
  14   14     39   38   0.95344809280030318
  14   14     39   39   -2.0910727140692793
  15   15      0    0   -6.1835578953900043
  15   15      0    1   1.9149193641534759
  15   15      0    2   -4.0163720853917226
  15   15      0    3   6.8092270027382886
  15   15      0    4   -2.2922501876582499
  15   15      0    5   3.1735919912600061
  15   15      0    6   -0.00031690495565066007
  15   15      0    7   7.4782789832101039e-05
  15   15      0    8   -0.00064331828224452835
  15   15      0    9   0.00013339734670212892
  15   15      0   10   -5.5329580729275274e-05
  15   15      0   11   0.00023377416186493266
  15   15      0   12   -0.00035647217521727026
  15   15      0   13   6.5166022336785856e-05
  15   15      0   14   0.00014007766126256739
  15   15      0   15   -4.4274335161689231e-05
  15   15      0   16   -3.2598816703557554e-05
  15   15      0   17   -2.1677365156605405e-06
  15   15      0   18   -6.7343519401648165e-05
  15   15      0   19   4.735129086155379e-05
  15   15      0   20   -6.4418687549194204e-06
  15   15      0   21   1.5686368443181525e-05
  15   15      0   22   9.5461406129105565e-05
  15   15      0   23   -0.00013859237304614353
  15   15      0   24   -7.3257298650106898e-06
  15   15      0   25   4.8625226356892949e-05
  15   15      0   26   -1.4086474307209099e-05
  15   15      0   27   8.8203552832832784e-05
  15   15      0   28   -3.7711667537558398e-05
  15   15      0   29   -2.9317359372761171e-05
  15   15      0   30   8.7730711289110214e-06
  15   15      0   31   -7.8357902610344941e-05
  15   15      0   32   -9.9113223776790888e-06
  15   15      0   33   -0.00015333315472425003
  15   15      0   34   1.7315580657800999e-05
  15   15      0   35   0.00026102271508152201
  15   15      1    0   1.914919364153475
  15   15      1    1   -0.55564074870993574
  15   15      1    2   1.0460651245704806
  15   15      1    3   -2.288698341906434
  15   15      1    4   0.77206581881782566
  15   15      1    5   -0.22543331510526468
  15   15      1    6   -2.0541779185017486
  15   15      1    7   -2.0041969796856978
  15   15      1    8   0.72014681008804471
  15   15      1    9   1.4221172003786817
  15   15      1   10   0.21270467838416404
  15   15      1   11   0.53935931211844979
  15   15      1   12   0.32976600798601119
  15   15      1   13   5.0062239815567047
  15   15      1   14   -0.536668876607725
  15   15      1   15   -2.358905936876603
  15   15      1   16   0.64060986450648016
  15   15      1   17   0.14839347215192009
  15   15      1   18   -0.66871104022177641
  15   15      1   19   -0.57172122233638634
  15   15      1   20   -0.56526048923231931
  15   15      1   21   -0.0061358329198561131
  15   15      1   22   0.20212326933450528
  15   15      1   23   0.84672922367980463
  15   15      1   24   0.25317022496360503
  15   15      1   25   -0.49030322493976103
  15   15      1   26   -0.75493576978623356
  15   15      1   27   0.60671810972413043
  15   15      1   28   0.36297011836291987
  15   15      1   29   0.51687698430374451
  15   15      1   30   0.53857343278090475
  15   15      1   31   -0.64371945147198428
  15   15      1   32   1.155570543041802
  15   15      1   33   -0.66478924597854427
  15   15      1   34   -1.1108973377923486
  15   15      1   35   0.15250580374602477
  15   15      2    0   -4.0163720853917226
  15   15      2    1   1.0460651245704808
  15   15      2    2   -3.209346627111775
  15   15      2    3   3.0749282448576958
  15   15      2    4   -0.19547023491377846
  15   15      2    5   2.647765398445634
  15   15      2    6   -1.0844173211788335
  15   15      2    7   0.73730499668416671
  15   15      2    8   -3.5716591386882639
  15   15      2    9   -0.094409126908999094
  15   15      2   10   -0.25939641558081833
  15   15      2   11   2.0064829241974174
  15   15      2   12   -0.87667024050267839
  15   15      2   13   0.65469893504515908
  15   15      2   14   -0.84433579634570555
  15   15      2   15   -0.99514207692127998
  15   15      2   16   0.24321262999661575
  15   15      2   17   -0.29031902803710841
  15   15      2   18   0.28432035227721514
  15   15      2   19   -1.0816319537567742
  15   15      2   20   -0.21694564800809338
  15   15      2   21   0.31388927839754932
  15   15      2   22   -0.57371503453970896
  15   15      2   23   1.0922278614226497
  15   15      2   24   0.51833500023345058
  15   15      2   25   -0.096058763607182698
  15   15      2   26   -0.14964445340698515
  15   15      2   27   0.96950955990135612
  15   15      2   28   -0.025510362806737602
  15   15      2   29   0.30800291631413712
  15   15      2   30   0.14233453619962325
  15   15      2   31   -0.43426298700779775
  15   15      2   32   0.74191838800057375
  15   15      2   33   -0.98242526085577175
  15   15      2   34   -0.69638241668335099
  15   15      2   35   0.4238777571035362
  15   15      3    0   6.8092270027382895
  15   15      3    1   -2.2886983419064335
  15   15      3    2   3.0749282448576962
  15   15      3    3   -6.0761041454181308
  15   15      3    4   1.9092342897325381
  15   15      3    5   -4.0679560785858753
  15   15      3    6   0.00013499872926841714
  15   15      3    7   -5.5738998878047734e-05
  15   15      3    8   0.00023861792758977053
  15   15      3    9   -0.00032574028304630279
  15   15      3   10   7.5896005752245285e-05
  15   15      3   11   -0.00066383814919625088
  15   15      3   12   0.00013912173852787094
  15   15      3   13   -4.4292650686717691e-05
  15   15      3   14   -0.00036638364873286725
  15   15      3   15   6.9074677833115181e-05
  15   15      3   16   -6.2349767568707096e-06
  15   15      3   17   1.5759323635565988e-05
  15   15      3   18   9.5012926630502395e-05
  15   15      3   19   -0.00013681390003049588
  15   15      3   20   -3.2995677781475162e-05
  15   15      3   21   -2.1722061664846924e-06
  15   15      3   22   -7.0032788529915283e-05
  15   15      3   23   4.9864511227703592e-05
  15   15      3   24   -3.8195383318538561e-05
  15   15      3   25   -2.9113070899667258e-05
  15   15      3   26   8.3774848984469292e-06
  15   15      3   27   -7.8997062422530919e-05
  15   15      3   28   -8.8938268281033895e-06
  15   15      3   29   4.92632264456885e-05
  15   15      3   30   -1.5383686442371036e-05
  15   15      3   31   9.1087594612074331e-05
  15   15      3   32   1.7320067129526266e-05
  15   15      3   33   0.0002617313794571324
  15   15      3   34   -9.4135486289161682e-06
  15   15      3   35   -0.00015915423690364945
  15   15      4    0   -2.2922501876582499
  15   15      4    1   0.77206581881782543
  15   15      4    2   -0.19547023491377846
  15   15      4    3   1.9092342897325381
  15   15      4    4   -0.54862956577557698
  15   15      4    5   1.0709070846155193
  15   15      4    6   1.4158049653127069
  15   15      4    7   0.21712047654617489
  15   15      4    8   0.53842526604606833
  15   15      4    9   -2.0515972959809012
  15   15      4   10   -1.9904068469277305
  15   15      4   11   0.7288289445556555
  15   15      4   12   -0.52377343232338436
  15   15      4   13   -2.3430787396599659
  15   15      4   14   0.3414703076011677
  15   15      4   15   4.9997736189102273
  15   15      4   16   -0.56499892715903866
  15   15      4   17   -0.0035182273510873038
  15   15      4   18   0.1836901073087501
  15   15      4   19   0.84273210857311243
  15   15      4   20   0.63984156623203425
  15   15      4   21   0.14482668250292882
  15   15      4   22   -0.68436490917605408
  15   15      4   23   -0.58173933356126228
  15   15      4   24   0.3604562401102237
  15   15      4   25   0.51444413346194429
  15   15      4   26   0.55338955240715104
  15   15      4   27   -0.56818391854896921
  15   15      4   28   0.2531595569947438
  15   15      4   29   -0.48781149680633884
  15   15      4   30   -0.75153491853214993
  15   15      4   31   0.65067764366487058
  15   15      4   32   -1.1028893657883758
  15   15      4   33   0.15942954087399469
  15   15      4   34   1.1523369681402493
  15   15      4   35   -0.67383256872961261
  15   15      5    0   3.1735919912600066
  15   15      5    1   -0.22543331510526457
  15   15      5    2   2.6477653984456349
  15   15      5    3   -4.0679560785858762
  15   15      5    4   1.0709070846155193
  15   15      5    5   -3.2759641000140336
  15   15      5    6   -0.10376870836001259
  15   15      5    7   -0.25337020836658614
  15   15      5    8   1.9870706923676096
  15   15      5    9   -1.0769248164963305
  15   15      5   10   0.73604777740197869
  15   15      5   11   -3.5850765462514378
  15   15      5   12   -0.85509548887656206
  15   15      5   13   -1.001210912576364
  15   15      5   14   -0.83062005810085615
  15   15      5   15   0.69004906160621915
  15   15      5   16   -0.2162828346663454
  15   15      5   17   0.31379107550142277
  15   15      5   18   -0.58291774022435749
  15   15      5   19   1.1163289208598144
  15   15      5   20   0.23820067754289539
  15   15      5   21   -0.28850756045463571
  15   15      5   22   0.28201930620679988
  15   15      5   23   -1.1010643939521549
  15   15      5   24   -0.011069820457584813
  15   15      5   25   0.32165078263132546
  15   15      5   26   0.14160576406347547
  15   15      5   27   -0.43112996597068209
  15   15      5   28   0.49490281404691616
  15   15      5   29   -0.10683628468134104
  15   15      5   30   -0.16136971424775517
  15   15      5   31   0.99585791119962652
  15   15      5   32   -0.71705250462200776
  15   15      5   33   0.40916589227520106
  15   15      5   34   0.75471975524345036
  15   15      5   35   -1.0054277786330619
  15   15      6    0   -0.00031690495565066007
  15   15      6    1   -2.0541779185017486
  15   15      6    2   -1.0844173211788337
  15   15      6    3   0.00013499872926841714
  15   15      6    4   1.4158049653127072
  15   15      6    5   -0.10376870836001259
  15   15      6    6   -1.6509009946233819
  15   15      6    7   0.99945817633856304
  15   15      6    8   -1.3442492957335028
  15   15      6    9   1.9970473142202461
  15   15      6   10   0.7542940416078493
  15   15      6   11   3.1787405039344701
  15   15      6   12   -2.5451120543571637
  15   15      6   13   0.89204073399726591
  15   15      6   14   2.3107373696584155
  15   15      6   15   -0.61152865497426867
  15   15      6   16   -5.8354202688463772
  15   15      6   17   0.65355243030505972
  15   15      6   18   -0.42524852883144582
  15   15      6   19   -0.25490310464490107
  15   15      6   20   0.1191451062444956
  15   15      6   21   0.35239309687332548
  15   15      6   22   -0.025842689892653928
  15   15      6   23   0.11454647274527412
  15   15      6   24   0.5957450866090449
  15   15      6   25   -0.82113064317484741
  15   15      6   26   0.88376305875739702
  15   15      6   27   0.37543953172666333
  15   15      6   28   -1.6116217437427802
  15   15      6   29   -0.0093465895065909018
  15   15      6   30   -0.10717930577288241
  15   15      6   31   -0.47990203381993074
  15   15      6   32   -1.1394247681269569
  15   15      6   33   -1.3260237248922082
  15   15      6   34   0.18384244479487807
  15   15      6   35   -0.025072878463365769
  15   15      7    0   7.4782789832101039e-05
  15   15      7    1   -2.0041969796856982
  15   15      7    2   0.73730499668416671
  15   15      7    3   -5.5738998878047734e-05
  15   15      7    4   0.21712047654617489
  15   15      7    5   -0.25337020836658619
  15   15      7    6   0.99945817633856304
  15   15      7    7   -1.9575680019860973
  15   15      7    8   0.40256232962206212
  15   15      7    9   0.75060396229043136
  15   15      7   10   1.0524536209415307
  15   15      7   11   -1.1024146648887383
  15   15      7   12   0.64459465879431332
  15   15      7   13   2.2448022719522851
  15   15      7   14   -2.8002997799502998
  15   15      7   15   -4.052148560299778
  15   15      7   16   -0.66396087736203468
  15   15      7   17   -4.3836384354759996
  15   15      7   18   -0.55569867780582416
  15   15      7   19   -1.4228140475278848
  15   15      7   20   0.30245060648579319
  15   15      7   21   -0.53727812820752319
  15   15      7   22   -0.18638653020880755
  15   15      7   23   0.26253616987491635
  15   15      7   24   -0.27709991214401969
  15   15      7   25   -1.9832073461168263
  15   15      7   26   -0.19926392632131082
  15   15      7   27   1.0013032518727547
  15   15      7   28   0.47280902467421343
  15   15      7   29   0.88615626195825736
  15   15      7   30   0.21118933687867716
  15   15      7   31   -0.035658406746218604
  15   15      7   32   -0.6756835721726161
  15   15      7   33   -0.12571339347886359
  15   15      7   34   -1.0137240553210292
  15   15      7   35   0.43918974471939876
  15   15      8    0   -0.00064331828224452835
  15   15      8    1   0.72014681008804471
  15   15      8    2   -3.5716591386882635
  15   15      8    3   0.00023861792758971502
  15   15      8    4   0.53842526604606833
  15   15      8    5   1.98707069236761
  15   15      8    6   -1.3442492957335026
  15   15      8    7   0.40256232962206201
  15   15      8    8   -2.345695202142974
  15   15      8    9   3.2009136091949983
  15   15      8   10   -1.114836645655582
  15   15      8   11   3.7195918258354461
  15   15      8   12   -2.2910734766675334
  15   15      8   13   0.060970695614183446
  15   15      8   14   3.6428814797221833
  15   15      8   15   -0.92790596601448028
  15   15      8   16   0.5583973831959641
  15   15      8   17   -0.22951692346706459
  15   15      8   18   -3.1874386397119761
  15   15      8   19   3.4541288904554674
  15   15      8   20   -0.68352151472342482
  15   15      8   21   0.19643245808436868
  15   15      8   22   -0.53096397489755853
  15   15      8   23   0.69445287036921133
  15   15      8   24   2.0866299773623869
  15   15      8   25   0.40082674063420032
  15   15      8   26   -0.84432539503536019
  15   15      8   27   1.6795490264329587
  15   15      8   28   -1.4335110764769596
  15   15      8   29   -0.050408055367188127
  15   15      8   30   -0.44758801654641334
  15   15      8   31   -0.69326166054799709
  15   15      8   32   0.41119281493244658
  15   15      8   33   -3.2713961609703874
  15   15      8   34   -0.30253712538198313
  15   15      8   35   0.20676907900373964
  15   15      9    0   0.00013339734670212892
  15   15      9    1   1.4221172003786815
  15   15      9    2   -0.094409126908999066
  15   15      9    3   -0.00032574028304619177
  15   15      9    4   -2.0515972959809017
  15   15      9    5   -1.0769248164963308
  15   15      9    6   1.9970473142202463
  15   15      9    7   0.75060396229043158
  15   15      9    8   3.2009136091949983
  15   15      9    9   -1.6406681189198717
  15   15      9   10   1.0017600389386507
  15   15      9   11   -1.3303825892206711
  15   15      9   12   2.2976485607723696
  15   15      9   13   -0.60424046355709193
  15   15      9   14   -2.5368245818487583
  15   15      9   15   0.89139193831587871
  15   15      9   16   0.12430160388566361
  15   15      9   17   0.35269605269094206
  15   15      9   18   -0.035035758925214072
  15   15      9   19   0.1424542569108932
  15   15      9   20   -5.7872853576142811
  15   15      9   21   0.64234915493178679
  15   15      9   22   -0.44541447742238471
  15   15      9   23   -0.20844799192335575
  15   15      9   24   -1.5984912202091388
  15   15      9   25   -0.011683551323251535
  15   15      9   26   -0.11034529480999206
  15   15      9   27   -0.4673059369500086
  15   15      9   28   0.6015088607699588
  15   15      9   29   -0.81242881507940268
  15   15      9   30   0.8835223827857458
  15   15      9   31   0.39388640435219702
  15   15      9   32   0.19224739983539862
  15   15      9   33   -0.029232231252646235
  15   15      9   34   -1.1265966813893937
  15   15      9   35   -1.3607444165850773
  15   15     10    0   -5.5329580729275274e-05
  15   15     10    1   0.21270467838416399
  15   15     10    2   -0.25939641558081838
  15   15     10    3   7.5896005752134263e-05
  15   15     10    4   -1.9904068469277305
  15   15     10    5   0.7360477774019788
  15   15     10    6   0.7542940416078493
  15   15     10    7   1.0524536209415307
  15   15     10    8   -1.1148366456555818
  15   15     10    9   1.0017600389386507
  15   15     10   10   -1.9423706084756533
  15   15     10   11   0.39369362425432819
  15   15     10   12   -2.7707079293063668
  15   15     10   13   -4.0227179565563365
  15   15     10   14   0.63798060535305934
  15   15     10   15   2.2410864680333442
  15   15     10   16   0.30160096148429649
  15   15     10   17   -0.53321329328137335
  15   15     10   18   -0.1828122616087729
  15   15     10   19   0.25926270168043414
  15   15     10   20   -0.66134110598873641
  15   15     10   21   -4.3547988953432464
  15   15     10   22   -0.55840698640000452
  15   15     10   23   -1.4690936326025994
  15   15     10   24   0.46509968536936708
  15   15     10   25   0.88148932559476167
  15   15     10   26   0.22487922745650238
  15   15     10   27   -0.0072618608612735388
  15   15     10   28   -0.27224813004633119
  15   15     10   29   -1.9707231192301287
  15   15     10   30   -0.18436990543826329
  15   15     10   31   1.0724204366997077
  15   15     10   32   -1.0094730519760544
  15   15     10   33   0.43885190756954745
  15   15     10   34   -0.65969117772500629
  15   15     10   35   -0.10975415130016923
  15   15     11    0   0.00023377416186498817
  15   15     11    1   0.53935931211844967
  15   15     11    2   2.0064829241974174
  15   15     11    3   -0.0006638381491963619
  15   15     11    4   0.72882894455565539
  15   15     11    5   -3.5850765462514369
  15   15     11    6   3.1787405039344709
  15   15     11    7   -1.1024146648887385
  15   15     11    8   3.7195918258354461
  15   15     11    9   -1.3303825892206711
  15   15     11   10   0.39369362425432808
  15   15     11   11   -2.3598839280808592
  15   15     11   12   3.5611534348130243
  15   15     11   13   -0.91550846290577359
  15   15     11   14   -2.2566251532508819
  15   15     11   15   0.094331009010086952
  15   15     11   16   -0.67712207525535184
  15   15     11   17   0.19037057636359475
  15   15     11   18   -0.53303285908609055
  15   15     11   19   0.72189573226563852
  15   15     11   20   0.55648403715274253
  15   15     11   21   -0.22364215710920596
  15   15     11   22   -3.2034411014628721
  15   15     11   23   3.4739972231555876
  15   15     11   24   -1.413687915948354
  15   15     11   25   -0.045367624335644334
  15   15     11   26   -0.44557758867034819
  15   15     11   27   -0.69849398871370649
  15   15     11   28   2.0761089128619168
  15   15     11   29   0.39412302764472584
  15   15     11   30   -0.84941663928642652
  15   15     11   31   1.6945755914097471
  15   15     11   32   -0.30496081966711575
  15   15     11   33   0.20889392989115377
  15   15     11   34   0.41411165553863327
  15   15     11   35   -3.2995904805735368
  15   15     12    0   -0.00035647217521738128
  15   15     12    1   0.32976600798601124
  15   15     12    2   -0.87667024050267839
  15   15     12    3   0.00013912173852787094
  15   15     12    4   -0.52377343232338436
  15   15     12    5   -0.85509548887656228
  15   15     12    6   -2.5451120543571633
  15   15     12    7   0.64459465879431332
  15   15     12    8   -2.2910734766675334
  15   15     12    9   2.2976485607723696
  15   15     12   10   -2.7707079293063668
  15   15     12   11   3.5611534348130247
  15   15     12   12   -3.1644276514552274
  15   15     12   13   -0.59721525873935966
  15   15     12   14   2.7823705284445337
  15   15     12   15   1.416215289956362
  15   15     12   16   0.95099501423437705
  15   15     12   17   -0.15936979601231299
  15   15     12   18   0.42713457752288098
  15   15     12   19   -0.078818085270803404
  15   15     12   20   -0.71511918942789776
  15   15     12   21   0.36816155857960814
  15   15     12   22   0.097128866776735628
  15   15     12   23   -0.42944183504767203
  15   15     12   24   -5.6703978059728959
  15   15     12   25   1.831091691971704
  15   15     12   26   -0.56429195311443303
  15   15     12   27   -0.32867515750056853
  15   15     12   28   -1.5507703123115677
  15   15     12   29   -0.92790327799562966
  15   15     12   30   -0.5890643454916632
  15   15     12   31   -0.27601867265805979
  15   15     12   32   1.017659018448771
  15   15     12   33   -1.4461273666292001
  15   15     12   34   0.94791225785496824
  15   15     12   35   -0.23464954761353196
  15   15     13    0   6.51660223370079e-05
  15   15     13    1   5.0062239815567056
  15   15     13    2   0.65469893504515886
  15   15     13    3   -4.4292650686495647e-05
  15   15     13    4   -2.3430787396599659
  15   15     13    5   -1.001210912576364
  15   15     13    6   0.89204073399726591
  15   15     13    7   2.2448022719522851
  15   15     13    8   0.060970695614183334
  15   15     13    9   -0.60424046355709193
  15   15     13   10   -4.0227179565563356
  15   15     13   11   -0.9155084629057737
  15   15     13   12   -0.59721525873935954
  15   15     13   13   -2.8094159051673691
  15   15     13   14   1.4300436389302644
  15   15     13   15   6.621289530559145
  15   15     13   16   -0.73156701877626495
  15   15     13   17   -0.8947960395509128
  15   15     13   18   0.06138655602364762
  15   15     13   19   1.084531831973264
  15   15     13   20   0.54719567741571296
  15   15     13   21   0.98736585502879315
  15   15     13   22   0.20113623636997174
  15   15     13   23   -1.0870097015399154
  15   15     13   24   -0.41953864711186917
  15   15     13   25   -4.7900563865445722
  15   15     13   26   -0.49366111354241565
  15   15     13   27   -3.0195419924545353
  15   15     13   28   -0.040816636748893124
  15   15     13   29   -0.012488180456573812
  15   15     13   30   -0.30257771078539664
  15   15     13   31   0.055579141684412539
  15   15     13   32   4.0683252177098126
  15   15     13   33   1.0786275148106061
  15   15     13   34   1.5172414237362915
  15   15     13   35   -0.69634321171444424
  15   15     14    0   0.00014007766126256739
  15   15     14    1   -0.536668876607725
  15   15     14    2   -0.84433579634570533
  15   15     14    3   -0.00036638364873281174
  15   15     14    4   0.34147030760116764
  15   15     14    5   -0.83062005810085593
  15   15     14    6   2.3107373696584155
  15   15     14    7   -2.8002997799502998
  15   15     14    8   3.6428814797221833
  15   15     14    9   -2.5368245818487587
  15   15     14   10   0.63798060535305934
  15   15     14   11   -2.2566251532508819
  15   15     14   12   2.7823705284445337
  15   15     14   13   1.4300436389302646
  15   15     14   14   -3.1844878573764159
  15   15     14   15   -0.6140958536021851
  15   15     14   16   -0.70367622714965383
  15   15     14   17   0.36399604123531704
  15   15     14   18   0.09280086615195654
  15   15     14   19   -0.39931556262347362
  15   15     14   20   0.94066005816101939
  15   15     14   21   -0.15929413521893229
  15   15     14   22   0.38631587681475671
  15   15     14   23   -0.017499165153476215
  15   15     14   24   -1.5367310179442371
  15   15     14   25   -0.936982756432575
  15   15     14   26   -0.58435019265667476
  15   15     14   27   -0.27555593605375167
  15   15     14   28   -5.7034994852696217
  15   15     14   29   1.8444429894601477
  15   15     14   30   -0.60689456903417527
  15   15     14   31   -0.36385831569509186
  15   15     14   32   0.94206179718931082
  15   15     14   33   -0.23784226402841477
  15   15     14   34   1.0402899620713071
  15   15     14   35   -1.5503713072209946
  15   15     15    0   -4.4274335161911276e-05
  15   15     15    1   -2.358905936876603
  15   15     15    2   -0.99514207692127976
  15   15     15    3   6.9074677833115181e-05
  15   15     15    4   4.9997736189102273
  15   15     15    5   0.69004906160621937
  15   15     15    6   -0.61152865497426867
  15   15     15    7   -4.052148560299778
  15   15     15    8   -0.92790596601448028
  15   15     15    9   0.89139193831587848
  15   15     15   10   2.2410864680333438
  15   15     15   11   0.094331009010087008
  15   15     15   12   1.416215289956362
  15   15     15   13   6.621289530559145
  15   15     15   14   -0.6140958536021851
  15   15     15   15   -2.8049630940476278
  15   15     15   16   0.54764198197725145
  15   15     15   17   0.97650250929267091
  15   15     15   18   0.20184938496710314
  15   15     15   19   -1.0833993159942197
  15   15     15   20   -0.73169177156669984
  15   15     15   21   -0.88533008312454731
  15   15     15   22   0.079753589418259302
  15   15     15   23   1.1198681790462091
  15   15     15   24   -0.045919902025978114
  15   15     15   25   -0.0070780000649968223
  15   15     15   26   -0.30786786928169746
  15   15     15   27   0.031276011310226413
  15   15     15   28   -0.42494791368079049
  15   15     15   29   -4.8173054287355894
  15   15     15   30   -0.55840543975447976
  15   15     15   31   -3.1779251246981715
  15   15     15   32   1.4943825459015465
  15   15     15   33   -0.70200210926977724
  15   15     15   34   4.1626283911688926
  15   15     15   35   1.0972245230527289
  15   15     16    0   -3.2598816703557554e-05
  15   15     16    1   0.64060986450648016
  15   15     16    2   0.24321262999661575
  15   15     16    3   -6.2349767568707096e-06
  15   15     16    4   -0.56499892715903866
  15   15     16    5   -0.2162828346663454
  15   15     16    6   -5.8354202688463772
  15   15     16    7   -0.66396087736203468
  15   15     16    8   0.5583973831959641
  15   15     16    9   0.12430160388566361
  15   15     16   10   0.30160096148429649
  15   15     16   11   -0.67712207525535184
  15   15     16   12   0.95099501423437705
  15   15     16   13   -0.73156701877626495
  15   15     16   14   -0.70367622714965383
  15   15     16   15   0.54764198197725145
  15   15     16   16   -0.81659746622042906
  15   15     16   17   0.82517623710420596
  15   15     16   18   -0.42515655108440498
  15   15     16   19   0.66469296624796326
  15   15     16   20   0.49045870671436537
  15   15     16   21   0.37729099437160318
  15   15     16   22   3.2043960452433353
  15   15     16   23   -0.57678592316646171
  15   15     16   24   -1.5326991141348543
  15   15     16   25   1.2553125449296161
  15   15     16   26   -0.08715482278007268
  15   15     16   27   0.035075464640494415
  15   15     16   28   1.2350376414223976
  15   15     16   29   -0.9913522396103055
  15   15     16   30   0.22153846886574799
  15   15     16   31   -0.0043353620330310117
  15   15     16   32   -0.19177046893639302
  15   15     16   33   -0.38858424962567595
  15   15     16   34   0.087883447126918701
  15   15     16   35   0.20304680924700863
  15   15     17    0   -2.1677365156605405e-06
  15   15     17    1   0.14839347215192009
  15   15     17    2   -0.29031902803710841
  15   15     17    3   1.5759323635565988e-05
  15   15     17    4   -0.0035182273510873038
  15   15     17    5   0.31379107550142277
  15   15     17    6   0.65355243030505972
  15   15     17    7   -4.3836384354759996
  15   15     17    8   -0.22951692346706459
  15   15     17    9   0.35269605269094206
  15   15     17   10   -0.53321329328137335
  15   15     17   11   0.19037057636359475
  15   15     17   12   -0.15936979601231299
  15   15     17   13   -0.8947960395509128
  15   15     17   14   0.36399604123531704
  15   15     17   15   0.97650250929267091
  15   15     17   16   0.82517623710420596
  15   15     17   17   -1.8791054945874075
  15   15     17   18   -0.11281693215286348
  15   15     17   19   -0.15953946459417986
  15   15     17   20   0.37726947637123581
  15   15     17   21   1.2206918760228735
  15   15     17   22   -0.40289621678598775
  15   15     17   23   -0.0031935228226534136
  15   15     17   24   0.21584210123728448
  15   15     17   25   0.55120429832424744
  15   15     17   26   0.26201640811999394
  15   15     17   27   0.601728192352458
  15   15     17   28   -1.4262554836009735
  15   15     17   29   -2.0208481811602992
  15   15     17   30   -2.9490426792469795
  15   15     17   31   -0.56610106888899914
  15   15     17   32   -1.0792220925603591
  15   15     17   33   0.58464508088875189
  15   15     17   34   0.81254748222497164
  15   15     17   35   -0.56304381768154077
  15   15     18    0   -6.7343519401675921e-05
  15   15     18    1   -0.66871104022177652
  15   15     18    2   0.28432035227721519
  15   15     18    3   9.5012926630502395e-05
  15   15     18    4   0.1836901073087501
  15   15     18    5   -0.58291774022435738
  15   15     18    6   -0.42524852883144587
  15   15     18    7   -0.55569867780582405
  15   15     18    8   -3.1874386397119761
  15   15     18    9   -0.035035758925214044
  15   15     18   10   -0.1828122616087729
  15   15     18   11   -0.53303285908609055
  15   15     18   12   0.42713457752288109
  15   15     18   13   0.061386556023647634
  15   15     18   14   0.092800866151956526
  15   15     18   15   0.20184938496710314
  15   15     18   16   -0.42515655108440498
  15   15     18   17   -0.11281693215286348
  15   15     18   18   -0.82288957310459343
  15   15     18   19   1.094352512919375
  15   15     18   20   3.1704731954761569
  15   15     18   21   -0.40189337689181653
  15   15     18   22   0.68502626830262947
  15   15     18   23   -1.0219889329383403
  15   15     18   24   -1.1754208396284398
  15   15     18   25   0.21187309260003484
  15   15     18   26   -0.58999125467571467
  15   15     18   27   0.40739921374944699
  15   15     18   28   1.0733999578173274
  15   15     18   29   -0.29390051539041706
  15   15     18   30   0.12751778181821452
  15   15     18   31   -0.53613624106518587
  15   15     18   32   -0.44078716000475027
  15   15     18   33   -0.69946190386061602
  15   15     18   34   1.3876323363876424
  15   15     18   35   2.2800077893533612
  15   15     19    0   4.7351290861331745e-05
  15   15     19    1   -0.57172122233638634
  15   15     19    2   -1.0816319537567745
  15   15     19    3   -0.00013681390003049588
  15   15     19    4   0.84273210857311243
  15   15     19    5   1.1163289208598146
  15   15     19    6   -0.25490310464490107
  15   15     19    7   -1.4228140475278845
  15   15     19    8   3.4541288904554674
  15   15     19    9   0.1424542569108932
  15   15     19   10   0.25926270168043414
  15   15     19   11   0.72189573226563852
  15   15     19   12   -0.078818085270803515
  15   15     19   13   1.084531831973264
  15   15     19   14   -0.39931556262347362
  15   15     19   15   -1.0833993159942199
  15   15     19   16   0.66469296624796326
  15   15     19   17   -0.15953946459417986
  15   15     19   18   1.094352512919375
  15   15     19   19   -1.3843557948610699
  15   15     19   20   -0.59316880288896867
  15   15     19   21   -0.00028033652552116593
  15   15     19   22   -1.0271444124935605
  15   15     19   23   0.79476128052796313
  15   15     19   24   0.83203412640172525
  15   15     19   25   -0.45758773567316213
  15   15     19   26   0.57011401238089032
  15   15     19   27   0.52579878474238251
  15   15     19   28   -3.0032974222957183
  15   15     19   29   0.95699100637954571
  15   15     19   30   -0.91705404229782506
  15   15     19   31   -0.6089832371861239
  15   15     19   32   -0.305203889132041
  15   15     19   33   0.9976439902463492
  15   15     19   34   0.51896448672067885
  15   15     19   35   -2.2703600575408367
  15   15     20    0   -6.4418687549194204e-06
  15   15     20    1   -0.56526048923231931
  15   15     20    2   -0.21694564800809338
  15   15     20    3   -3.2995677781475162e-05
  15   15     20    4   0.63984156623203425
  15   15     20    5   0.23820067754289539
  15   15     20    6   0.1191451062444956
  15   15     20    7   0.30245060648579319
  15   15     20    8   -0.68352151472342482
  15   15     20    9   -5.7872853576142811
  15   15     20   10   -0.66134110598873641
  15   15     20   11   0.55648403715274253
  15   15     20   12   -0.71511918942789776
  15   15     20   13   0.54719567741571296
  15   15     20   14   0.94066005816101939
  15   15     20   15   -0.73169177156669984
  15   15     20   16   0.49045870671436537
  15   15     20   17   0.37726947637123581
  15   15     20   18   3.1704731954761569
  15   15     20   19   -0.59316880288896867
  15   15     20   20   -0.8165415228540166
  15   15     20   21   0.82520869240535477
  15   15     20   22   -0.42683852952478279
  15   15     20   23   0.65244913562743023
  15   15     20   24   1.2351150567419711
  15   15     20   25   -0.99133484566726404
  15   15     20   26   0.22858581361506697
  15   15     20   27   -0.016997569767402746
  15   15     20   28   -1.5326081948602701
  15   15     20   29   1.2553232948020896
  15   15     20   30   -0.083461101353513728
  15   15     20   31   0.025845260214074964
  15   15     20   32   0.086077424965664479
  15   15     20   33   0.20798781028405056
  15   15     20   34   -0.19381756039432496
  15   15     20   35   -0.38290973471655054
  15   15     21    0   1.5686368443181525e-05
  15   15     21    1   -0.0061358329198561131
  15   15     21    2   0.31388927839754932
  15   15     21    3   -2.1722061664846924e-06
  15   15     21    4   0.14482668250292882
  15   15     21    5   -0.28850756045463571
  15   15     21    6   0.35239309687332548
  15   15     21    7   -0.53727812820752319
  15   15     21    8   0.19643245808436868
  15   15     21    9   0.64234915493178679
  15   15     21   10   -4.3547988953432464
  15   15     21   11   -0.22364215710920596
  15   15     21   12   0.36816155857960814
  15   15     21   13   0.98736585502879315
  15   15     21   14   -0.15929413521893229
  15   15     21   15   -0.88533008312454731
  15   15     21   16   0.37729099437160318
  15   15     21   17   1.2206918760228735
  15   15     21   18   -0.40189337689181653
  15   15     21   19   -0.00028033652552116593
  15   15     21   20   0.82520869240535477
  15   15     21   21   -1.8791193401569219
  15   15     21   22   -0.1170540596876324
  15   15     21   23   -0.15354489804388288
  15   15     21   24   -1.4262632980367411
  15   15     21   25   -2.0208526907366857
  15   15     21   26   -2.9230621053261934
  15   15     21   27   -0.58162710197067136
  15   15     21   28   0.21581811050842789
  15   15     21   29   0.55125110530729859
  15   15     21   30   0.25565526959848334
  15   15     21   31   0.58499940834823849
  15   15     21   32   0.8126094282863886
  15   15     21   33   -0.56442113383861525
  15   15     21   34   -1.0796334959446818
  15   15     21   35   0.58379261263449955
  15   15     22    0   9.5461406129050054e-05
  15   15     22    1   0.20212326933450528
  15   15     22    2   -0.57371503453970896
  15   15     22    3   -7.0032788529943038e-05
  15   15     22    4   -0.68436490917605419
  15   15     22    5   0.28201930620679994
  15   15     22    6   -0.025842689892653928
  15   15     22    7   -0.18638653020880749
  15   15     22    8   -0.53096397489755842
  15   15     22    9   -0.44541447742238466
  15   15     22   10   -0.55840698640000452
  15   15     22   11   -3.2034411014628716
  15   15     22   12   0.097128866776735656
  15   15     22   13   0.20113623636997177
  15   15     22   14   0.38631587681475671
  15   15     22   15   0.079753589418259302
  15   15     22   16   3.2043960452433353
  15   15     22   17   -0.40289621678598775
  15   15     22   18   0.68502626830262947
  15   15     22   19   -1.0271444124935605
  15   15     22   20   -0.42683852952478279
  15   15     22   21   -0.1170540596876324
  15   15     22   22   -0.8225496579867243
  15   15     22   23   1.0957346146001314
  15   15     22   24   1.0622303536705415
  15   15     22   25   -0.28645366140740636
  15   15     22   26   0.12531358824115896
  15   15     22   27   -0.53913549070173639
  15   15     22   28   -1.1584256198158265
  15   15     22   29   0.21152268073139324
  15   15     22   30   -0.59149038504007079
  15   15     22   31   0.4097394962085914
  15   15     22   32   1.3921096091574168
  15   15     22   33   2.2651923049284566
  15   15     22   34   -0.44100923985609508
  15   15     22   35   -0.69476440344880397
  15   15     23    0   -0.00013859237304592148
  15   15     23    1   0.84672922367980463
  15   15     23    2   1.0922278614226499
  15   15     23    3   4.9864511227925636e-05
  15   15     23    4   -0.58173933356126228
  15   15     23    5   -1.1010643939521549
  15   15     23    6   0.11454647274527434
  15   15     23    7   0.26253616987491635
  15   15     23    8   0.69445287036921144
  15   15     23    9   -0.20844799192335575
  15   15     23   10   -1.4690936326025994
  15   15     23   11   3.4739972231555876
  15   15     23   12   -0.42944183504767192
  15   15     23   13   -1.0870097015399154
  15   15     23   14   -0.017499165153476326
  15   15     23   15   1.1198681790462091
  15   15     23   16   -0.57678592316646171
  15   15     23   17   -0.0031935228226534136
  15   15     23   18   -1.0219889329383403
  15   15     23   19   0.79476128052796313
  15   15     23   20   0.65244913562743023
  15   15     23   21   -0.15354489804388288
  15   15     23   22   1.0957346146001314
  15   15     23   23   -1.3985357193877022
  15   15     23   24   -3.059835470679892
  15   15     23   25   0.98032861550206785
  15   15     23   26   -0.91160821511056334
  15   15     23   27   -0.59583846897637971
  15   15     23   28   0.80557534925357821
  15   15     23   29   -0.47342888614639361
  15   15     23   30   0.56349226896177618
  15   15     23   31   0.53949087160083864
  15   15     23   32   0.52610466760729702
  15   15     23   33   -2.2682724140612063
  15   15     23   34   -0.28709142536759852
  15   15     23   35   0.98978573855556862
  15   15     24    0   -7.3257298650106898e-06
  15   15     24    1   0.25317022496360503
  15   15     24    2   0.51833500023345058
  15   15     24    3   -3.8195383318538561e-05
  15   15     24    4   0.3604562401102237
  15   15     24    5   -0.011069820457584813
  15   15     24    6   0.5957450866090449
  15   15     24    7   -0.27709991214401969
  15   15     24    8   2.0866299773623869
  15   15     24    9   -1.5984912202091388
  15   15     24   10   0.46509968536936708
  15   15     24   11   -1.413687915948354
  15   15     24   12   -5.6703978059728959
  15   15     24   13   -0.41953864711186917
  15   15     24   14   -1.5367310179442371
  15   15     24   15   -0.045919902025978114
  15   15     24   16   -1.5326991141348543
  15   15     24   17   0.21584210123728448
  15   15     24   18   -1.1754208396284398
  15   15     24   19   0.83203412640172525
  15   15     24   20   1.2351150567419711
  15   15     24   21   -1.4262632980367411
  15   15     24   22   1.0622303536705415
  15   15     24   23   -3.059835470679892
  15   15     24   24   -2.4462407179146997
  15   15     24   25   0.14475922922095011
  15   15     24   26   -0.79115047878363365
  15   15     24   27   0.19709537380040607
  15   15     24   28   1.7323966706974789
  15   15     24   29   0.39154779264219935
  15   15     24   30   0.52237114186720812
  15   15     24   31   0.30640528768608044
  15   15     24   32   0.16416060038303842
  15   15     24   33   -1.3560489654004273
  15   15     24   34   -0.63547377138772787
  15   15     24   35   0.74315740474401915
  15   15     25    0   4.8625226356892949e-05
  15   15     25    1   -0.49030322493976103
  15   15     25    2   -0.096058763607182698
  15   15     25    3   -2.9113070899667258e-05
  15   15     25    4   0.51444413346194429
  15   15     25    5   0.32165078263132546
  15   15     25    6   -0.82113064317484741
  15   15     25    7   -1.9832073461168263
  15   15     25    8   0.40082674063420032
  15   15     25    9   -0.011683551323251535
  15   15     25   10   0.88148932559476167
  15   15     25   11   -0.045367624335644334
  15   15     25   12   1.831091691971704
  15   15     25   13   -4.7900563865445722
  15   15     25   14   -0.936982756432575
  15   15     25   15   -0.0070780000649968223
  15   15     25   16   1.2553125449296161
  15   15     25   17   0.55120429832424744
  15   15     25   18   0.21187309260003484
  15   15     25   19   -0.45758773567316213
  15   15     25   20   -0.99133484566726404
  15   15     25   21   -2.0208526907366857
  15   15     25   22   -0.28645366140740636
  15   15     25   23   0.98032861550206785
  15   15     25   24   0.14475922922095011
  15   15     25   25   -0.49904200241875912
  15   15     25   26   -0.38015568856711568
  15   15     25   27   -0.33677686416085645
  15   15     25   28   0.39147518740285631
  15   15     25   29   1.5490925750819622
  15   15     25   30   -0.54051450293123504
  15   15     25   31   2.4199146357616947
  15   15     25   32   0.76646254631304334
  15   15     25   33   -0.33917881199777744
  15   15     25   34   -0.71180997434921001
  15   15     25   35   0.32156629889678817
  15   15     26    0   -1.4086474307209099e-05
  15   15     26    1   -0.75493576978623356
  15   15     26    2   -0.14964445340698515
  15   15     26    3   8.3774848983359069e-06
  15   15     26    4   0.55338955240715104
  15   15     26    5   0.14160576406347547
  15   15     26    6   0.88376305875739702
  15   15     26    7   -0.19926392632131082
  15   15     26    8   -0.84432539503536019
  15   15     26    9   -0.11034529480999206
  15   15     26   10   0.22487922745650238
  15   15     26   11   -0.44557758867034825
  15   15     26   12   -0.56429195311443303
  15   15     26   13   -0.49366111354241576
  15   15     26   14   -0.58435019265667465
  15   15     26   15   -0.30786786928169757
  15   15     26   16   -0.08715482278007268
  15   15     26   17   0.26201640811999394
  15   15     26   18   -0.58999125467571467
  15   15     26   19   0.57011401238089032
  15   15     26   20   0.22858581361506697
  15   15     26   21   -2.9230621053261934
  15   15     26   22   0.12531358824115899
  15   15     26   23   -0.91160821511056334
  15   15     26   24   -0.79115047878363365
  15   15     26   25   -0.38015568856711568
  15   15     26   26   -0.84710717060071938
  15   15     26   27   -0.86677050329947303
  15   15     26   28   0.52514225622817456
  15   15     26   29   -0.52451059399125477
  15   15     26   30   0.41190672799993894
  15   15     26   31   1.3830478329151212
  15   15     26   32   0.42042405604972005
  15   15     26   33   -0.34286954908328071
  15   15     26   34   -2.4384283955951358
  15   15     26   35   0.90527821424943344
  15   15     27    0   8.8203552833054829e-05
  15   15     27    1   0.60671810972413043
  15   15     27    2   0.96950955990135568
  15   15     27    3   -7.8997062422530919e-05
  15   15     27    4   -0.5681839185489701
  15   15     27    5   -0.43112996597068187
  15   15     27    6   0.37543953172666333
  15   15     27    7   1.0013032518727547
  15   15     27    8   1.6795490264329587
  15   15     27    9   -0.4673059369500086
  15   15     27   10   -0.0072618608612734278
  15   15     27   11   -0.69849398871370649
  15   15     27   12   -0.32867515750056853
  15   15     27   13   -3.0195419924545348
  15   15     27   14   -0.27555593605375167
  15   15     27   15   0.031276011310226413
  15   15     27   16   0.035075464640494415
  15   15     27   17   0.601728192352458
  15   15     27   18   0.40739921374944699
  15   15     27   19   0.52579878474238262
  15   15     27   20   -0.016997569767402746
  15   15     27   21   -0.58162710197067136
  15   15     27   22   -0.53913549070173639
  15   15     27   23   -0.59583846897637971
  15   15     27   24   0.19709537380040607
  15   15     27   25   -0.33677686416085645
  15   15     27   26   -0.86677050329947303
  15   15     27   27   -1.329791388416526
  15   15     27   28   0.29885565118264196
  15   15     27   29   2.3614569440388284
  15   15     27   30   1.3833904019929248
  15   15     27   31   1.9501176481192575
  15   15     27   32   1.2107438181596324
  15   15     27   33   0.19555500631218584
  15   15     27   34   -4.6322027683727844
  15   15     27   35   -0.63010384236055739
  15   15     28    0   -3.7711667537558398e-05
  15   15     28    1   0.36297011836291987
  15   15     28    2   -0.025510362806737602
  15   15     28    3   -8.8938268281033895e-06
  15   15     28    4   0.2531595569947438
  15   15     28    5   0.49490281404691616
  15   15     28    6   -1.6116217437427802
  15   15     28    7   0.47280902467421343
  15   15     28    8   -1.4335110764769596
  15   15     28    9   0.6015088607699588
  15   15     28   10   -0.27224813004633119
  15   15     28   11   2.0761089128619168
  15   15     28   12   -1.5507703123115677
  15   15     28   13   -0.040816636748893124
  15   15     28   14   -5.7034994852696217
  15   15     28   15   -0.42494791368079049
  15   15     28   16   1.2350376414223976
  15   15     28   17   -1.4262554836009735
  15   15     28   18   1.0733999578173274
  15   15     28   19   -3.0032974222957183
  15   15     28   20   -1.5326081948602701
  15   15     28   21   0.21581811050842789
  15   15     28   22   -1.1584256198158265
  15   15     28   23   0.80557534925357821
  15   15     28   24   1.7323966706974789
  15   15     28   25   0.39147518740285631
  15   15     28   26   0.52514225622817456
  15   15     28   27   0.29885565118264196
  15   15     28   28   -2.4462511883193989
  15   15     28   29   0.14483182823857604
  15   15     28   30   -0.78672525623726641
  15   15     28   31   0.19753830644415457
  15   15     28   32   -0.63424384378845866
  15   15     28   33   0.76436019323940008
  15   15     28   34   0.16335367189465841
  15   15     28   35   -1.3433485843319004
  15   15     29    0   -2.9317359372761171e-05
  15   15     29    1   0.51687698430374451
  15   15     29    2   0.30800291631413712
  15   15     29    3   4.92632264456885e-05
  15   15     29    4   -0.48781149680633884
  15   15     29    5   -0.10683628468134104
  15   15     29    6   -0.0093465895065909018
  15   15     29    7   0.88615626195825736
  15   15     29    8   -0.050408055367188127
  15   15     29    9   -0.81242881507940268
  15   15     29   10   -1.9707231192301287
  15   15     29   11   0.39412302764472584
  15   15     29   12   -0.92790327799562966
  15   15     29   13   -0.012488180456573812
  15   15     29   14   1.8444429894601477
  15   15     29   15   -4.8173054287355894
  15   15     29   16   -0.9913522396103055
  15   15     29   17   -2.0208481811602992
  15   15     29   18   -0.29390051539041706
  15   15     29   19   0.95699100637954571
  15   15     29   20   1.2553232948020896
  15   15     29   21   0.55125110530729859
  15   15     29   22   0.21152268073139324
  15   15     29   23   -0.47342888614639361
  15   15     29   24   0.39154779264219935
  15   15     29   25   1.5490925750819622
  15   15     29   26   -0.52451059399125477
  15   15     29   27   2.3614569440388284
  15   15     29   28   0.14483182823857604
  15   15     29   29   -0.49887602774963907
  15   15     29   30   -0.37058348669868812
  15   15     29   31   -0.33691429667099071
  15   15     29   32   -0.71013082909590919
  15   15     29   33   0.32616671597881297
  15   15     29   34   0.76791542221214948
  15   15     29   35   -0.33895314397286441
  15   15     30    0   8.7730711289110214e-06
  15   15     30    1   0.53857343278090475
  15   15     30    2   0.14233453619962325
  15   15     30    3   -1.5383686442371036e-05
  15   15     30    4   -0.75153491853214993
  15   15     30    5   -0.16136971424775517
  15   15     30    6   -0.10717930577288244
  15   15     30    7   0.21118933687867722
  15   15     30    8   -0.44758801654641334
  15   15     30    9   0.88352238278574602
  15   15     30   10   -0.18436990543826329
  15   15     30   11   -0.84941663928642663
  15   15     30   12   -0.5890643454916632
  15   15     30   13   -0.30257771078539664
  15   15     30   14   -0.60689456903417527
  15   15     30   15   -0.55840543975447976
  15   15     30   16   0.22153846886574799
  15   15     30   17   -2.9490426792469795
  15   15     30   18   0.12751778181821452
  15   15     30   19   -0.91705404229782483
  15   15     30   20   -0.083461101353513728
  15   15     30   21   0.25565526959848334
  15   15     30   22   -0.59149038504007079
  15   15     30   23   0.56349226896177618
  15   15     30   24   0.52237114186720812
  15   15     30   25   -0.54051450293123504
  15   15     30   26   0.41190672799993894
  15   15     30   27   1.3833904019929251
  15   15     30   28   -0.78672525623726641
  15   15     30   29   -0.37058348669868812
  15   15     30   30   -0.84317719701049931
  15   15     30   31   -0.86198438234671537
  15   15     30   32   -2.4307808223315379
  15   15     30   33   0.90104463081438613
  15   15     30   34   0.41247549211687579
  15   15     30   35   -0.3335638529622833
  15   15     31    0   -7.8357902610344941e-05
  15   15     31    1   -0.64371945147198517
  15   15     31    2   -0.43426298700779786
  15   15     31    3   9.1087594611852286e-05
  15   15     31    4   0.65067764366487058
  15   15     31    5   0.99585791119962674
  15   15     31    6   -0.47990203381993085
  15   15     31    7   -0.035658406746218715
  15   15     31    8   -0.6932616605479972
  15   15     31    9   0.39388640435219702
  15   15     31   10   1.0724204366997072
  15   15     31   11   1.6945755914097473
  15   15     31   12   -0.27601867265805985
  15   15     31   13   0.055579141684412539
  15   15     31   14   -0.36385831569509186
  15   15     31   15   -3.1779251246981706
  15   15     31   16   -0.0043353620330310117
  15   15     31   17   -0.56610106888899914
  15   15     31   18   -0.53613624106518587
  15   15     31   19   -0.60898323718612368
  15   15     31   20   0.025845260214074964
  15   15     31   21   0.58499940834823849
  15   15     31   22   0.40973949620859135
  15   15     31   23   0.53949087160083864
  15   15     31   24   0.30640528768608044
  15   15     31   25   2.4199146357616947
  15   15     31   26   1.383047832915121
  15   15     31   27   1.9501176481192566
  15   15     31   28   0.19753830644415457
  15   15     31   29   -0.33691429667099071
  15   15     31   30   -0.86198438234671537
  15   15     31   31   -1.3310327045819117
  15   15     31   32   -4.6619098697915282
  15   15     31   33   -0.63620405589380691
  15   15     31   34   1.1827582796933009
  15   15     31   35   0.21234428164968833
  15   15     32    0   -9.9113223777901111e-06
  15   15     32    1   1.155570543041802
  15   15     32    2   0.74191838800057386
  15   15     32    3   1.732006712974831e-05
  15   15     32    4   -1.102889365788376
  15   15     32    5   -0.71705250462200776
  15   15     32    6   -1.1394247681269569
  15   15     32    7   -0.6756835721726161
  15   15     32    8   0.41119281493244664
  15   15     32    9   0.1922473998353986
  15   15     32   10   -1.0094730519760544
  15   15     32   11   -0.3049608196671158
  15   15     32   12   1.017659018448771
  15   15     32   13   4.0683252177098126
  15   15     32   14   0.94206179718931082
  15   15     32   15   1.4943825459015465
  15   15     32   16   -0.19177046893639302
  15   15     32   17   -1.0792220925603591
  15   15     32   18   -0.44078716000475027
  15   15     32   19   -0.305203889132041
  15   15     32   20   0.086077424965664479
  15   15     32   21   0.8126094282863886
  15   15     32   22   1.3921096091574165
  15   15     32   23   0.52610466760729702
  15   15     32   24   0.16416060038303842
  15   15     32   25   0.76646254631304334
  15   15     32   26   0.42042405604972005
  15   15     32   27   1.2107438181596324
  15   15     32   28   -0.63424384378845866
  15   15     32   29   -0.71013082909590919
  15   15     32   30   -2.4307808223315375
  15   15     32   31   -4.6619098697915282
  15   15     32   32   -1.9043118738663782
  15   15     32   33   0.028234357961187031
  15   15     32   34   1.6589618512270186
  15   15     32   35   -0.099580552835566771
  15   15     33    0   -0.00015333315472413901
  15   15     33    1   -0.66478924597854427
  15   15     33    2   -0.98242526085577175
  15   15     33    3   0.00026173137945707689
  15   15     33    4   0.15942954087399469
  15   15     33    5   0.40916589227520106
  15   15     33    6   -1.3260237248922084
  15   15     33    7   -0.12571339347886359
  15   15     33    8   -3.2713961609703874
  15   15     33    9   -0.029232231252646235
  15   15     33   10   0.43885190756954756
  15   15     33   11   0.20889392989115377
  15   15     33   12   -1.4461273666292001
  15   15     33   13   1.0786275148106061
  15   15     33   14   -0.23784226402841471
  15   15     33   15   -0.70200210926977724
  15   15     33   16   -0.38858424962567595
  15   15     33   17   0.58464508088875189
  15   15     33   18   -0.69946190386061602
  15   15     33   19   0.9976439902463492
  15   15     33   20   0.20798781028405056
  15   15     33   21   -0.56442113383861525
  15   15     33   22   2.2651923049284561
  15   15     33   23   -2.2682724140612063
  15   15     33   24   -1.3560489654004273
  15   15     33   25   -0.33917881199777744
  15   15     33   26   -0.34286954908328071
  15   15     33   27   0.19555500631218584
  15   15     33   28   0.76436019323940008
  15   15     33   29   0.32616671597881297
  15   15     33   30   0.90104463081438602
  15   15     33   31   -0.63620405589380713
  15   15     33   32   0.028234357961187031
  15   15     33   33   -2.1316334894160307
  15   15     33   34   -0.097358370103230965
  15   15     33   35   4.4772849631160643
  15   15     34    0   1.7315580657578954e-05
  15   15     34    1   -1.110897337792349
  15   15     34    2   -0.6963824166833511
  15   15     34    3   -9.4135486289161682e-06
  15   15     34    4   1.1523369681402493
  15   15     34    5   0.75471975524345036
  15   15     34    6   0.18384244479487807
  15   15     34    7   -1.0137240553210292
  15   15     34    8   -0.30253712538198319
  15   15     34    9   -1.1265966813893937
  15   15     34   10   -0.65969117772500629
  15   15     34   11   0.41411165553863327
  15   15     34   12   0.94791225785496824
  15   15     34   13   1.5172414237362912
  15   15     34   14   1.0402899620713071
  15   15     34   15   4.1626283911688926
  15   15     34   16   0.087883447126918701
  15   15     34   17   0.81254748222497164
  15   15     34   18   1.3876323363876424
  15   15     34   19   0.51896448672067885
  15   15     34   20   -0.19381756039432496
  15   15     34   21   -1.0796334959446818
  15   15     34   22   -0.44100923985609508
  15   15     34   23   -0.28709142536759846
  15   15     34   24   -0.63547377138772787
  15   15     34   25   -0.71180997434921001
  15   15     34   26   -2.4384283955951362
  15   15     34   27   -4.6322027683727844
  15   15     34   28   0.16335367189465841
  15   15     34   29   0.76791542221214948
  15   15     34   30   0.41247549211687584
  15   15     34   31   1.1827582796933012
  15   15     34   32   1.6589618512270186
  15   15     34   33   -0.09735837010323091
  15   15     34   34   -1.9114077126731803
  15   15     34   35   0.031771070063945694
  15   15     35    0   0.00026102271508152201
  15   15     35    1   0.15250580374602477
  15   15     35    2   0.4238777571035362
  15   15     35    3   -0.0001591542369034274
  15   15     35    4   -0.67383256872961261
  15   15     35    5   -1.0054277786330621
  15   15     35    6   -0.025072878463365797
  15   15     35    7   0.43918974471939876
  15   15     35    8   0.20676907900373964
  15   15     35    9   -1.3607444165850773
  15   15     35   10   -0.1097541513001692
  15   15     35   11   -3.2995904805735368
  15   15     35   12   -0.23464954761353191
  15   15     35   13   -0.69634321171444424
  15   15     35   14   -1.5503713072209946
  15   15     35   15   1.0972245230527289
  15   15     35   16   0.20304680924700863
  15   15     35   17   -0.56304381768154077
  15   15     35   18   2.2800077893533612
  15   15     35   19   -2.2703600575408367
  15   15     35   20   -0.38290973471655054
  15   15     35   21   0.58379261263449955
  15   15     35   22   -0.69476440344880397
  15   15     35   23   0.98978573855556862
  15   15     35   24   0.74315740474401915
  15   15     35   25   0.32156629889678817
  15   15     35   26   0.90527821424943344
  15   15     35   27   -0.63010384236055739
  15   15     35   28   -1.3433485843319004
  15   15     35   29   -0.33895314397286441
  15   15     35   30   -0.3335638529622833
  15   15     35   31   0.21234428164968833
  15   15     35   32   -0.099580552835566799
  15   15     35   33   4.4772849631160643
  15   15     35   34   0.031771070063945736
  15   15     35   35   -2.1309577594541138
  16   16      0    0   -1.6101362655365257
  16   16      0    1   -2.621390142099667
  16   16      0    2   -2.7638466606519634
  16   16      0    3   -4.5540593611619133
  16   16      0    4   -2.5441415485123189
  16   16      0    5   1.5060592957336163
  16   16      0    6   -0.066715670590398513
  16   16      0    7   -0.84916470635842556
  16   16      0    8   0.66453035676777439
  16   16      0    9   1.8206665372870354
  16   16      0   10   0.72715164824065137
  16   16      0   11   1.7657440359161913
  16   16      0   12   2.506285635395618
  16   16      0   13   1.3833590032898309
  16   16      0   14   -1.0263518068707413
  16   16      0   15   0.13698588260360128
  16   16      0   16   -0.32381249090057529
  16   16      0   17   0.084773427996237868
  16   16      0   18   -0.216960699223509
  16   16      0   19   -0.33972044338774843
  16   16      0   20   0.32078276753668339
  16   16      0   21   0.1317610552101218
  16   16      0   22   -0.53450301142288037
  16   16      1    0   -2.6213901420996675
  16   16      1    1   0.2786732723037858
  16   16      1    2   -3.4193367881824881
  16   16      1    3   -2.1409990289040675
  16   16      1    4   1.3835376160057937
  16   16      1    5   -2.963552424713535
  16   16      1    6   -1.4338154914021928
  16   16      1    7   -1.0622696095699913
  16   16      1    8   -2.3357682820035137
  16   16      1    9   -1.00427194937652
  16   16      1   10   2.0046374964390723
  16   16      1   11   -0.36805117600371678
  16   16      1   12   1.0218374776578085
  16   16      1   13   0.28896001766102125
  16   16      1   14   -1.4050073945950565
  16   16      1   15   -0.37598728015187927
  16   16      1   16   0.33634519487975861
  16   16      1   17   0.53780350327500681
  16   16      1   18   0.11971120471125916
  16   16      1   19   0.48489382829136179
  16   16      1   20   -0.23094648588257424
  16   16      1   21   -0.53185668707407829
  16   16      1   22   0.28824312846757877
  16   16      2    0   -2.7638466606519634
  16   16      2    1   -3.419336788182489
  16   16      2    2   -2.043207292077641
  16   16      2    3   -1.525889867448585
  16   16      2    4   0.0021861728427516698
  16   16      2    5   0.00058980439084469632
  16   16      2    6   0.0020079586774134194
  16   16      2    7   0.0032917206777869391
  16   16      2    8   0.0015154386346918557
  16   16      2    9   -0.0023579934637010897
  16   16      2   10   0.00080424641201013629
  16   16      2   11   0.001750871567605009
  16   16      2   12   0.0041307940702656476
  16   16      2   13   0.0014244512465070218
  16   16      2   14   -0.0020500534497357569
  16   16      2   15   -0.00017244609649112724
  16   16      2   16   0.00019408477030197026
  16   16      2   17   0.00069029509392755936
  16   16      2   18   -4.1142991292042199e-05
  16   16      2   19   5.9245905605136636e-05
  16   16      2   20   0.00012619316773261914
  16   16      2   21   0.00042257632675991207
  16   16      2   22   0.00068143135636542385
  16   16      3    0   -4.5540593611619133
  16   16      3    1   -2.1409990289040675
  16   16      3    2   -1.525889867448585
  16   16      3    3   -2.280295340583617
  16   16      3    4   -0.0084877306055578632
  16   16      3    5   -0.0012469469699253016
  16   16      3    6   -0.0064992761067818343
  16   16      3    7   -0.0056541297989264128
  16   16      3    8   -0.0053899647191337696
  16   16      3    9   0.0092416641461661921
  16   16      3   10   -0.0038632174631234276
  16   16      3   11   -0.008851695758309245
  16   16      3   12   -0.024154455447603834
  16   16      3   13   -0.0084851741619701437
  16   16      3   14   0.0071204555889614234
  16   16      3   15   0.00076516182116064901
  16   16      3   16   -0.0010810544598718788
  16   16      3   17   -0.0036510716472453108
  16   16      3   18   0.00019377347955971714
  16   16      3   19   -0.0010872394631628727
  16   16      3   20   -0.00015818873674787844
  16   16      3   21   -0.0016335792445378381
  16   16      3   22   -0.0028084973221173832
  16   16      4    0   -2.5441415485123189
  16   16      4    1   1.3835376160057939
  16   16      4    2   0.0021861728427516698
  16   16      4    3   -0.0084877306055580852
  16   16      4    4   -0.97584340388686253
  16   16      4    5   -1.2066067130339604
  16   16      4    6   -0.43030637329630761
  16   16      4    7   0.44603559680804544
  16   16      4    8   -2.1874061846974762
  16   16      4    9   -0.091787685391188187
  16   16      4   10   -1.3658590774082884
  16   16      4   11   -2.676624500079603
  16   16      4   12   -5.0478046053262799
  16   16      4   13   -1.3530238088031288
  16   16      4   14   1.1067207761930415
  16   16      4   15   -0.17767267938138429
  16   16      4   16   0.75016334453712208
  16   16      4   17   0.47423005765000226
  16   16      4   18   0.98801640892403197
  16   16      4   19   0.076368208209965469
  16   16      4   20   -0.0035707284204283297
  16   16      4   21   -0.052845611957968164
  16   16      4   22   0.16788537248480109
  16   16      5    0   1.5060592957336163
  16   16      5    1   -2.9635524247135341
  16   16      5    2   0.00058980439084469632
  16   16      5    3   -0.0012469469699253294
  16   16      5    4   -1.2066067130339599
  16   16      5    5   0.58058920386897628
  16   16      5    6   0.15738487860904632
  16   16      5    7   0.52089844576414146
  16   16      5    8   -0.34826731926363025
  16   16      5    9   1.1297542473860853
  16   16      5   10   -2.3840762074116291
  16   16      5   11   -1.3523686333615523
  16   16      5   12   0.53404549651450128
  16   16      5   13   2.1435807307441896
  16   16      5   14   4.0293341048668383
  16   16      5   15   0.78750232135994802
  16   16      5   16   -0.61158312215091126
  16   16      5   17   -0.40048771410321515
  16   16      5   18   -0.16922599672397481
  16   16      5   19   -0.46965913538629805
  16   16      5   20   0.50875055800437718
  16   16      5   21   0.2648961859885684
  16   16      5   22   -0.11961945046411557
  16   16      6    0   -0.066715670590398513
  16   16      6    1   -1.4338154914021932
  16   16      6    2   0.0020079586774134194
  16   16      6    3   -0.0064992761067818898
  16   16      6    4   -0.43030637329630755
  16   16      6    5   0.15738487860904629
  16   16      6    6   -1.4332619156761131
  16   16      6    7   -1.1317933881805973
  16   16      6    8   0.33465597730780755
  16   16      6    9   1.3102903657658425
  16   16      6   10   -4.2227132548102846
  16   16      6   11   1.9973814591830621
  16   16      6   12   -3.1875728082890271
  16   16      6   13   -0.30393115166845724
  16   16      6   14   3.5908081119556408
  16   16      6   15   0.38719831199550464
  16   16      6   16   0.10802746657151654
  16   16      6   17   0.20528219537222914
  16   16      6   18   0.21615203227901761
  16   16      6   19   -0.46992439747235326
  16   16      6   20   0.87499895807906902
  16   16      6   21   -0.4564879226847483
  16   16      6   22   -0.33201787772543245
  16   16      7    0   -0.84916470635842556
  16   16      7    1   -1.0622696095699913
  16   16      7    2   0.0032917206777868281
  16   16      7    3   -0.0056541297989266348
  16   16      7    4   0.44603559680804544
  16   16      7    5   0.52089844576414146
  16   16      7    6   -1.131793388180597
  16   16      7    7   -1.8167134363984512
  16   16      7    8   -0.43020937973469742
  16   16      7    9   0.46239484060382119
  16   16      7   10   -0.096885426274058342
  16   16      7   11   -2.5747493026787378
  16   16      7   12   -4.5603046927839914
  16   16      7   13   -1.8423554630423107
  16   16      7   14   1.7865613198407519
  16   16      7   15   0.32433183769220519
  16   16      7   16   -0.4847117110240417
  16   16      7   17   0.84045934513553378
  16   16      7   18   0.28858615245859387
  16   16      7   19   -0.182746778367713
  16   16      7   20   0.018850995901654097
  16   16      7   21   -0.27208801702463531
  16   16      7   22   -0.23277713275236067
  16   16      8    0   0.66453035676777461
  16   16      8    1   -2.3357682820035128
  16   16      8    2   0.0015154386346920778
  16   16      8    3   -0.0053899647191337696
  16   16      8    4   -2.1874061846974762
  16   16      8    5   -0.34826731926363036
  16   16      8    6   0.33465597730780755
  16   16      8    7   -0.43020937973469747
  16   16      8    8   -0.091060842810862005
  16   16      8    9   -0.028399851925088336
  16   16      8   10   -1.6777897507667288
  16   16      8   11   0.97690573112429069
  16   16      8   12   -1.884639339055088
  16   16      8   13   -3.3166727535210359
  16   16      8   14   5.2649486005000332
  16   16      8   15   1.0813490636949175
  16   16      8   16   -0.10167927446645646
  16   16      8   17   0.24319015117442302
  16   16      8   18   -0.31360511537688612
  16   16      8   19   -0.11165611399299646
  16   16      8   20   0.15608632126682154
  16   16      8   21   0.19485765647263542
  16   16      8   22   0.074226954884906354
  16   16      9    0   1.8206665372870359
  16   16      9    1   -1.00427194937652
  16   16      9    2   -0.0023579934637010897
  16   16      9    3   0.0092416641461661644
  16   16      9    4   -0.091787685391188187
  16   16      9    5   1.1297542473860853
  16   16      9    6   1.3102903657658422
  16   16      9    7   0.46239484060382119
  16   16      9    8   -0.028399851925088336
  16   16      9    9   -0.3274993763433352
  16   16      9   10   -0.1930381182208134
  16   16      9   11   3.7354976678073077
  16   16      9   12   3.7384942284928657
  16   16      9   13   1.7824003494182661
  16   16      9   14   -3.4505848340158702
  16   16      9   15   -0.11322373291545799
  16   16      9   16   -0.82265312454847972
  16   16      9   17   -0.78829182531720798
  16   16      9   18   0.0030041245002896495
  16   16      9   19   -0.14660676796653926
  16   16      9   20   -0.45250213057973698
  16   16      9   21   0.18387479657304678
  16   16      9   22   0.16929873793392861
  16   16     10    0   0.72715164824065137
  16   16     10    1   2.0046374964390723
  16   16     10    2   0.00080424641201013629
  16   16     10    3   -0.0038632174631234276
  16   16     10    4   -1.3658590774082884
  16   16     10    5   -2.3840762074116291
  16   16     10    6   -4.2227132548102846
  16   16     10    7   -0.096885426274058342
  16   16     10    8   -1.6777897507667288
  16   16     10    9   -0.1930381182208134
  16   16     10   10   -0.76946374285384023
  16   16     10   11   -0.75866712543817794
  16   16     10   12   -0.53672574327347433
  16   16     10   13   -0.69644111124030272
  16   16     10   14   0.79903112702443413
  16   16     10   15   -5.0663308032458918
  16   16     10   16   1.3176424570989389
  16   16     10   17   -0.17912971608265166
  16   16     10   18   -0.028174846122424834
  16   16     10   19   0.51664466309949852
  16   16     10   20   0.025678216193179889
  16   16     10   21   -0.89745409247188568
  16   16     10   22   0.13589860008658555
  16   16     11    0   1.7657440359161913
  16   16     11    1   -0.36805117600371678
  16   16     11    2   0.001750871567605009
  16   16     11    3   -0.008851695758309245
  16   16     11    4   -2.676624500079603
  16   16     11    5   -1.3523686333615523
  16   16     11    6   1.9973814591830621
  16   16     11    7   -2.5747493026787378
  16   16     11    8   0.97690573112429069
  16   16     11    9   3.7354976678073077
  16   16     11   10   -0.75866712543817794
  16   16     11   11   -0.054566644516737775
  16   16     11   12   -0.28512749924184289
  16   16     11   13   -0.8528358237772985
  16   16     11   14   0.81056301274266807
  16   16     11   15   0.057521078387479718
  16   16     11   16   -5.6160978257708516
  16   16     11   17   -0.82245452667145469
  16   16     11   18   -0.44292222291154071
  16   16     11   19   0.59489425639250626
  16   16     11   20   1.0720490413768451
  16   16     11   21   0.55603338420195969
  16   16     11   22   -0.72096076527250941
  16   16     12    0   2.506285635395618
  16   16     12    1   1.0218374776578083
  16   16     12    2   0.0041307940702656476
  16   16     12    3   -0.024154455447603834
  16   16     12    4   -5.0478046053262799
  16   16     12    5   0.53404549651450128
  16   16     12    6   -3.1875728082890276
  16   16     12    7   -4.5603046927839932
  16   16     12    8   -1.8846393390550882
  16   16     12    9   3.7384942284928657
  16   16     12   10   -0.53672574327347433
  16   16     12   11   -0.28512749924184289
  16   16     12   12   -1.2221960788768462
  16   16     12   13   -0.94860506691546331
  16   16     12   14   1.4704582449115475
  16   16     12   15   0.39085902608620299
  16   16     12   16   0.054750004671348947
  16   16     12   17   -4.0767459006454922
  16   16     12   18   0.85949026455120725
  16   16     12   19   -1.3699441018358167
  16   16     12   20   -0.097727842566039766
  16   16     12   21   -0.9233363075563078
  16   16     12   22   -1.583611728410272
  16   16     13    0   1.3833590032898309
  16   16     13    1   0.28896001766102125
  16   16     13    2   0.0014244512465070218
  16   16     13    3   -0.0084851741619701437
  16   16     13    4   -1.3530238088031288
  16   16     13    5   2.1435807307441896
  16   16     13    6   -0.30393115166845724
  16   16     13    7   -1.8423554630423107
  16   16     13    8   -3.3166727535210359
  16   16     13    9   1.7824003494182661
  16   16     13   10   -0.69644111124030272
  16   16     13   11   -0.8528358237772985
  16   16     13   12   -0.94860506691546331
  16   16     13   13   -0.18115481616597678
  16   16     13   14   -0.10892454586770106
  16   16     13   15   0.46692131806537157
  16   16     13   16   0.4558722932336014
  16   16     13   17   0.45718760634448657
  16   16     13   18   -4.8089253624751453
  16   16     13   19   -1.0667383828161301
  16   16     13   20   -1.4429986998103952
  16   16     13   21   -0.0576626137313919
  16   16     13   22   -0.15753056498264104
  16   16     14    0   -1.0263518068707411
  16   16     14    1   -1.4050073945950565
  16   16     14    2   -0.0020500534497356459
  16   16     14    3   0.0071204555889615344
  16   16     14    4   1.1067207761930415
  16   16     14    5   4.0293341048668383
  16   16     14    6   3.5908081119556403
  16   16     14    7   1.7865613198407519
  16   16     14    8   5.2649486005000332
  16   16     14    9   -3.4505848340158702
  16   16     14   10   0.79903112702443413
  16   16     14   11   0.81056301274266807
  16   16     14   12   1.4704582449115473
  16   16     14   13   -0.10892454586770106
  16   16     14   14   -0.54754801307701573
  16   16     14   15   -0.81715290660811479
  16   16     14   16   -0.47436479092154527
  16   16     14   17   -0.81288323752746405
  16   16     14   18   0.1267791481608801
  16   16     14   19   -3.3745908874126185
  16   16     14   20   2.7216034817612962
  16   16     14   21   1.0585051258071192
  16   16     14   22   1.1373163797716004
  16   16     15    0   0.13698588260360128
  16   16     15    1   -0.37598728015187927
  16   16     15    2   -0.00017244609649112724
  16   16     15    3   0.00076516182116064901
  16   16     15    4   -0.17767267938138429
  16   16     15    5   0.78750232135994802
  16   16     15    6   0.38719831199550464
  16   16     15    7   0.32433183769220519
  16   16     15    8   1.0813490636949175
  16   16     15    9   -0.11322373291545799
  16   16     15   10   -5.0663308032458918
  16   16     15   11   0.057521078387479718
  16   16     15   12   0.39085902608620299
  16   16     15   13   0.46692131806537157
  16   16     15   14   -0.81715290660811479
  16   16     15   15   -1.0484002871056641
  16   16     15   16   -0.045956834775567147
  16   16     15   17   -0.36149261165383872
  16   16     15   18   -0.5886009350977488
  16   16     15   19   0.39243638168573108
  16   16     15   20   -0.47688146998027625
  16   16     15   21   -0.25367673016746134
  16   16     15   22   -0.1916295185828126
  16   16     16    0   -0.32381249090057529
  16   16     16    1   0.33634519487975861
  16   16     16    2   0.00019408477030197026
  16   16     16    3   -0.0010810544598718788
  16   16     16    4   0.75016334453712208
  16   16     16    5   -0.61158312215091126
  16   16     16    6   0.10802746657151654
  16   16     16    7   -0.4847117110240417
  16   16     16    8   -0.10167927446645646
  16   16     16    9   -0.82265312454847972
  16   16     16   10   1.3176424570989389
  16   16     16   11   -5.6160978257708516
  16   16     16   12   0.054750004671348947
  16   16     16   13   0.4558722932336014
  16   16     16   14   -0.47436479092154527
  16   16     16   15   -0.045956834775567147
  16   16     16   16   -0.22431433527522568
  16   16     16   17   0.16625714335316635
  16   16     16   18   -0.76610980971351927
  16   16     16   19   0.36308552718171178
  16   16     16   20   -0.58645248087419066
  16   16     16   21   -0.090336606260878041
  16   16     16   22   -0.099175661099002763
  16   16     17    0   0.084773427996237868
  16   16     17    1   0.53780350327500681
  16   16     17    2   0.00069029509392755936
  16   16     17    3   -0.0036510716472453386
  16   16     17    4   0.47423005765000231
  16   16     17    5   -0.40048771410321515
  16   16     17    6   0.20528219537222914
  16   16     17    7   0.84045934513553389
  16   16     17    8   0.24319015117442302
  16   16     17    9   -0.78829182531720798
  16   16     17   10   -0.17912971608265166
  16   16     17   11   -0.82245452667145469
  16   16     17   12   -4.0767459006454914
  16   16     17   13   0.45718760634448657
  16   16     17   14   -0.81288323752746405
  16   16     17   15   -0.36149261165383872
  16   16     17   16   0.16625714335316635
  16   16     17   17   -1.0338300713889079
  16   16     17   18   -0.85686406802577408
  16   16     17   19   0.67221988258562748
  16   16     17   20   -1.3957916059760722
  16   16     17   21   -0.47135616314426171
  16   16     17   22   -0.57224919046596445
  16   16     18    0   -0.216960699223509
  16   16     18    1   0.11971120471125916
  16   16     18    2   -4.1142991292042199e-05
  16   16     18    3   0.00019377347955971714
  16   16     18    4   0.98801640892403197
  16   16     18    5   -0.16922599672397481
  16   16     18    6   0.21615203227901761
  16   16     18    7   0.28858615245859387
  16   16     18    8   -0.31360511537688612
  16   16     18    9   0.0030041245002896495
  16   16     18   10   -0.028174846122424834
  16   16     18   11   -0.44292222291154071
  16   16     18   12   0.85949026455120725
  16   16     18   13   -4.8089253624751453
  16   16     18   14   0.1267791481608801
  16   16     18   15   -0.5886009350977488
  16   16     18   16   -0.76610980971351927
  16   16     18   17   -0.85686406802577408
  16   16     18   18   -0.41968303306540666
  16   16     18   19   -0.16998760234554855
  16   16     18   20   0.034445449623113272
  16   16     18   21   -0.044690243611857167
  16   16     18   22   -0.26485527481362031
  16   16     19    0   -0.33972044338774843
  16   16     19    1   0.48489382829136179
  16   16     19    2   5.9245905605122758e-05
  16   16     19    3   -0.0010872394631628172
  16   16     19    4   0.076368208209965469
  16   16     19    5   -0.46965913538629805
  16   16     19    6   -0.46992439747235326
  16   16     19    7   -0.182746778367713
  16   16     19    8   -0.11165611399299649
  16   16     19    9   -0.14660676796653921
  16   16     19   10   0.51664466309949852
  16   16     19   11   0.59489425639250626
  16   16     19   12   -1.3699441018358169
  16   16     19   13   -1.0667383828161301
  16   16     19   14   -3.3745908874126185
  16   16     19   15   0.39243638168573108
  16   16     19   16   0.36308552718171178
  16   16     19   17   0.67221988258562759
  16   16     19   18   -0.16998760234554855
  16   16     19   19   -0.084557525812872278
  16   16     19   20   0.35333007913341796
  16   16     19   21   0.076226787007906124
  16   16     19   22   0.31234873880198599
  16   16     20    0   0.32078276753668339
  16   16     20    1   -0.2309464858825738
  16   16     20    2   0.00012619316773273016
  16   16     20    3   -0.00015818873674783681
  16   16     20    4   -0.0035707284204283297
  16   16     20    5   0.50875055800437718
  16   16     20    6   0.87499895807906913
  16   16     20    7   0.01885099590165407
  16   16     20    8   0.15608632126682154
  16   16     20    9   -0.45250213057973698
  16   16     20   10   0.025678216193179889
  16   16     20   11   1.0720490413768451
  16   16     20   12   -0.097727842566039766
  16   16     20   13   -1.4429986998103952
  16   16     20   14   2.7216034817612962
  16   16     20   15   -0.47688146998027625
  16   16     20   16   -0.58645248087419066
  16   16     20   17   -1.395791605976072
  16   16     20   18   0.034445449623113272
  16   16     20   19   0.35333007913341796
  16   16     20   20   -0.29837409111099977
  16   16     20   21   -0.27847236768722022
  16   16     20   22   -0.39968301159971703
  16   16     21    0   0.1317610552101218
  16   16     21    1   -0.53185668707407829
  16   16     21    2   0.00042257632675980105
  16   16     21    3   -0.0016335792445379492
  16   16     21    4   -0.052845611957968164
  16   16     21    5   0.26489618598856834
  16   16     21    6   -0.4564879226847483
  16   16     21    7   -0.27208801702463531
  16   16     21    8   0.19485765647263542
  16   16     21    9   0.18387479657304678
  16   16     21   10   -0.89745409247188568
  16   16     21   11   0.55603338420195969
  16   16     21   12   -0.9233363075563078
  16   16     21   13   -0.0576626137313919
  16   16     21   14   1.0585051258071192
  16   16     21   15   -0.25367673016746134
  16   16     21   16   -0.090336606260878041
  16   16     21   17   -0.47135616314426171
  16   16     21   18   -0.044690243611857167
  16   16     21   19   0.076226787007906111
  16   16     21   20   -0.27847236768722022
  16   16     21   21   -0.66739100531122386
  16   16     21   22   -0.81563044876772828
  16   16     22    0   -0.53450301142288037
  16   16     22    1   0.28824312846757877
  16   16     22    2   0.00068143135636542385
  16   16     22    3   -0.0028084973221174942
  16   16     22    4   0.16788537248480115
  16   16     22    5   -0.11961945046411557
  16   16     22    6   -0.33201787772543245
  16   16     22    7   -0.23277713275236067
  16   16     22    8   0.074226954884906327
  16   16     22    9   0.16929873793392866
  16   16     22   10   0.13589860008658555
  16   16     22   11   -0.72096076527250941
  16   16     22   12   -1.5836117284102715
  16   16     22   13   -0.15753056498264104
  16   16     22   14   1.1373163797716004
  16   16     22   15   -0.1916295185828126
  16   16     22   16   -0.099175661099002763
  16   16     22   17   -0.57224919046596445
  16   16     22   18   -0.26485527481362031
  16   16     22   19   0.31234873880198599
  16   16     22   20   -0.39968301159971703
  16   16     22   21   -0.8156304487677285
  16   16     22   22   -1.0952036669202754
  17   17      0    0   0.6352645676665748
  17   17      0    1   -0.40675507625759388
  17   17      0    2   -0.93510271419151436
  17   17      0    3   -0.00020472561300124823
  17   17      0    4   2.3079888079029159e-05
  17   17      0    5   -0.00042117922924611801
  17   17      0    6   -0.00023703344768079651
  17   17      0    7   2.5972233314400245e-05
  17   17      0    8   -3.9640317549151775e-05
  17   17      0    9   1.3222878459767715e-05
  17   17      0   10   2.5856083914812427e-05
  17   17      0   11   -8.718678319393908e-05
  17   17      0   12   -4.5463653095817093e-05
  17   17      0   13   2.0453478812663094e-05
  17   17      0   14   -5.5811558423919058e-06
  17   17      0   15   1.0189088771493615e-05
  17   17      0   16   7.8563648568425897e-06
  17   17      0   17   9.8772720335040255e-05
  17   17      1    0   -0.40675507625759377
  17   17      1    1   0.17837421526120956
  17   17      1    2   0.89404053599073041
  17   17      1    3   -0.62806841645583578
  17   17      1    4   -1.8330252899096151
  17   17      1    5   1.3261100270070345
  17   17      1    6   -0.2463810016042132
  17   17      1    7   2.6536326057830046
  17   17      1    8   0.076962783476983682
  17   17      1    9   0.16530296932675836
  17   17      1   10   -0.50084091640024131
  17   17      1   11   0.2676521165328255
  17   17      1   12   0.64042034371547962
  17   17      1   13   0.022571482234001815
  17   17      1   14   -0.22382109230204525
  17   17      1   15   0.038877749572628496
  17   17      1   16   0.035888668318374964
  17   17      1   17   -0.52517435399563617
  17   17      2    0   -0.93510271419151436
  17   17      2    1   0.89404053599073019
  17   17      2    2   -0.61825543513160375
  17   17      2    3   -1.1650386012397707
  17   17      2    4   0.4944510649587554
  17   17      2    5   -1.5678890028387453
  17   17      2    6   -1.6949589869596766
  17   17      2    7   -0.36339762351554711
  17   17      2    8   0.027089098060199691
  17   17      2    9   0.015290417687343212
  17   17      2   10   -0.2989333970848404
  17   17      2   11   0.022162002588306834
  17   17      2   12   0.4913488651493223
  17   17      2   13   0.21517353213424756
  17   17      2   14   0.0026300346113454862
  17   17      2   15   0.57039206067384673
  17   17      2   16   0.046648034370853214
  17   17      2   17   -0.58780555523340117
  17   17      3    0   -0.00020472561300124823
  17   17      3    1   -0.62806841645583567
  17   17      3    2   -1.1650386012397707
  17   17      3    3   0.33199613727026439
  17   17      3    4   1.7655443006509655
  17   17      3    5   1.8543079203732553
  17   17      3    6   -0.24196036084287398
  17   17      3    7   0.29634813283866457
  17   17      3    8   -5.6612860529737654
  17   17      3    9   1.0086913754021567
  17   17      3   10   -0.45967155449823943
  17   17      3   11   -0.10979817462860869
  17   17      3   12   -0.99908941385650019
  17   17      3   13   -0.85424662124243578
  17   17      3   14   0.76335507558887949
  17   17      3   15   -0.09052295682092551
  17   17      3   16   -0.93881477405251834
  17   17      3   17   -1.3564821315362088
  17   17      4    0   2.3079888079029159e-05
  17   17      4    1   -1.8330252899096151
  17   17      4    2   0.49445106495875552
  17   17      4    3   1.7655443006509655
  17   17      4    4   -0.95678513875283466
  17   17      4    5   -0.68257060694385452
  17   17      4    6   -2.1935072414201393
  17   17      4    7   -1.7941065921803632
  17   17      4    8   -0.3722819915887044
  17   17      4    9   -4.885691240684034
  17   17      4   10   -0.73841876341540047
  17   17      4   11   -1.1567688374508305
  17   17      4   12   0.21571931433084948
  17   17      4   13   -1.0723147259665249
  17   17      4   14   0.012079269960364663
  17   17      4   15   0.97878809476645601
  17   17      4   16   -1.6696109287876804
  17   17      4   17   0.30489975953123033
  17   17      5    0   -0.00042117922924611801
  17   17      5    1   1.3261100270070345
  17   17      5    2   -1.5678890028387453
  17   17      5    3   1.8543079203732549
  17   17      5    4   -0.68257060694385452
  17   17      5    5   1.3438390739696489
  17   17      5    6   1.3376870675631241
  17   17      5    7   -0.86714869258719562
  17   17      5    8   -0.12653662071867106
  17   17      5    9   -0.05155707154672718
  17   17      5   10   -3.6982689759751515
  17   17      5   11   4.1391063222446407
  17   17      5   12   0.66056951775764361
  17   17      5   13   0.36296121948476251
  17   17      5   14   -1.2718227088051994
  17   17      5   15   0.97661711012493302
  17   17      5   16   0.12012287380430177
  17   17      5   17   -3.05531729784393
  17   17      6    0   -0.00023703344768079651
  17   17      6    1   -0.2463810016042132
  17   17      6    2   -1.6949589869596766
  17   17      6    3   -0.24196036084287398
  17   17      6    4   -2.1935072414201393
  17   17      6    5   1.3376870675631238
  17   17      6    6   -0.42075898287909019
  17   17      6    7   0.85632846538858509
  17   17      6    8   0.24551251987861764
  17   17      6    9   0.22387705987494846
  17   17      6   10   0.51042083915978109
  17   17      6   11   -0.46421552297302016
  17   17      6   12   -7.2545911340317781
  17   17      6   13   0.89919099930168789
  17   17      6   14   -1.1751640799801057
  17   17      6   15   -0.63968619105641444
  17   17      6   16   2.0248325641802949
  17   17      6   17   -1.7520014217655948
  17   17      7    0   2.5972233314372489e-05
  17   17      7    1   2.6536326057830051
  17   17      7    2   -0.36339762351554705
  17   17      7    3   0.29634813283866468
  17   17      7    4   -1.7941065921803627
  17   17      7    5   -0.86714869258719562
  17   17      7    6   0.85632846538858509
  17   17      7    7   3.8382449714013771
  17   17      7    8   -0.19217818319160501
  17   17      7    9   0.076649888755837892
  17   17      7   10   0.27961454477877978
  17   17      7   11   0.0092383901352958396
  17   17      7   12   -0.48094124274657357
  17   17      7   13   -4.8306251232105426
  17   17      7   14   -0.81485286061522655
  17   17      7   15   -3.0285694911680592
  17   17      7   16   5.7207203340312951
  17   17      7   17   0.3950341494210739
  17   17      8    0   -3.9640317549151775e-05
  17   17      8    1   0.076962783476983682
  17   17      8    2   0.027089098060199691
  17   17      8    3   -5.6612860529737654
  17   17      8    4   -0.3722819915887044
  17   17      8    5   -0.12653662071867106
  17   17      8    6   0.24551251987861764
  17   17      8    7   -0.19217818319160501
  17   17      8    8   -0.33958258591040164
  17   17      8    9   1.210227710245626
  17   17      8   10   2.7481312836636058
  17   17      8   11   0.076112968121086963
  17   17      8   12   -0.30500344690930664
  17   17      8   13   0.27560951217904461
  17   17      8   14   0.14595576720737685
  17   17      8   15   0.019971169128774995
  17   17      8   16   -0.10972398807582934
  17   17      8   17   -0.18591104587767504
  17   17      9    0   1.3222878459767715e-05
  17   17      9    1   0.16530296932675836
  17   17      9    2   0.015290417687343212
  17   17      9    3   1.0086913754021567
  17   17      9    4   -4.885691240684034
  17   17      9    5   -0.05155707154672718
  17   17      9    6   0.22387705987494846
  17   17      9    7   0.076649888755837892
  17   17      9    8   1.210227710245626
  17   17      9    9   -0.70651235906017307
  17   17      9   10   -0.50589805213974059
  17   17      9   11   -0.17881865017392395
  17   17      9   12   -1.2409197333672819
  17   17      9   13   -1.4666533742161154
  17   17      9   14   -2.6549300857929512
  17   17      9   15   0.032326659123121285
  17   17      9   16   -0.2831799316412314
  17   17      9   17   0.026716167022427698
  17   17     10    0   2.5856083914756916e-05
  17   17     10    1   -0.50084091640024131
  17   17     10    2   -0.2989333970848404
  17   17     10    3   -0.45967155449823932
  17   17     10    4   -0.73841876341540047
  17   17     10    5   -3.6982689759751515
  17   17     10    6   0.51042083915978109
  17   17     10    7   0.27961454477877978
  17   17     10    8   2.7481312836636058
  17   17     10    9   -0.50589805213974059
  17   17     10   10   -0.14553938064219757
  17   17     10   11   0.071013344731088779
  17   17     10   12   -0.11066427471102516
  17   17     10   13   -0.090749078495066554
  17   17     10   14   -0.46251822955606403
  17   17     10   15   -0.12859530939029498
  17   17     10   16   0.95428425418985463
  17   17     10   17   1.5567986421830315
  17   17     11    0   -8.7186783193828057e-05
  17   17     11    1   0.26765211653282556
  17   17     11    2   0.022162002588307056
  17   17     11    3   -0.10979817462860864
  17   17     11    4   -1.1567688374508305
  17   17     11    5   4.1391063222446407
  17   17     11    6   -0.46421552297302016
  17   17     11    7   0.0092383901352958119
  17   17     11    8   0.076112968121086963
  17   17     11    9   -0.17881865017392395
  17   17     11   10   0.071013344731088779
  17   17     11   11   -0.61079890177356366
  17   17     11   12   -2.1706842922478837
  17   17     11   13   0.50313456293523084
  17   17     11   14   -0.34008194475490539
  17   17     11   15   -0.058893263717841975
  17   17     11   16   0.18408345922174416
  17   17     11   17   -1.2557774496279062
  17   17     12    0   -4.5463653095817093e-05
  17   17     12    1   0.64042034371547962
  17   17     12    2   0.4913488651493223
  17   17     12    3   -0.99908941385650019
  17   17     12    4   0.21571931433084948
  17   17     12    5   0.66056951775764361
  17   17     12    6   -7.2545911340317781
  17   17     12    7   -0.48094124274657357
  17   17     12    8   -0.30500344690930664
  17   17     12    9   -1.2409197333672819
  17   17     12   10   -0.11066427471102516
  17   17     12   11   -2.1706842922478837
  17   17     12   12   -0.74571427032613846
  17   17     12   13   0.54698442618724763
  17   17     12   14   -0.2651701373315356
  17   17     12   15   0.51336151801036167
  17   17     12   16   -0.49196448959614125
  17   17     12   17   -0.59542174471076714
  17   17     13    0   2.0453478812663094e-05
  17   17     13    1   0.022571482234001815
  17   17     13    2   0.21517353213424756
  17   17     13    3   -0.85424662124243578
  17   17     13    4   -1.0723147259665249
  17   17     13    5   0.36296121948476251
  17   17     13    6   0.89919099930168789
  17   17     13    7   -4.8306251232105426
  17   17     13    8   0.27560951217904461
  17   17     13    9   -1.4666533742161154
  17   17     13   10   -0.090749078495066554
  17   17     13   11   0.50313456293523084
  17   17     13   12   0.54698442618724763
  17   17     13   13   1.040488181416295
  17   17     13   14   -0.91545871516767241
  17   17     13   15   2.0234505954307198
  17   17     13   16   0.060725407155430275
  17   17     13   17   -0.011660593485358839
  17   17     14    0   -5.5811558424474169e-06
  17   17     14    1   -0.22382109230204525
  17   17     14    2   0.0026300346113454862
  17   17     14    3   0.76335507558887938
  17   17     14    4   0.012079269960364635
  17   17     14    5   -1.2718227088051994
  17   17     14    6   -1.175164079980106
  17   17     14    7   -0.81485286061522666
  17   17     14    8   0.14595576720737685
  17   17     14    9   -2.6549300857929512
  17   17     14   10   -0.46251822955606414
  17   17     14   11   -0.34008194475490539
  17   17     14   12   -0.2651701373315356
  17   17     14   13   -0.91545871516767241
  17   17     14   14   -0.45361901345033412
  17   17     14   15   0.49673401898078023
  17   17     14   16   -2.0324447610037888
  17   17     14   17   0.54679501161742894
  17   17     15    0   1.0189088771438104e-05
  17   17     15    1   0.038877749572628496
  17   17     15    2   0.57039206067384673
  17   17     15    3   -0.09052295682092551
  17   17     15    4   0.97878809476645601
  17   17     15    5   0.97661711012493302
  17   17     15    6   -0.63968619105641422
  17   17     15    7   -3.0285694911680587
  17   17     15    8   0.019971169128774995
  17   17     15    9   0.032326659123121285
  17   17     15   10   -0.12859530939029498
  17   17     15   11   -0.058893263717841919
  17   17     15   12   0.51336151801036167
  17   17     15   13   2.0234505954307198
  17   17     15   14   0.49673401898078035
  17   17     15   15   0.56493433776314961
  17   17     15   16   -3.4165171116865531
  17   17     15   17   -0.43308736664856473
  17   17     16    0   7.8563648568425897e-06
  17   17     16    1   0.035888668318374957
  17   17     16    2   0.046648034370853228
  17   17     16    3   -0.93881477405251834
  17   17     16    4   -1.6696109287876801
  17   17     16    5   0.12012287380430177
  17   17     16    6   2.0248325641802949
  17   17     16    7   5.7207203340312951
  17   17     16    8   -0.10972398807582934
  17   17     16    9   -0.2831799316412314
  17   17     16   10   0.95428425418985463
  17   17     16   11   0.18408345922174416
  17   17     16   12   -0.49196448959614125
  17   17     16   13   0.060725407155430275
  17   17     16   14   -2.0324447610037888
  17   17     16   15   -3.4165171116865531
  17   17     16   16   -0.26938344195934116
  17   17     16   17   -0.066348457029251948
  17   17     17    0   9.8772720334984744e-05
  17   17     17    1   -0.52517435399563595
  17   17     17    2   -0.58780555523340117
  17   17     17    3   -1.3564821315362083
  17   17     17    4   0.30489975953123033
  17   17     17    5   -3.05531729784393
  17   17     17    6   -1.7520014217655948
  17   17     17    7   0.39503414942107395
  17   17     17    8   -0.18591104587767504
  17   17     17    9   0.026716167022427698
  17   17     17   10   1.5567986421830315
  17   17     17   11   -1.2557774496279062
  17   17     17   12   -0.59542174471076714
  17   17     17   13   -0.011660593485358839
  17   17     17   14   0.54679501161742894
  17   17     17   15   -0.43308736664856462
  17   17     17   16   -0.066348457029251962
  17   17     17   17   2.3256101634942663
  18   18      0    0   -0.73265331872080053
  18   18      0    1   -1.5778890184887755
  18   18      0    2   0.51937164346805798
  18   18      0    3   -1.0458317495832465
  18   18      0    4   -1.9040642785889155
  18   18      0    5   -0.11850736793347746
  18   18      0    6   0.16099306620817141
  18   18      0    7   0.27976034531656874
  18   18      0    8   -0.10576702443967446
  18   18      0    9   -0.24140326334122025
  18   18      0   10   0.1186136101872844
  18   18      0   11   -0.12323227298214692
  18   18      0   12   0.24725795687262211
  18   18      1    0   -1.5778890184887759
  18   18      1    1   -0.60741903770098338
  18   18      1    2   0.10494677720094456
  18   18      1    3   -0.28735739368845248
  18   18      1    4   -0.48650147677876299
  18   18      1    5   0.30978087943105853
  18   18      1    6   1.9090822973165951
  18   18      1    7   2.7419774641426731
  18   18      1    8   -0.070864472680161356
  18   18      1    9   0.14017390814159891
  18   18      1   10   -0.10643929153384346
  18   18      1   11   -0.10666873133079244
  18   18      1   12   0.017751725357088233
  18   18      2    0   0.51937164346805798
  18   18      2    1   0.10494677720094456
  18   18      2    2   -0.26913319566027688
  18   18      2    3   0.53025492672342633
  18   18      2    4   -0.19751598418799818
  18   18      2    5   -0.28111160742493763
  18   18      2    6   -4.1517925089439318
  18   18      2    7   -0.41017439032369535
  18   18      2    8   0.41292788730995617
  18   18      2    9   -0.0068336183633946005
  18   18      2   10   0.23161863151679071
  18   18      2   11   0.10342743933714418
  18   18      2   12   0.08360316138602035
  18   18      3    0   -1.0458317495832465
  18   18      3    1   -0.28735739368845248
  18   18      3    2   0.53025492672342633
  18   18      3    3   0.32030079725429511
  18   18      3    4   -0.80468951165769975
  18   18      3    5   -0.73040287225642819
  18   18      3    6   0.062366995181986247
  18   18      3    7   -1.7355153763987687
  18   18      3    8   0.25421395506969063
  18   18      3    9   -0.016528802863951846
  18   18      3   10   -0.091082171242777954
  18   18      3   11   0.33967710992545774
  18   18      3   12   0.32549946885730624
  18   18      4    0   -1.9040642785889159
  18   18      4    1   -0.48650147677876299
  18   18      4    2   -0.19751598418799818
  18   18      4    3   -0.80468951165769975
  18   18      4    4   -0.3696921677454289
  18   18      4    5   0.82181764024316917
  18   18      4    6   -3.0022574082914444
  18   18      4    7   3.5833733950382438
  18   18      4    8   0.25438665033279972
  18   18      4    9   0.34379318405342163
  18   18      4   10   -0.3101987653419111
  18   18      4   11   0.13162474770943799
  18   18      4   12   -0.31187801481864452
  18   18      5    0   -0.11850736793347744
  18   18      5    1   0.30978087943105853
  18   18      5    2   -0.28111160742493763
  18   18      5    3   -0.73040287225642819
  18   18      5    4   0.82181764024316917
  18   18      5    5   0.21412865796199926
  18   18      5    6   -0.95293138647409559
  18   18      5    7   -1.2677887052132828
  18   18      5    8   -0.12156842806170487
  18   18      5    9   0.33212097719343209
  18   18      5   10   -0.13362434745900809
  18   18      5   11   -0.017245527329033197
  18   18      5   12   -0.2135776440421224
  18   18      6    0   0.16099306620817141
  18   18      6    1   1.9090822973165951
  18   18      6    2   -4.1517925089439318
  18   18      6    3   0.062366995181986247
  18   18      6    4   -3.0022574082914444
  18   18      6    5   -0.95293138647409559
  18   18      6    6   -0.18701310855756575
  18   18      6    7   -0.077291540901943998
  18   18      6    8   -4.4033782878721501
  18   18      6    9   -0.75553493330542998
  18   18      6   10   -1.3616181328638088
  18   18      6   11   -1.5247167752210871
  18   18      6   12   0.48359945511236885
  18   18      7    0   0.27976034531656874
  18   18      7    1   2.7419774641426726
  18   18      7    2   -0.41017439032369535
  18   18      7    3   -1.7355153763987687
  18   18      7    4   3.5833733950382438
  18   18      7    5   -1.2677887052132824
  18   18      7    6   -0.077291540901943998
  18   18      7    7   0.23618224700064622
  18   18      7    8   0.080985760000331072
  18   18      7    9   -3.1809743539635735
  18   18      7   10   3.4619704832191407
  18   18      7   11   -0.80871013608014164
  18   18      7   12   0.56998124340107348
  18   18      8    0   -0.10576702443967446
  18   18      8    1   -0.070864472680161356
  18   18      8    2   0.41292788730995617
  18   18      8    3   0.25421395506969063
  18   18      8    4   0.25438665033279972
  18   18      8    5   -0.12156842806170487
  18   18      8    6   -4.4033782878721501
  18   18      8    7   0.080985760000331072
  18   18      8    8   -0.083360605310758812
  18   18      8    9   -0.20545827560291396
  18   18      8   10   0.022977768152262146
  18   18      8   11   -0.24009008542492039
  18   18      8   12   0.060938216330521711
  18   18      9    0   -0.24140326334122014
  18   18      9    1   0.14017390814159891
  18   18      9    2   -0.006833618363394604
  18   18      9    3   -0.016528802863951846
  18   18      9    4   0.34379318405342157
  18   18      9    5   0.3321209771934322
  18   18      9    6   -0.75553493330542998
  18   18      9    7   -3.1809743539635735
  18   18      9    8   -0.20545827560291396
  18   18      9    9   -0.073202245847041159
  18   18      9   10   0.011325501438824577
  18   18      9   11   0.013286454626626717
  18   18      9   12   -0.027511317977255458
  18   18     10    0   0.11861361018728418
  18   18     10    1   -0.10643929153384352
  18   18     10    2   0.23161863151679071
  18   18     10    3   -0.091082171242777954
  18   18     10    4   -0.3101987653419111
  18   18     10    5   -0.13362434745900809
  18   18     10    6   -1.3616181328638088
  18   18     10    7   3.4619704832191407
  18   18     10    8   0.022977768152262146
  18   18     10    9   0.01132550143882455
  18   18     10   10   0.017262846737592846
  18   18     10   11   0.046617741989224387
  18   18     10   12   -0.16068321448432915
  18   18     11    0   -0.12323227298214692
  18   18     11    1   -0.10666873133079244
  18   18     11    2   0.10342743933714418
  18   18     11    3   0.33967710992545774
  18   18     11    4   0.13162474770943799
  18   18     11    5   -0.017245527329033193
  18   18     11    6   -1.5247167752210871
  18   18     11    7   -0.80871013608014153
  18   18     11    8   -0.24009008542492039
  18   18     11    9   0.013286454626626717
  18   18     11   10   0.046617741989224373
  18   18     11   11   -0.048087111587467785
  18   18     11   12   0.029295315063196006
  18   18     12    0   0.24725795687262211
  18   18     12    1   0.017751725357088233
  18   18     12    2   0.083603161386020378
  18   18     12    3   0.32549946885730624
  18   18     12    4   -0.31187801481864463
  18   18     12    5   -0.2135776440421224
  18   18     12    6   0.48359945511236885
  18   18     12    7   0.56998124340107337
  18   18     12    8   0.060938216330521711
  18   18     12    9   -0.02751131797725543
  18   18     12   10   -0.16068321448432915
  18   18     12   11   0.029295315063196006
  18   18     12   12   0.066919210728167366
  19   19      0    0   -0.29059094499780069
  19   19      0    1   -1.4935105015278589
  19   19      0    2   -1.8359315268625065
  19   19      0    3   -1.669657892665297
  19   19      0    4   4.404901321548504
  19   19      0    5   -0.067616236766894197
  19   19      0    6   0.72102223689182865
  19   19      0    7   0.045658078290935683
  19   19      0    8   -0.66681631757791093
  19   19      0    9   -0.63021947225511188
  19   19      0   10   0.62116392943141996
  19   19      0   11   0.35788442837793749
  19   19      0   12   0.38448113682430479
  19   19      0   13   0.20184333604192345
  19   19      1    0   -1.4935105015278589
  19   19      1    1   0.46899258588154785
  19   19      1    2   -2.5707362869961203
  19   19      1    3   -3.1898446458411147
  19   19      1    4   0.018498629610134928
  19   19      1    5   1.1045068973263956
  19   19      1    6   -0.31562557342380848
  19   19      1    7   -0.5498691006624139
  19   19      1    8   -0.051683192497003295
  19   19      1    9   0.22258494534501513
  19   19      1   10   0.0025401004184572502
  19   19      1   11   -0.21241191865585848
  19   19      1   12   0.079619049313138582
  19   19      1   13   0.3804079176592825
  19   19      2    0   -1.8359315268625065
  19   19      2    1   -2.5707362869961199
  19   19      2    2   -3.2673448112982713
  19   19      2    3   -4.0622703355988214
  19   19      2    4   1.6242017607291863
  19   19      2    5   -4.3918774999923098
  19   19      2    6   2.1908977035312098
  19   19      2    7   -1.6761119196520766
  19   19      2    8   0.33810213252590104
  19   19      2    9   -2.1780586961420267
  19   19      2   10   0.49292343387475557
  19   19      2   11   1.4979220216733296
  19   19      2   12   -1.82758114965152
  19   19      2   13   -0.43097383616294432
  19   19      3    0   -1.6696578926652967
  19   19      3    1   -3.1898446458411138
  19   19      3    2   -4.0622703355988214
  19   19      3    3   -0.37930824663080975
  19   19      3    4   5.9603897124343863
  19   19      3    5   1.4513079029344216
  19   19      3    6   -3.5015482671657976
  19   19      3    7   -1.2444595221902366
  19   19      3    8   -3.3570391233736756
  19   19      3    9   -0.33530043034700885
  19   19      3   10   -1.2683655697586151
  19   19      3   11   -0.85060403340888879
  19   19      3   12   0.73749077962685072
  19   19      3   13   -3.6160095424936736
  19   19      4    0   4.4049013215485049
  19   19      4    1   0.018498629610134914
  19   19      4    2   1.6242017607291863
  19   19      4    3   5.9603897124343863
  19   19      4    4   -1.6417866241733436
  19   19      4    5   -0.55105914789976052
  19   19      4    6   -0.68855919345491368
  19   19      4    7   -0.0012447884780712028
  19   19      4    8   0.30263642989134709
  19   19      4    9   -4.3890820421433157
  19   19      4   10   0.60320827702595092
  19   19      4   11   -2.6749581157240279
  19   19      4   12   5.8210693185013191
  19   19      4   13   -1.7990477043772672
  19   19      5    0   -0.067616236766894197
  19   19      5    1   1.1045068973263956
  19   19      5    2   -4.3918774999923098
  19   19      5    3   1.4513079029344216
  19   19      5    4   -0.55105914789976052
  19   19      5    5   -2.2613337483449447
  19   19      5    6   -2.1172877720541718
  19   19      5    7   -2.6335026520093652
  19   19      5    8   -0.66001031279018141
  19   19      5    9   0.27257475167784045
  19   19      5   10   -0.986115176558231
  19   19      5   11   0.17854667523902809
  19   19      5   12   -0.4466446413902283
  19   19      5   13   -1.167789637267979
  19   19      6    0   0.72102223689182865
  19   19      6    1   -0.31562557342380848
  19   19      6    2   2.1908977035312098
  19   19      6    3   -3.5015482671657976
  19   19      6    4   -0.68855919345491368
  19   19      6    5   -2.1172877720541718
  19   19      6    6   0.47892351881716783
  19   19      6    7   0.48197365283111004
  19   19      6    8   0.33719814788413038
  19   19      6    9   2.4505877075258429
  19   19      6   10   0.51093536876859091
  19   19      6   11   2.5654769976433558
  19   19      6   12   -0.43461176357855946
  19   19      6   13   -0.48453222963975057
  19   19      7    0   0.045658078290935628
  19   19      7    1   -0.5498691006624139
  19   19      7    2   -1.6761119196520766
  19   19      7    3   -1.2444595221902366
  19   19      7    4   -0.0012447884780711889
  19   19      7    5   -2.6335026520093652
  19   19      7    6   0.48197365283111004
  19   19      7    7   -1.0501185833875513
  19   19      7    8   -0.62727809472346885
  19   19      7    9   -0.72285503629046322
  19   19      7   10   -0.41984168350118117
  19   19      7   11   1.5808747736836029
  19   19      7   12   -2.3544320793651101
  19   19      7   13   -1.7941706227656855
  19   19      8    0   -0.66681631757791093
  19   19      8    1   -0.051683192497003268
  19   19      8    2   0.33810213252590104
  19   19      8    3   -3.3570391233736756
  19   19      8    4   0.30263642989134709
  19   19      8    5   -0.66001031279018141
  19   19      8    6   0.33719814788413038
  19   19      8    7   -0.62727809472346885
  19   19      8    8   -0.5230507402800938
  19   19      8    9   1.5748855314680388
  19   19      8   10   -1.0910144842862695
  19   19      8   11   2.2708123574512427
  19   19      8   12   -3.9854641584854682
  19   19      8   13   -0.0010154703833049029
  19   19      9    0   -0.63021947225511188
  19   19      9    1   0.22258494534501513
  19   19      9    2   -2.1780586961420267
  19   19      9    3   -0.33530043034700885
  19   19      9    4   -4.3890820421433157
  19   19      9    5   0.27257475167784045
  19   19      9    6   2.4505877075258429
  19   19      9    7   -0.72285503629046322
  19   19      9    8   1.5748855314680388
  19   19      9    9   -0.25448882940946244
  19   19      9   10   0.8352326683355269
  19   19      9   11   -0.71355920033280096
  19   19      9   12   0.43929333330796477
  19   19      9   13   0.38994957053461077
  19   19     10    0   0.62116392943141996
  19   19     10    1   0.0025401004184572502
  19   19     10    2   0.49292343387475557
  19   19     10    3   -1.2683655697586151
  19   19     10    4   0.60320827702595092
  19   19     10    5   -0.986115176558231
  19   19     10    6   0.51093536876859091
  19   19     10    7   -0.41984168350118117
  19   19     10    8   -1.0910144842862695
  19   19     10    9   0.8352326683355269
  19   19     10   10   -2.959805798092519
  19   19     10   11   0.74226592057636576
  19   19     10   12   -1.1106495009017745
  19   19     10   13   0.12371303791117531
  19   19     11    0   0.3578844283779376
  19   19     11    1   -0.21241191865585837
  19   19     11    2   1.4979220216733293
  19   19     11    3   -0.85060403340888879
  19   19     11    4   -2.6749581157240283
  19   19     11    5   0.17854667523902809
  19   19     11    6   2.5654769976433558
  19   19     11    7   1.5808747736836024
  19   19     11    8   2.2708123574512431
  19   19     11    9   -0.71355920033280096
  19   19     11   10   0.74226592057636576
  19   19     11   11   -0.0096056687100308132
  19   19     11   12   0.93901237466016962
  19   19     11   13   4.4420183868048531
  19   19     12    0   0.38448113682430485
  19   19     12    1   0.079619049313138499
  19   19     12    2   -1.82758114965152
  19   19     12    3   0.73749077962685072
  19   19     12    4   5.8210693185013191
  19   19     12    5   -0.4466446413902283
  19   19     12    6   -0.43461176357855946
  19   19     12    7   -2.3544320793651101
  19   19     12    8   -3.9854641584854682
  19   19     12    9   0.43929333330796477
  19   19     12   10   -1.1106495009017745
  19   19     12   11   0.9390123746601694
  19   19     12   12   -0.6966083537541905
  19   19     12   13   -1.2398430770065625
  19   19     13    0   0.2018433360419235
  19   19     13    1   0.38040791765928245
  19   19     13    2   -0.43097383616294432
  19   19     13    3   -3.6160095424936736
  19   19     13    4   -1.799047704377267
  19   19     13    5   -1.167789637267979
  19   19     13    6   -0.48453222963975057
  19   19     13    7   -1.7941706227656853
  19   19     13    8   -0.0010154703833049029
  19   19     13    9   0.38994957053461077
  19   19     13   10   0.12371303791117531
  19   19     13   11   4.4420183868048522
  19   19     13   12   -1.2398430770065623
  19   19     13   13   -0.25157496828665765
  20   20      0    0   -3.0141393807440635
  20   20      0    1   1.8153409627703803
  20   20      0    2   -6.1355858996812032
  20   20      0    3   -1.3611952496815811
  20   20      0    4   0.76349589923057237
  20   20      0    5   -1.3056947292303667
  20   20      0    6   -0.16825325767936783
  20   20      0    7   -0.26908991107988911
  20   20      0    8   0.3478088745113902
  20   20      0    9   -0.94894284323423239
  20   20      0   10   0.43767759919777616
  20   20      0   11   -0.87992628501635128
  20   20      0   12   -0.52974722123588602
  20   20      0   13   1.7187523179075477
  20   20      0   14   -0.90152028827433139
  20   20      0   15   2.0455587067497127
  20   20      0   16   1.0521018451697615
  20   20      0   17   -1.7344518576931955
  20   20      0   18   0.56781666806378217
  20   20      0   19   -0.021477244239322155
  20   20      0   20   0.087041545271567738
  20   20      0   21   -0.14486537762023641
  20   20      0   22   -0.13636126348019648
  20   20      0   23   -0.18914631440694368
  20   20      0   24   -0.11549623507385
  20   20      0   25   0.305994261714291
  20   20      0   26   -0.43809117776576018
  20   20      0   27   -0.45346162789490185
  20   20      0   28   0.030761563188875227
  20   20      0   29   0.32719827585256961
  20   20      0   30   0.19390653492188675
  20   20      0   31   -0.36242721746622836
  20   20      1    0   1.81534096277038
  20   20      1    1   -3.0111533333967277
  20   20      1    2   6.1155635026093691
  20   20      1    3   -0.17123583002715523
  20   20      1    4   -0.26640330914725813
  20   20      1    5   0.3190384036548396
  20   20      1    6   -1.3728393950334574
  20   20      1    7   0.76566747401193558
  20   20      1    8   -1.3556445793987568
  20   20      1    9   -0.8781717835080517
  20   20      1   10   -0.52994435132118056
  20   20      1   11   -0.95273349407983554
  20   20      1   12   0.43919063993144253
  20   20      1   13   -1.711212970530906
  20   20      1   14   1.0513158630670441
  20   20      1   15   -1.7201778098389653
  20   20      1   16   -0.89606499934993955
  20   20      1   17   2.0425805810277127
  20   20      1   18   -0.57056594358263424
  20   20      1   19   0.020001028363930147
  20   20      1   20   -0.1872511772398934
  20   20      1   21   -0.11739293052797364
  20   20      1   22   0.31070020064905324
  20   20      1   23   0.085716219282768707
  20   20      1   24   -0.13970896473225328
  20   20      1   25   -0.156946620101512
  20   20      1   26   0.43755159723229603
  20   20      1   27   0.32129802659908513
  20   20      1   28   0.19676328831128775
  20   20      1   29   -0.45620829274962477
  20   20      1   30   0.041636978630734803
  20   20      1   31   0.35836899189621946
  20   20      2    0   -6.1355858996812049
  20   20      2    1   6.1155635026093682
  20   20      2    2   -6.513081203953103
  20   20      2    3   -0.00027434790794203431
  20   20      2    4   9.8927216810934084e-05
  20   20      2    5   -0.00045419530162949402
  20   20      2    6   0.00027304438333033439
  20   20      2    7   -9.762682230748395e-05
  20   20      2    8   0.00045183386233947837
  20   20      2    9   -0.00040454883352367496
  20   20      2   10   2.2650163766325674e-05
  20   20      2   11   0.00040975340870449549
  20   20      2   12   -2.6656979468617625e-05
  20   20      2   13   -0.0005919248047242695
  20   20      2   14   0.00036314471780687268
  20   20      2   15   -0.0010232863287648851
  20   20      2   16   -0.00035775509160252398
  20   20      2   17   0.0010270118021365609
  20   20      2   18   5.2651276695372141e-05
  20   20      2   19   1.3121680619663534e-05
  20   20      2   20   -6.9990223916923305e-05
  20   20      2   21   -1.4325721430527174e-05
  20   20      2   22   -5.4248832018648341e-05
  20   20      2   23   7.0573792465679615e-05
  20   20      2   24   1.7936089005298986e-05
  20   20      2   25   4.8111681604056488e-05
  20   20      2   26   8.1511104858510952e-05
  20   20      2   27   8.8817454008922048e-06
  20   20      2   28   0.00011461556824103986
  20   20      2   29   -7.3253424437346502e-06
  20   20      2   30   -0.00011456400035207873
  20   20      2   31   -0.00016309650451652973
  20   20      3    0   -1.3611952496815811
  20   20      3    1   -0.17123583002715523
  20   20      3    2   -0.00027434790794203431
  20   20      3    3   -0.96263076171194684
  20   20      3    4   0.2682508078660405
  20   20      3    5   -0.3487368693255406
  20   20      3    6   -0.042469888600258798
  20   20      3    7   -0.15616735202909376
  20   20      3    8   0.034493974567957483
  20   20      3    9   -1.5172854080543001
  20   20      3   10   0.67051880624208871
  20   20      3   11   1.00384861709035
  20   20      3   12   -0.37322256479106253
  20   20      3   13   -3.0291423413326535
  20   20      3   14   0.9079864160061345
  20   20      3   15   -0.84751213321040542
  20   20      3   16   1.0191403880454262
  20   20      3   17   3.593481254961115
  20   20      3   18   0.38813603383032252
  20   20      3   19   0.31296706750700681
  20   20      3   20   -0.5279399393601274
  20   20      3   21   0.30760893794630551
  20   20      3   22   -0.4266049738492787
  20   20      3   23   0.4397101252938071
  20   20      3   24   -0.12733937679980192
  20   20      3   25   0.31052502430131274
  20   20      3   26   -0.21519173345826162
  20   20      3   27   0.038743559708237993
  20   20      3   28   0.3184777333217283
  20   20      3   29   -0.1427634369831409
  20   20      3   30   -0.30998397900148045
  20   20      3   31   0.15118034631729538
  20   20      4    0   0.76349589923057259
  20   20      4    1   -0.26640330914725807
  20   20      4    2   9.8927216810934084e-05
  20   20      4    3   0.26825080786604055
  20   20      4    4   -1.0828539621360851
  20   20      4    5   0.59225373930272107
  20   20      4    6   -0.15803746352257309
  20   20      4    7   0.4524867282881137
  20   20      4    8   -0.098612569582445533
  20   20      4    9   0.09735480870708349
  20   20      4   10   1.4644973622629338
  20   20      4   11   -0.26360672355567355
  20   20      4   12   -1.7537544730136552
  20   20      4   13   -1.0480333663085939
  20   20      4   14   -4.3594804930894657
  20   20      4   15   0.11253523836442518
  20   20      4   16   0.21822847043547866
  20   20      4   17   -0.55183154072785046
  20   20      4   18   3.9212708904135911
  20   20      4   19   -0.22102392679783861
  20   20      4   20   0.51132858097993172
  20   20      4   21   0.13572564433346793
  20   20      4   22   -0.00036189664108984479
  20   20      4   23   -0.094564487430271002
  20   20      4   24   -0.13936491431525558
  20   20      4   25   0.22603555596842831
  20   20      4   26   -0.42076098137083601
  20   20      4   27   -0.42885614932931171
  20   20      4   28   -0.41119320907234236
  20   20      4   29   0.49146274207685953
  20   20      4   30   0.47659561832583452
  20   20      4   31   -0.36656471498929399
  20   20      5    0   -1.3056947292303667
  20   20      5    1   0.3190384036548396
  20   20      5    2   -0.00045419530162971606
  20   20      5    3   -0.3487368693255406
  20   20      5    4   0.59225373930272118
  20   20      5    5   -2.5509132501718454
  20   20      5    6   0.043688378679426293
  20   20      5    7   -0.095566811655207085
  20   20      5    8   2.5134669818779574
  20   20      5    9   -0.56262903803784092
  20   20      5   10   -0.18015840637191904
  20   20      5   11   -0.28032177888470944
  20   20      5   12   -0.52106558657841029
  20   20      5   13   -2.1758305511240947
  20   20      5   14   1.2173555182432831
  20   20      5   15   -5.276498600437729
  20   20      5   16   -1.169117418187273
  20   20      5   17   3.4895917882719427
  20   20      5   18   0.94094243439825176
  20   20      5   19   0.37808508866682933
  20   20      5   20   -0.28789036220904379
  20   20      5   21   0.56592347562340906
  20   20      5   22   -1.1873035453751708
  20   20      5   23   0.54917547880469431
  20   20      5   24   -0.56868265121887618
  20   20      5   25   1.0808921850566457
  20   20      5   26   -0.0091435735838941729
  20   20      5   27   -0.047079229709089676
  20   20      5   28   0.26230346554747919
  20   20      5   29   0.37315197693767749
  20   20      5   30   0.035094277130271384
  20   20      5   31   -0.70930770435693136
  20   20      6    0   -0.16825325767936783
  20   20      6    1   -1.372839395033457
  20   20      6    2   0.00027304438333011235
  20   20      6    3   -0.042469888600258784
  20   20      6    4   -0.15803746352257309
  20   20      6    5   0.043688378679426293
  20   20      6    6   -0.9529326121285232
  20   20      6    7   0.27149585260088921
  20   20      6    8   -0.32674512133101824
  20   20      6    9   1.0001677752980553
  20   20      6   10   -0.36944483271876122
  20   20      6   11   -1.5056453783826949
  20   20      6   12   0.67085778808682872
  20   20      6   13   3.0319600921545344
  20   20      6   14   1.0249589342005301
  20   20      6   15   3.6152318397729415
  20   20      6   16   0.90548072089050757
  20   20      6   17   -0.84064680648307799
  20   20      6   18   -0.38467182559420382
  20   20      6   19   -0.30836002273489455
  20   20      6   20   0.43815056492024435
  20   20      6   21   -0.13096961805638554
  20   20      6   22   0.32414630085305013
  20   20      6   23   -0.52370723071315417
  20   20      6   24   0.30512899634111518
  20   20      6   25   -0.40171169923005995
  20   20      6   26   0.21156739828970164
  20   20      6   27   -0.14198710927542796
  20   20      6   28   -0.3012154143290724
  20   20      6   29   0.031887128066372394
  20   20      6   30   0.32988492329391406
  20   20      6   31   -0.1473774512498903
  20   20      7    0   -0.26908991107988905
  20   20      7    1   0.7656674740119358
  20   20      7    2   -9.762682230748395e-05
  20   20      7    3   -0.15616735202909374
  20   20      7    4   0.4524867282881137
  20   20      7    5   -0.09556681165520714
  20   20      7    6   0.27149585260088915
  20   20      7    7   -1.0692066520431327
  20   20      7    8   0.6011245521263896
  20   20      7    9   -0.25659059038709892
  20   20      7   10   -1.7459442789363142
  20   20      7   11   0.095749773429751384
  20   20      7   12   1.4494218345714875
  20   20      7   13   1.0564016246844012
  20   20      7   14   0.21445600131730053
  20   20      7   15   -0.55368448406355852
  20   20      7   16   -4.3544679204073651
  20   20      7   17   0.11009369421816899
  20   20      7   18   -3.9152543100270529
  20   20      7   19   0.2186048361460422
  20   20      7   20   -0.09234859352248348
  20   20      7   21   -0.14000532909159402
  20   20      7   22   0.2279672411983216
  20   20      7   23   0.50542437626855952
  20   20      7   24   0.14250091294620795
  20   20      7   25   -0.0047382337913278866
  20   20      7   26   0.41704057335716005
  20   20      7   27   0.49702884094440036
  20   20      7   28   0.4916364673346057
  20   20      7   29   -0.42148894768277012
  20   20      7   30   -0.37592174262081496
  20   20      7   31   0.36883526910739584
  20   20      8    0   0.34780887451139064
  20   20      8    1   -1.3556445793987568
  20   20      8    2   0.00045183386233947837
  20   20      8    3   0.034493974567957456
  20   20      8    4   -0.098612569582445533
  20   20      8    5   2.5134669818779574
  20   20      8    6   -0.32674512133101824
  20   20      8    7   0.6011245521263896
  20   20      8    8   -2.6176924550420342
  20   20      8    9   -0.29448408325653058
  20   20      8   10   -0.52420796984513807
  20   20      8   11   -0.50547618643947334
  20   20      8   12   -0.1640945015547503
  20   20      8   13   2.1843970788861582
  20   20      8   14   -1.160037643831993
  20   20      8   15   3.507787961665477
  20   20      8   16   1.2055461936429823
  20   20      8   17   -5.2837632311170015
  20   20      8   18   -0.97687665704327364
  20   20      8   19   -0.37400257370782425
  20   20      8   20   0.53703017910360562
  20   20      8   21   -0.56405884303833931
  20   20      8   22   1.0833405096647095
  20   20      8   23   -0.27608771625621381
  20   20      8   24   0.55820892364581043
  20   20      8   25   -1.1860473160820824
  20   20      8   26   0.024905862404980699
  20   20      8   27   0.38005849370090228
  20   20      8   28   0.037357797494312221
  20   20      8   29   -0.062617543730115563
  20   20      8   30   0.26245351860611454
  20   20      8   31   0.74117647640606354
  20   20      9    0   -0.94894284323423239
  20   20      9    1   -0.8781717835080517
  20   20      9    2   -0.00040454883352367496
  20   20      9    3   -1.5172854080543001
  20   20      9    4   0.09735480870708349
  20   20      9    5   -0.56262903803784114
  20   20      9    6   1.0001677752980551
  20   20      9    7   -0.25659059038709892
  20   20      9    8   -0.29448408325653042
  20   20      9    9   -2.0088665888119945
  20   20      9   10   -0.15303380513821802
  20   20      9   11   1.2400668511334896
  20   20      9   12   0.95064686008027721
  20   20      9   13   -1.4743752926232419
  20   20      9   14   0.4537803571629781
  20   20      9   15   -1.7224365189821877
  20   20      9   16   -3.4601222909335729
  20   20      9   17   5.2831435755279932
  20   20      9   18   -0.30918275308981635
  20   20      9   19   0.51953409179312648
  20   20      9   20   -0.23834870838594316
  20   20      9   21   0.53817440254532867
  20   20      9   22   -0.41133628625529384
  20   20      9   23   0.49725122205332695
  20   20      9   24   -0.19353464105988405
  20   20      9   25   0.040603342515125596
  20   20      9   26   0.30970611262782161
  20   20      9   27   0.43457283235685296
  20   20      9   28   -0.1050785695058757
  20   20      9   29   -0.29942022185418365
  20   20      9   30   -0.18251074863674902
  20   20      9   31   0.52697924374251948
  20   20     10    0   0.43767759919777627
  20   20     10    1   -0.52994435132118067
  20   20     10    2   2.2650163766325674e-05
  20   20     10    3   0.67051880624208859
  20   20     10    4   1.4644973622629343
  20   20     10    5   -0.18015840637191904
  20   20     10    6   -0.36944483271876122
  20   20     10    7   -1.7459442789363142
  20   20     10    8   -0.52420796984513818
  20   20     10    9   -0.15303380513821796
  20   20     10   10   -2.1742135804109495
  20   20     10   11   0.95815709585671904
  20   20     10   12   2.0213115691816994
  20   20     10   13   0.77410913694944428
  20   20     10   14   1.0578317391477323
  20   20     10   15   -0.30761325012702745
  20   20     10   16   -2.0504227005292606
  20   20     10   17   -0.92721312740686934
  20   20     10   18   -8.0018571713855309
  20   20     10   19   -0.53536284270858525
  20   20     10   20   -0.36338854061617193
  20   20     10   21   0.064191105815313163
  20   20     10   22   0.60313627784273816
  20   20     10   23   0.26662215966261371
  20   20     10   24   0.2569737796873639
  20   20     10   25   -0.74767555400070695
  20   20     10   26   0.43822366911970623
  20   20     10   27   0.56271012319850799
  20   20     10   28   0.19058231440601489
  20   20     10   29   -0.57075888888164128
  20   20     10   30   -0.32633373565638069
  20   20     10   31   0.73394720305067829
  20   20     11    0   -0.87992628501635106
  20   20     11    1   -0.95273349407983554
  20   20     11    2   0.0004097534087040514
  20   20     11    3   1.00384861709035
  20   20     11    4   -0.26360672355567361
  20   20     11    5   -0.28032177888470944
  20   20     11    6   -1.5056453783826949
  20   20     11    7   0.095749773429751384
  20   20     11    8   -0.50547618643947334
  20   20     11    9   1.2400668511334894
  20   20     11   10   0.95815709585671915
  20   20     11   11   -2.005291291850873
  20   20     11   12   -0.16258437699366388
  20   20     11   13   1.4654170810826019
  20   20     11   14   -3.4960422760524144
  20   20     11   15   5.4247760572036574
  20   20     11   16   0.45271592248243525
  20   20     11   17   -1.7036328018014544
  20   20     11   18   0.32141764077329976
  20   20     11   19   -0.50847801384868285
  20   20     11   20   0.49214433043701078
  20   20     11   21   -0.19092641886829784
  20   20     11   22   0.054497765523150193
  20   20     11   23   -0.23377771378957107
  20   20     11   24   0.51263987097952513
  20   20     11   25   -0.37506765543892839
  20   20     11   26   -0.31492786863915628
  20   20     11   27   -0.29499713128734489
  20   20     11   28   -0.17997981201383575
  20   20     11   29   0.42907403334622291
  20   20     11   30   -0.12918386462102191
  20   20     11   31   -0.51838181937124417
  20   20     12    0   -0.52974722123588602
  20   20     12    1   0.43919063993144253
  20   20     12    2   -2.6656979468617625e-05
  20   20     12    3   -0.37322256479106253
  20   20     12    4   -1.7537544730136552
  20   20     12    5   -0.52106558657841029
  20   20     12    6   0.67085778808682872
  20   20     12    7   1.4494218345714878
  20   20     12    8   -0.1640945015547503
  20   20     12    9   0.95064686008027732
  20   20     12   10   2.0213115691816994
  20   20     12   11   -0.16258437699366385
  20   20     12   12   -2.1610426398491245
  20   20     12   13   -0.78293697111588068
  20   20     12   14   -2.0587953690187164
  20   20     12   15   -0.9588184130005426
  20   20     12   16   1.0529349107352355
  20   20     12   17   -0.29668194954185551
  20   20     12   18   8.0685235684841992
  20   20     12   19   0.53588027896482782
  20   20     12   20   0.25816749965316721
  20   20     12   21   0.25790121201203259
  20   20     12   22   -0.74835292307494838
  20   20     12   23   -0.35629442140504852
  20   20     12   24   0.074817119101023608
  20   20     12   25   0.62737850827491914
  20   20     12   26   -0.43106764711860274
  20   20     12   27   -0.56930558370896689
  20   20     12   28   -0.34168419977430808
  20   20     12   29   0.53141179239281244
  20   20     12   30   0.14010072983764704
  20   20     12   31   -0.74290918567787323
  20   20     13    0   1.7187523179075477
  20   20     13    1   -1.711212970530906
  20   20     13    2   -0.0005919248047242695
  20   20     13    3   -3.0291423413326535
  20   20     13    4   -1.0480333663085939
  20   20     13    5   -2.1758305511240947
  20   20     13    6   3.0319600921545344
  20   20     13    7   1.0564016246844012
  20   20     13    8   2.1843970788861582
  20   20     13    9   -1.4743752926232419
  20   20     13   10   0.77410913694944428
  20   20     13   11   1.4654170810826019
  20   20     13   12   -0.78293697111588068
  20   20     13   13   -0.89783041107496064
  20   20     13   14   1.3130162350196177
  20   20     13   15   -1.1773607585556587
  20   20     13   16   -1.3131326314828007
  20   20     13   17   1.1738506354608866
  20   20     13   18   0.30072236378656803
  20   20     13   19   -5.0063818522757186
  20   20     13   20   -0.056946142734140143
  20   20     13   21   -0.72899848040196136
  20   20     13   22   -0.53816563987152288
  20   20     13   23   0.056859847351401066
  20   20     13   24   0.75636242655780483
  20   20     13   25   0.51300517553458824
  20   20     13   26   0.10108346183926836
  20   20     13   27   0.98997524650588786
  20   20     13   28   0.47759973350154911
  20   20     13   29   -0.99856915377633093
  20   20     13   30   -0.49073512264058922
  20   20     13   31   -0.39517461922430097
  20   20     14    0   -0.90152028827433139
  20   20     14    1   1.0513158630670441
  20   20     14    2   0.00036314471780687268
  20   20     14    3   0.9079864160061345
  20   20     14    4   -4.3594804930894657
  20   20     14    5   1.2173555182432831
  20   20     14    6   1.0249589342005301
  20   20     14    7   0.21445600131730053
  20   20     14    8   -1.160037643831993
  20   20     14    9   0.4537803571629781
  20   20     14   10   1.0578317391477323
  20   20     14   11   -3.4960422760524144
  20   20     14   12   -2.0587953690187164
  20   20     14   13   1.3130162350196177
  20   20     14   14   -0.9256196200331912
  20   20     14   15   0.69731928347700944
  20   20     14   16   0.36398522853313026
  20   20     14   17   -0.78870455824103902
  20   20     14   18   1.7042490171595044
  20   20     14   19   -0.61620638896369151
  20   20     14   20   -3.9701821989524912
  20   20     14   21   -0.93911179037172587
  20   20     14   22   -1.2324755527123301
  20   20     14   23   -0.36855567289773017
  20   20     14   24   0.19985905294237599
  20   20     14   25   -0.077272291014794034
  20   20     14   26   -2.0495128594139653
  20   20     14   27   -0.37520111955559177
  20   20     14   28   0.15755623271709779
  20   20     14   29   -1.1387982108171699
  20   20     14   30   0.2988610021037405
  20   20     14   31   -0.10963320242323561
  20   20     15    0   2.0455587067497123
  20   20     15    1   -1.7201778098389653
  20   20     15    2   -0.0010232863287649961
  20   20     15    3   -0.84751213321040531
  20   20     15    4   0.11253523836442518
  20   20     15    5   -5.2764986004377281
  20   20     15    6   3.6152318397729406
  20   20     15    7   -0.55368448406355852
  20   20     15    8   3.507787961665477
  20   20     15    9   -1.7224365189821877
  20   20     15   10   -0.30761325012702745
  20   20     15   11   5.4247760572036574
  20   20     15   12   -0.9588184130005426
  20   20     15   13   -1.1773607585556587
  20   20     15   14   0.69731928347700944
  20   20     15   15   -2.0505512391025515
  20   20     15   16   -0.79126636791271709
  20   20     15   17   1.8972596346469885
  20   20     15   18   -0.11459836552297423
  20   20     15   19   0.55880294843299616
  20   20     15   20   -0.55796469822375772
  20   20     15   21   -2.5349007586247638
  20   20     15   22   2.4256052628494422
  20   20     15   23   0.65249818450818542
  20   20     15   24   -0.58152801962956491
  20   20     15   25   0.91050655944457426
  20   20     15   26   0.210821894248238
  20   20     15   27   -0.43861467438299095
  20   20     15   28   1.1098402561401224
  20   20     15   29   -0.35678246044725709
  20   20     15   30   -0.5535426477602533
  20   20     15   31   -1.5899612332088247
  20   20     16    0   1.0521018451697615
  20   20     16    1   -0.89606499934993955
  20   20     16    2   -0.00035775509160252398
  20   20     16    3   1.0191403880454262
  20   20     16    4   0.21822847043547866
  20   20     16    5   -1.169117418187273
  20   20     16    6   0.90548072089050757
  20   20     16    7   -4.3544679204073651
  20   20     16    8   1.2055461936429823
  20   20     16    9   -3.4601222909335729
  20   20     16   10   -2.0504227005292606
  20   20     16   11   0.45271592248243525
  20   20     16   12   1.0529349107352355
  20   20     16   13   -1.3131326314828007
  20   20     16   14   0.36398522853313026
  20   20     16   15   -0.79126636791271709
  20   20     16   16   -0.92578111479733305
  20   20     16   17   0.69459150519828361
  20   20     16   18   -1.7043635502584686
  20   20     16   19   0.61624597462618314
  20   20     16   20   -0.36859605831004161
  20   20     16   21   0.20945429729842308
  20   20     16   22   -0.085159243819068503
  20   20     16   23   -3.9701264054348044
  20   20     16   24   -0.94711556106163042
  20   20     16   25   -1.2889568831524405
  20   20     16   26   2.049621649098273
  20   20     16   27   -1.1017891291700082
  20   20     16   28   0.31722633723752913
  20   20     16   29   -0.37274951788679445
  20   20     16   30   0.1915268814006551
  20   20     16   31   0.10636765251807855
  20   20     17    0   -1.7344518576931951
  20   20     17    1   2.0425805810277131
  20   20     17    2   0.001027011802136783
  20   20     17    3   3.593481254961115
  20   20     17    4   -0.55183154072785046
  20   20     17    5   3.4895917882719427
  20   20     17    6   -0.8406468064830781
  20   20     17    7   0.11009369421816899
  20   20     17    8   -5.2837632311170015
  20   20     17    9   5.2831435755279932
  20   20     17   10   -0.92721312740686923
  20   20     17   11   -1.7036328018014542
  20   20     17   12   -0.29668194954185551
  20   20     17   13   1.1738506354608866
  20   20     17   14   -0.78870455824103902
  20   20     17   15   1.8972596346469885
  20   20     17   16   0.69459150519828361
  20   20     17   17   -2.0444594188901899
  20   20     17   18   0.11129422426352167
  20   20     17   19   -0.55864618317871051
  20   20     17   20   0.6519952129065254
  20   20     17   21   -0.58929555270281875
  20   20     17   22   0.94043502174771743
  20   20     17   23   -0.55702580780707489
  20   20     17   24   -2.5631064662125018
  20   20     17   25   2.5080355038423248
  20   20     17   26   -0.20933130719859311
  20   20     17   27   -0.35612350867459491
  20   20     17   28   -0.55874734975064588
  20   20     17   29   -0.44387148159893303
  20   20     17   30   1.1237823606676978
  20   20     17   31   1.5704294846874645
  20   20     18    0   0.56781666806378217
  20   20     18    1   -0.57056594358263424
  20   20     18    2   5.2651276695372141e-05
  20   20     18    3   0.38813603383032252
  20   20     18    4   3.9212708904135911
  20   20     18    5   0.94094243439825176
  20   20     18    6   -0.38467182559420382
  20   20     18    7   -3.9152543100270529
  20   20     18    8   -0.97687665704327364
  20   20     18    9   -0.30918275308981635
  20   20     18   10   -8.0018571713855309
  20   20     18   11   0.32141764077329976
  20   20     18   12   8.0685235684841992
  20   20     18   13   0.30072236378656803
  20   20     18   14   1.7042490171595044
  20   20     18   15   -0.11459836552297423
  20   20     18   16   -1.7043635502584686
  20   20     18   17   0.11129422426352167
  20   20     18   18   -2.5433634378826939
  20   20     18   19   -0.41786675578520449
  20   20     18   20   -0.49651693505625927
  20   20     18   21   -0.26644737782463629
  20   20     18   22   0.71088905174033401
  20   20     18   23   0.49671531318547829
  20   20     18   24   0.26190317121152817
  20   20     18   25   -0.71617859939128647
  20   20     18   26   -3.2343613221329788
  20   20     18   27   -0.34614883536428043
  20   20     18   28   -2.1384534652066272
  20   20     18   29   0.38361650987702117
  20   20     18   30   2.263994373567495
  20   20     18   31   0.97120731733394705
  20   20     19    0   -0.021477244239322155
  20   20     19    1   0.020001028363930147
  20   20     19    2   1.3121680619663534e-05
  20   20     19    3   0.31296706750700681
  20   20     19    4   -0.22102392679783861
  20   20     19    5   0.37808508866682933
  20   20     19    6   -0.30836002273489455
  20   20     19    7   0.2186048361460422
  20   20     19    8   -0.37400257370782425
  20   20     19    9   0.51953409179312648
  20   20     19   10   -0.53536284270858525
  20   20     19   11   -0.50847801384868285
  20   20     19   12   0.53588027896482782
  20   20     19   13   -5.0063818522757186
  20   20     19   14   -0.61620638896369151
  20   20     19   15   0.55880294843299616
  20   20     19   16   0.61624597462618314
  20   20     19   17   -0.55864618317871051
  20   20     19   18   -0.41786675578520449
  20   20     19   19   -0.034625779986475438
  20   20     19   20   1.0113382418725643
  20   20     19   21   -0.36038680275385809
  20   20     19   22   0.63307323833616458
  20   20     19   23   -1.0113617744770567
  20   20     19   24   0.35749915069323146
  20   20     19   25   -0.62412605612020944
  20   20     19   26   0.71937279712974045
  20   20     19   27   -0.26956462836165584
  20   20     19   28   -0.012907512060225718
  20   20     19   29   0.26705129330161909
  20   20     19   30   0.022122847044873828
  20   20     19   31   -0.25429529310682253
  20   20     20    0   0.087041545271567738
  20   20     20    1   -0.1872511772398934
  20   20     20    2   -6.9990223916923305e-05
  20   20     20    3   -0.5279399393601274
  20   20     20    4   0.51132858097993172
  20   20     20    5   -0.28789036220904379
  20   20     20    6   0.43815056492024435
  20   20     20    7   -0.09234859352248348
  20   20     20    8   0.53703017910360562
  20   20     20    9   -0.23834870838594316
  20   20     20   10   -0.36338854061617193
  20   20     20   11   0.49214433043701078
  20   20     20   12   0.25816749965316721
  20   20     20   13   -0.056946142734140143
  20   20     20   14   -3.9701821989524912
  20   20     20   15   -0.55796469822375772
  20   20     20   16   -0.36859605831004161
  20   20     20   17   0.6519952129065254
  20   20     20   18   -0.49651693505625927
  20   20     20   19   1.0113382418725643
  20   20     20   20   -0.92865864780341023
  20   20     20   21   0.15531227138562159
  20   20     20   22   -0.23851255672770394
  20   20     20   23   0.49261803563465789
  20   20     20   24   -0.37045867144657346
  20   20     20   25   0.25772739414175211
  20   20     20   26   0.77770178997170947
  20   20     20   27   0.24178561632881079
  20   20     20   28   0.4679743416215334
  20   20     20   29   -0.49462275901081032
  20   20     20   30   -0.40158413261020909
  20   20     20   31   0.57549228242337003
  20   20     21    0   -0.14486537762023638
  20   20     21    1   -0.11739293052797364
  20   20     21    2   -1.4325721430499418e-05
  20   20     21    3   0.30760893794630551
  20   20     21    4   0.1357256443334679
  20   20     21    5   0.56592347562340894
  20   20     21    6   -0.13096961805638552
  20   20     21    7   -0.14000532909159402
  20   20     21    8   -0.5640588430383392
  20   20     21    9   0.53817440254532856
  20   20     21   10   0.064191105815313149
  20   20     21   11   -0.19092641886829784
  20   20     21   12   0.25790121201203259
  20   20     21   13   -0.72899848040196136
  20   20     21   14   -0.93911179037172587
  20   20     21   15   -2.5349007586247638
  20   20     21   16   0.20945429729842308
  20   20     21   17   -0.58929555270281875
  20   20     21   18   -0.26644737782463629
  20   20     21   19   -0.36038680275385809
  20   20     21   20   0.15531227138562159
  20   20     21   21   -0.69759222756279282
  20   20     21   22   0.89499652070792735
  20   20     21   23   -0.37596803354968761
  20   20     21   24   0.2661030405324778
  20   20     21   25   -0.8622518543645008
  20   20     21   26   0.37427284734466382
  20   20     21   27   -0.30845473388551686
  20   20     21   28   0.30912377006992553
  20   20     21   29   0.31331732442846821
  20   20     21   30   -0.32481949770934326
  20   20     21   31   -0.57862445665288775
  20   20     22    0   -0.13636126348019648
  20   20     22    1   0.31070020064905324
  20   20     22    2   -5.4248832018426296e-05
  20   20     22    3   -0.42660497384927881
  20   20     22    4   -0.00036189664108984479
  20   20     22    5   -1.1873035453751708
  20   20     22    6   0.32414630085305013
  20   20     22    7   0.2279672411983216
  20   20     22    8   1.0833405096647097
  20   20     22    9   -0.41133628625529395
  20   20     22   10   0.60313627784273816
  20   20     22   11   0.054497765523150304
  20   20     22   12   -0.74835292307494838
  20   20     22   13   -0.53816563987152288
  20   20     22   14   -1.2324755527123301
  20   20     22   15   2.4256052628494422
  20   20     22   16   -0.085159243819068503
  20   20     22   17   0.94043502174771743
  20   20     22   18   0.71088905174033401
  20   20     22   19   0.63307323833616458
  20   20     22   20   -0.23851255672770394
  20   20     22   21   0.89499652070792735
  20   20     22   22   -1.163506926589583
  20   20     22   23   0.26199519489309181
  20   20     22   24   -0.86727727281388234
  20   20     22   25   0.82299584076147847
  20   20     22   26   -0.31960896104381731
  20   20     22   27   0.25069436402519824
  20   20     22   28   0.25954336323303595
  20   20     22   29   -0.19664205392394629
  20   20     22   30   -0.42453821226251626
  20   20     22   31   0.82752123062190286
  20   20     23    0   -0.18914631440694368
  20   20     23    1   0.085716219282768707
  20   20     23    2   7.0573792465679615e-05
  20   20     23    3   0.4397101252938071
  20   20     23    4   -0.094564487430271002
  20   20     23    5   0.54917547880469431
  20   20     23    6   -0.52370723071315417
  20   20     23    7   0.50542437626855952
  20   20     23    8   -0.27608771625621381
  20   20     23    9   0.49725122205332695
  20   20     23   10   0.26662215966261371
  20   20     23   11   -0.23377771378957107
  20   20     23   12   -0.35629442140504852
  20   20     23   13   0.056859847351401066
  20   20     23   14   -0.36855567289773017
  20   20     23   15   0.65249818450818542
  20   20     23   16   -3.9701264054348044
  20   20     23   17   -0.55702580780707489
  20   20     23   18   0.49671531318547829
  20   20     23   19   -1.0113617744770567
  20   20     23   20   0.49261803563465789
  20   20     23   21   -0.37596803354968761
  20   20     23   22   0.26199519489309181
  20   20     23   23   -0.92873726305288051
  20   20     23   24   0.15056974592163777
  20   20     23   25   -0.23016419738339633
  20   20     23   26   -0.77779609751067524
  20   20     23   27   -0.49967331853011526
  20   20     23   28   -0.40789806410861773
  20   20     23   29   0.24082267313792477
  20   20     23   30   0.46361380495383764
  20   20     23   31   -0.57308937492639866
  20   20     24    0   -0.11549623507385
  20   20     24    1   -0.13970896473225325
  20   20     24    2   1.7936089005298986e-05
  20   20     24    3   -0.12733937679980192
  20   20     24    4   -0.13936491431525558
  20   20     24    5   -0.56868265121887618
  20   20     24    6   0.30512899634111523
  20   20     24    7   0.14250091294620795
  20   20     24    8   0.55820892364581054
  20   20     24    9   -0.19353464105988405
  20   20     24   10   0.2569737796873639
  20   20     24   11   0.51263987097952513
  20   20     24   12   0.074817119101023621
  20   20     24   13   0.75636242655780483
  20   20     24   14   0.19985905294237599
  20   20     24   15   -0.58152801962956502
  20   20     24   16   -0.94711556106163042
  20   20     24   17   -2.5631064662125018
  20   20     24   18   0.26190317121152817
  20   20     24   19   0.35749915069323146
  20   20     24   20   -0.37045867144657346
  20   20     24   21   0.2661030405324778
  20   20     24   22   -0.86727727281388223
  20   20     24   23   0.15056974592163777
  20   20     24   24   -0.69509664933616688
  20   20     24   25   0.88883787565481642
  20   20     24   26   -0.37191835042458593
  20   20     24   27   0.31145540733609883
  20   20     24   28   -0.3267118683235028
  20   20     24   29   -0.30835511966026996
  20   20     24   30   0.30832371379583978
  20   20     24   31   0.5768073458966233
  20   20     25    0   0.30599426171429112
  20   20     25    1   -0.156946620101512
  20   20     25    2   4.8111681604056488e-05
  20   20     25    3   0.31052502430131262
  20   20     25    4   0.22603555596842831
  20   20     25    5   1.080892185056646
  20   20     25    6   -0.40171169923006
  20   20     25    7   -0.0047382337913279005
  20   20     25    8   -1.1860473160820824
  20   20     25    9   0.040603342515125679
  20   20     25   10   -0.74767555400070684
  20   20     25   11   -0.37506765543892839
  20   20     25   12   0.62737850827491914
  20   20     25   13   0.51300517553458824
  20   20     25   14   -0.077272291014794034
  20   20     25   15   0.91050655944457426
  20   20     25   16   -1.2889568831524405
  20   20     25   17   2.5080355038423248
  20   20     25   18   -0.71617859939128647
  20   20     25   19   -0.62412605612020944
  20   20     25   20   0.25772739414175211
  20   20     25   21   -0.86225185436450091
  20   20     25   22   0.82299584076147847
  20   20     25   23   -0.23016419738339633
  20   20     25   24   0.88883787565481642
  20   20     25   25   -1.1616623217204256
  20   20     25   26   0.32517045654891752
  20   20     25   27   -0.18881640660386595
  20   20     25   28   -0.41610359685262199
  20   20     25   29   0.2480838396612009
  20   20     25   30   0.26910109226679307
  20   20     25   31   -0.81865398673191114
  20   20     26    0   -0.43809117776576018
  20   20     26    1   0.43755159723229603
  20   20     26    2   8.1511104858510952e-05
  20   20     26    3   -0.21519173345826162
  20   20     26    4   -0.42076098137083601
  20   20     26    5   -0.0091435735838941729
  20   20     26    6   0.21156739828970164
  20   20     26    7   0.41704057335716005
  20   20     26    8   0.024905862404980699
  20   20     26    9   0.30970611262782161
  20   20     26   10   0.43822366911970623
  20   20     26   11   -0.31492786863915628
  20   20     26   12   -0.43106764711860274
  20   20     26   13   0.10108346183926836
  20   20     26   14   -2.0495128594139653
  20   20     26   15   0.210821894248238
  20   20     26   16   2.049621649098273
  20   20     26   17   -0.20933130719859311
  20   20     26   18   -3.2343613221329788
  20   20     26   19   0.71937279712974045
  20   20     26   20   0.77770178997170947
  20   20     26   21   0.37427284734466382
  20   20     26   22   -0.31960896104381731
  20   20     26   23   -0.77779609751067524
  20   20     26   24   -0.37191835042458593
  20   20     26   25   0.32517045654891752
  20   20     26   26   -0.074642299718401445
  20   20     26   27   -0.35308788006711578
  20   20     26   28   -0.37958416778163606
  20   20     26   29   0.34861233539739983
  20   20     26   30   0.37220446623250808
  20   20     26   31   -0.42168403615713806
  20   20     27    0   -0.45346162789490196
  20   20     27    1   0.32129802659908513
  20   20     27    2   8.8817454006701601e-06
  20   20     27    3   0.038743559708238007
  20   20     27    4   -0.42885614932931176
  20   20     27    5   -0.047079229709089662
  20   20     27    6   -0.14198710927542793
  20   20     27    7   0.49702884094440036
  20   20     27    8   0.38005849370090228
  20   20     27    9   0.43457283235685296
  20   20     27   10   0.56271012319850788
  20   20     27   11   -0.29499713128734495
  20   20     27   12   -0.56930558370896689
  20   20     27   13   0.98997524650588786
  20   20     27   14   -0.37520111955559177
  20   20     27   15   -0.43861467438299084
  20   20     27   16   -1.1017891291700082
  20   20     27   17   -0.35612350867459491
  20   20     27   18   -0.34614883536428043
  20   20     27   19   -0.26956462836165584
  20   20     27   20   0.24178561632881079
  20   20     27   21   -0.30845473388551681
  20   20     27   22   0.25069436402519824
  20   20     27   23   -0.49967331853011526
  20   20     27   24   0.31145540733609883
  20   20     27   25   -0.18881640660386595
  20   20     27   26   -0.35308788006711578
  20   20     27   27   -0.63807070207142169
  20   20     27   28   -0.75541080802035243
  20   20     27   29   0.24661256052395064
  20   20     27   30   0.77463136473626404
  20   20     27   31   -0.17364180533055687
  20   20     28    0   0.030761563188875282
  20   20     28    1   0.19676328831128775
  20   20     28    2   0.00011461556824115088
  20   20     28    3   0.3184777333217283
  20   20     28    4   -0.41119320907234225
  20   20     28    5   0.2623034655474793
  20   20     28    6   -0.3012154143290724
  20   20     28    7   0.4916364673346057
  20   20     28    8   0.037357797494312193
  20   20     28    9   -0.10507856950587575
  20   20     28   10   0.19058231440601495
  20   20     28   11   -0.1799798120138357
  20   20     28   12   -0.34168419977430814
  20   20     28   13   0.47759973350154911
  20   20     28   14   0.15755623271709779
  20   20     28   15   1.1098402561401224
  20   20     28   16   0.31722633723752913
  20   20     28   17   -0.55874734975064577
  20   20     28   18   -2.1384534652066272
  20   20     28   19   -0.012907512060225718
  20   20     28   20   0.4679743416215334
  20   20     28   21   0.30912377006992553
  20   20     28   22   0.25954336323303601
  20   20     28   23   -0.40789806410861773
  20   20     28   24   -0.3267118683235028
  20   20     28   25   -0.41610359685262199
  20   20     28   26   -0.37958416778163606
  20   20     28   27   -0.75541080802035243
  20   20     28   28   -1.1784012206073247
  20   20     28   29   0.78035348362832213
  20   20     28   30   0.88218693373164847
  20   20     28   31   0.071478921267292439
  20   20     29    0   0.32719827585256961
  20   20     29    1   -0.45620829274962454
  20   20     29    2   -7.3253424437346502e-06
  20   20     29    3   -0.1427634369831409
  20   20     29    4   0.49146274207685958
  20   20     29    5   0.37315197693767743
  20   20     29    6   0.031887128066372394
  20   20     29    7   -0.42148894768277007
  20   20     29    8   -0.062617543730115563
  20   20     29    9   -0.29942022185418365
  20   20     29   10   -0.57075888888164128
  20   20     29   11   0.42907403334622291
  20   20     29   12   0.53141179239281233
  20   20     29   13   -0.99856915377633093
  20   20     29   14   -1.1387982108171699
  20   20     29   15   -0.35678246044725703
  20   20     29   16   -0.37274951788679445
  20   20     29   17   -0.44387148159893314
  20   20     29   18   0.38361650987702117
  20   20     29   19   0.26705129330161909
  20   20     29   20   -0.49462275901081032
  20   20     29   21   0.31331732442846821
  20   20     29   22   -0.19664205392394629
  20   20     29   23   0.24082267313792477
  20   20     29   24   -0.30835511966026996
  20   20     29   25   0.2480838396612009
  20   20     29   26   0.34861233539739983
  20   20     29   27   0.24661256052395064
  20   20     29   28   0.78035348362832213
  20   20     29   29   -0.62778154683906096
  20   20     29   30   -0.74013672339260617
  20   20     29   31   0.17305486451611762
  20   20     30    0   0.19390653492188673
  20   20     30    1   0.041636978630734803
  20   20     30    2   -0.00011456400035207873
  20   20     30    3   -0.30998397900148034
  20   20     30    4   0.47659561832583447
  20   20     30    5   0.035094277130271384
  20   20     30    6   0.32988492329391406
  20   20     30    7   -0.37592174262081501
  20   20     30    8   0.26245351860611454
  20   20     30    9   -0.18251074863674902
  20   20     30   10   -0.32633373565638069
  20   20     30   11   -0.12918386462102185
  20   20     30   12   0.14010072983764699
  20   20     30   13   -0.49073512264058922
  20   20     30   14   0.2988610021037405
  20   20     30   15   -0.5535426477602533
  20   20     30   16   0.1915268814006551
  20   20     30   17   1.1237823606676978
  20   20     30   18   2.263994373567495
  20   20     30   19   0.022122847044873828
  20   20     30   20   -0.40158413261020909
  20   20     30   21   -0.32481949770934326
  20   20     30   22   -0.42453821226251626
  20   20     30   23   0.46361380495383764
  20   20     30   24   0.30832371379583978
  20   20     30   25   0.26910109226679302
  20   20     30   26   0.37220446623250808
  20   20     30   27   0.77463136473626404
  20   20     30   28   0.88218693373164847
  20   20     30   29   -0.74013672339260617
  20   20     30   30   -1.1664560139189659
  20   20     30   31   -0.080702996159216014
  20   20     31    0   -0.36242721746622836
  20   20     31    1   0.35836899189621968
  20   20     31    2   -0.00016309650451675178
  20   20     31    3   0.15118034631729538
  20   20     31    4   -0.36656471498929405
  20   20     31    5   -0.70930770435693136
  20   20     31    6   -0.1473774512498903
  20   20     31    7   0.36883526910739584
  20   20     31    8   0.74117647640606332
  20   20     31    9   0.52697924374251925
  20   20     31   10   0.73394720305067818
  20   20     31   11   -0.51838181937124417
  20   20     31   12   -0.74290918567787312
  20   20     31   13   -0.39517461922430097
  20   20     31   14   -0.10963320242323561
  20   20     31   15   -1.5899612332088247
  20   20     31   16   0.10636765251807855
  20   20     31   17   1.5704294846874645
  20   20     31   18   0.97120731733394705
  20   20     31   19   -0.25429529310682253
  20   20     31   20   0.57549228242337003
  20   20     31   21   -0.57862445665288775
  20   20     31   22   0.82752123062190286
  20   20     31   23   -0.57308937492639866
  20   20     31   24   0.5768073458966233
  20   20     31   25   -0.81865398673191114
  20   20     31   26   -0.42168403615713806
  20   20     31   27   -0.17364180533055687
  20   20     31   28   0.071478921267292495
  20   20     31   29   0.17305486451611768
  20   20     31   30   -0.080702996159216014
  20   20     31   31   -2.3430869514291635
  21   21      0    0   -0.7609110746084925
  21   21      0    1   0.92812087024587209
  21   21      0    2   -0.02890454067528413
  21   21      0    3   -2.4423981952769545
  21   21      0    4   -2.0006756541386768
  21   21      0    5   0.29406049176249294
  21   21      0    6   0.049683649381512776
  21   21      0    7   -2.0411625848391051
  21   21      0    8   4.3236909765284999
  21   21      0    9   0.20599913602615713
  21   21      0   10   0.08378445422307855
  21   21      0   11   -0.49651842763016379
  21   21      0   12   0.25325818897036534
  21   21      0   13   -0.25324133118712072
  21   21      0   14   -0.087615691536715196
  21   21      0   15   1.2387377958918613
  21   21      0   16   -0.23174414525693326
  21   21      0   17   -0.4467357170381176
  21   21      0   18   -0.82566910987913333
  21   21      0   19   0.31297304607361576
  21   21      0   20   0.69216836994034403
  21   21      0   21   0.15852352038230461
  21   21      0   22   0.34085098706581352
  21   21      0   23   -0.35940209613057289
  21   21      0   24   0.17586580369145702
  21   21      0   25   0.30319541394903343
  21   21      0   26   0.20958318125402473
  21   21      0   27   -0.063546491971372174
  21   21      1    0   0.92812087024587209
  21   21      1    1   -0.62481765775599196
  21   21      1    2   -2.4424779111772703
  21   21      1    3   0.60102003980590557
  21   21      1    4   -1.1598867178317276
  21   21      1    5   -3.7879219781360485
  21   21      1    6   -1.4666864337902732
  21   21      1    7   0.46006739130434532
  21   21      1    8   -1.0083520458769006
  21   21      1    9   1.0988959460291101
  21   21      1   10   0.27210747705301097
  21   21      1   11   0.57667644075769509
  21   21      1   12   -0.75880255824514153
  21   21      1   13   -0.18271080589480201
  21   21      1   14   0.86540797330305796
  21   21      1   15   -0.84936323093604416
  21   21      1   16   0.22264901125689535
  21   21      1   17   0.14651355111314052
  21   21      1   18   0.64102491148428997
  21   21      1   19   -0.10524773774865799
  21   21      1   20   -0.2999117888651186
  21   21      1   21   -0.43793690345907704
  21   21      1   22   0.15448455561158753
  21   21      1   23   0.12999713909881261
  21   21      1   24   0.22641533277148077
  21   21      1   25   0.017264381562459755
  21   21      1   26   -0.10944938139418679
  21   21      1   27   0.35403706714186167
  21   21      2    0   -0.028904540675284123
  21   21      2    1   -2.4424779111772703
  21   21      2    2   -0.76030157834190049
  21   21      2    3   0.93028700672744791
  21   21      2    4   0.04781464893708464
  21   21      2    5   -2.0317226617441029
  21   21      2    6   -1.9965098507364005
  21   21      2    7   0.2972267566087165
  21   21      2    8   0.20107956703613644
  21   21      2    9   4.3203868131088781
  21   21      2   10   -0.088183244196896327
  21   21      2   11   1.2351208429395528
  21   21      2   12   -0.21570050726695436
  21   21      2   13   -0.38196992136753743
  21   21      2   14   0.082845340398702935
  21   21      2   15   -0.49447037443201652
  21   21      2   16   0.25294785533083014
  21   21      2   17   -0.2572547056687568
  21   21      2   18   0.1573626676250871
  21   21      2   19   0.33917649843219677
  21   21      2   20   -0.35657849883740295
  21   21      2   21   -0.82278003595047855
  21   21      2   22   0.31134269733625797
  21   21      2   23   0.7162799078841956
  21   21      2   24   0.20811931824590083
  21   21      2   25   -0.07668112063090804
  21   21      2   26   0.17664404781379761
  21   21      2   27   0.30152797230904321
  21   21      3    0   -2.4423981952769545
  21   21      3    1   0.60102003980590557
  21   21      3    2   0.93028700672744791
  21   21      3    3   -0.62533203556562511
  21   21      3    4   -1.4573029515289688
  21   21      3    5   0.45768539743120729
  21   21      3    6   -1.1546501910771603
  21   21      3    7   -3.7754010212636664
  21   21      3    8   1.0934772073354591
  21   21      3    9   -1.0087762637208164
  21   21      3   10   0.86290020757428965
  21   21      3   11   -0.84742536986751216
  21   21      3   12   0.23172204172437155
  21   21      3   13   0.13081685150824557
  21   21      3   14   0.27069400696798612
  21   21      3   15   0.57289956165893641
  21   21      3   16   -0.77577089729319215
  21   21      3   17   -0.20457499909326793
  21   21      3   18   -0.43504823795216446
  21   21      3   19   0.15425621061107891
  21   21      3   20   0.10105491123140983
  21   21      3   21   0.63905397005989828
  21   21      3   22   -0.10478386519585248
  21   21      3   23   -0.30527554520693745
  21   21      3   24   -0.1226822089700593
  21   21      3   25   0.35612756257937195
  21   21      3   26   0.22476365279399912
  21   21      3   27   0.01755696490508939
  21   21      4    0   -2.0006756541386768
  21   21      4    1   -1.1598867178317274
  21   21      4    2   0.047814648937084654
  21   21      4    3   -1.4573029515289688
  21   21      4    4   -0.60716447921436423
  21   21      4    5   -0.78016340236527071
  21   21      4    6   -3.2370393522003496
  21   21      4    7   -3.4051043192379522
  21   21      4    8   0.89658591078667482
  21   21      4    9   0.84064619525774542
  21   21      4   10   -4.788762801319252
  21   21      4   11   1.1729546685075163
  21   21      4   12   -1.5664589171544683
  21   21      4   13   0.062625872970320656
  21   21      4   14   0.52659076304421937
  21   21      4   15   1.0400906189956127
  21   21      4   16   -0.11917853222289028
  21   21      4   17   0.26780817342705238
  21   21      4   18   -2.1207010559889592
  21   21      4   19   0.48206525591379945
  21   21      4   20   1.4992043816891389
  21   21      4   21   -0.052913758226974784
  21   21      4   22   0.075984609822286622
  21   21      4   23   -0.048011909631709856
  21   21      4   24   -2.0561051657699112
  21   21      4   25   -0.87005211014124695
  21   21      4   26   0.29089795841478477
  21   21      4   27   0.48559789608042375
  21   21      5    0   0.29406049176249294
  21   21      5    1   -3.7879219781360485
  21   21      5    2   -2.031722661744102
  21   21      5    3   0.45768539743120734
  21   21      5    4   -0.7801634023652706
  21   21      5    5   -2.5078990929410931
  21   21      5    6   -3.4061689685267957
  21   21      5    7   1.5542600687479196
  21   21      5    8   -1.3018507566442354
  21   21      5    9   7.4964671592013845
  21   21      5   10   0.53117588977610852
  21   21      5   11   -1.7045675504582465
  21   21      5   12   -1.6212275630661173
  21   21      5   13   -3.309855756250478
  21   21      5   14   0.99513378161722932
  21   21      5   15   -1.7059919788491251
  21   21      5   16   0.41672074097058126
  21   21      5   17   0.094144857723028788
  21   21      5   18   1.236926336137377
  21   21      5   19   -2.0226722887454618
  21   21      5   20   -0.72815618350579348
  21   21      5   21   -1.631697887309278
  21   21      5   22   0.84416675524662488
  21   21      5   23   -0.035423842200035319
  21   21      5   24   0.067865958150514258
  21   21      5   25   -3.6968778517868932
  21   21      5   26   0.74420708317233264
  21   21      5   27   0.14221320910223587
  21   21      6    0   0.049683649381512776
  21   21      6    1   -1.466686433790273
  21   21      6    2   -1.9965098507363996
  21   21      6    3   -1.15465019107716
  21   21      6    4   -3.2370393522003496
  21   21      6    5   -3.4061689685267957
  21   21      6    6   -0.61007356065439944
  21   21      6    7   -0.76956406026920698
  21   21      6    8   0.82986487093235872
  21   21      6    9   0.89234207826673773
  21   21      6   10   0.5224458842710844
  21   21      6   11   1.0383837832354306
  21   21      6   12   -0.1141591402104135
  21   21      6   13   0.280160856922746
  21   21      6   14   -4.7495428267665645
  21   21      6   15   1.1586620418227609
  21   21      6   16   -1.5993332121836508
  21   21      6   17   0.044432886793399955
  21   21      6   18   -0.051374939576416062
  21   21      6   19   0.076989351170693637
  21   21      6   20   -0.055403262048168783
  21   21      6   21   -2.1067781130558889
  21   21      6   22   0.47915258070224931
  21   21      6   23   1.5457380496772453
  21   21      6   24   0.28794032594461827
  21   21      6   25   0.47414360936070787
  21   21      6   26   -2.0276142036624392
  21   21      6   27   -0.85491650129868502
  21   21      7    0   -2.0411625848391051
  21   21      7    1   0.46006739130434526
  21   21      7    2   0.2972267566087165
  21   21      7    3   -3.7754010212636655
  21   21      7    4   -3.4051043192379526
  21   21      7    5   1.5542600687479193
  21   21      7    6   -0.7695640602692071
  21   21      7    7   -2.4969825800230008
  21   21      7    8   7.4469917606692944
  21   21      7    9   -1.30962396972113
  21   21      7   10   0.99325470026253548
  21   21      7   11   -1.7043964273850623
  21   21      7   12   0.42383932163908677
  21   21      7   13   0.081049739904023671
  21   21      7   14   0.52957127022497374
  21   21      7   15   -1.6921043383297452
  21   21      7   16   -1.6725317217506857
  21   21      7   17   -3.4524670881126238
  21   21      7   18   -1.6214451863252932
  21   21      7   19   0.84335248874791635
  21   21      7   20   -0.050901663638449113
  21   21      7   21   1.236614981027583
  21   21      7   22   -2.0111358793267318
  21   21      7   23   -0.7516913022821341
  21   21      7   24   0.72632578308387397
  21   21      7   25   0.14469123796013036
  21   21      7   26   0.068012796903410846
  21   21      7   27   -3.6576821231109227
  21   21      8    0   4.3236909765285008
  21   21      8    1   -1.0083520458769006
  21   21      8    2   0.20107956703613647
  21   21      8    3   1.0934772073354591
  21   21      8    4   0.89658591078667482
  21   21      8    5   -1.3018507566442354
  21   21      8    6   0.82986487093235872
  21   21      8    7   7.4469917606692935
  21   21      8    8   -3.3301541496680587
  21   21      8    9   1.1600967635137713
  21   21      8   10   -0.37715337374213986
  21   21      8   11   1.3566499928520162
  21   21      8   12   -0.20915507253665119
  21   21      8   13   0.16284039681065779
  21   21      8   14   -0.25162813866206396
  21   21      8   15   -2.1016344600846164
  21   21      8   16   0.20725119330014902
  21   21      8   17   0.21611601449852377
  21   21      8   18   -3.2372032009634282
  21   21      8   19   0.96907530099281769
  21   21      8   20   -3.1047321162456445
  21   21      8   21   -1.0624059987961891
  21   21      8   22   -0.42958825750553431
  21   21      8   23   0.51839242859470891
  21   21      8   24   5.9032785590075578
  21   21      8   25   -1.154755360280656
  21   21      8   26   -0.11321877342365591
  21   21      8   27   -0.71566580631220855
  21   21      9    0   0.20599913602615713
  21   21      9    1   1.0988959460291101
  21   21      9    2   4.3203868131088772
  21   21      9    3   -1.0087762637208162
  21   21      9    4   0.8406461952577452
  21   21      9    5   7.4964671592013845
  21   21      9    6   0.89234207826673784
  21   21      9    7   -1.30962396972113
  21   21      9    8   1.1600967635137713
  21   21      9    9   -3.3416485995897314
  21   21      9   10   -0.24750271418700526
  21   21      9   11   -2.0983690722212738
  21   21      9   12   0.20232454202702999
  21   21      9   13   0.18238335368487982
  21   21      9   14   -0.3697233885542851
  21   21      9   15   1.3481230751122806
  21   21      9   16   -0.19021647316895623
  21   21      9   17   0.13779896537840522
  21   21      9   18   -1.0529273116496016
  21   21      9   19   -0.42156138840712298
  21   21      9   20   0.5189054243960205
  21   21      9   21   -3.2606399313316388
  21   21      9   22   0.97818605964486383
  21   21      9   23   -3.2378556680541699
  21   21      9   24   -0.10973075131450051
  21   21      9   25   -0.69942128603753706
  21   21      9   26   6.0106659101096582
  21   21      9   27   -1.1765776307599507
  21   21     10    0   0.08378445422307855
  21   21     10    1   0.27210747705301097
  21   21     10    2   -0.088183244196896327
  21   21     10    3   0.86290020757428965
  21   21     10    4   -4.788762801319252
  21   21     10    5   0.53117588977610852
  21   21     10    6   0.5224458842710844
  21   21     10    7   0.99325470026253548
  21   21     10    8   -0.37715337374213986
  21   21     10    9   -0.24750271418700526
  21   21     10   10   -0.41565853088503968
  21   21     10   11   -0.067724682366265554
  21   21     10   12   -0.28391531363508765
  21   21     10   13   -0.24533113805282275
  21   21     10   14   -2.3480808373500941
  21   21     10   15   -2.0925746924516275
  21   21     10   16   -2.407580050593193
  21   21     10   17   -0.4347730171991529
  21   21     10   18   0.15559141321023656
  21   21     10   19   -0.49414231091939448
  21   21     10   20   0.057688202729786912
  21   21     10   21   0.14271089302412587
  21   21     10   22   -0.53862288092781996
  21   21     10   23   0.16569260275042513
  21   21     10   24   -0.31245685028241155
  21   21     10   25   -0.42853071800737119
  21   21     10   26   -0.22437717961131284
  21   21     10   27   -0.79810611064095027
  21   21     11    0   -0.49651842763016379
  21   21     11    1   0.57667644075769509
  21   21     11    2   1.2351208429395528
  21   21     11    3   -0.84742536986751216
  21   21     11    4   1.1729546685075163
  21   21     11    5   -1.7045675504582465
  21   21     11    6   1.0383837832354306
  21   21     11    7   -1.7043964273850623
  21   21     11    8   1.3566499928520162
  21   21     11    9   -2.0983690722212738
  21   21     11   10   -0.067724682366265554
  21   21     11   11   -1.1142125472517077
  21   21     11   12   -0.04180709812731994
  21   21     11   13   -0.22947990725491862
  21   21     11   14   -2.0924983440481943
  21   21     11   15   1.1611981277563694
  21   21     11   16   0.49744513754781733
  21   21     11   17   0.49953623698302807
  21   21     11   18   -0.95504582935799542
  21   21     11   19   -0.38653003368665495
  21   21     11   20   -0.0083045259756836746
  21   21     11   21   3.4739768519099234
  21   21     11   22   0.88237692280416202
  21   21     11   23   2.5726611555290875
  21   21     11   24   0.66860523476535771
  21   21     11   25   -1.160776628350858
  21   21     11   26   -1.1497743477923572
  21   21     11   27   0.62666940027405771
  21   21     12    0   0.25325818897036528
  21   21     12    1   -0.75880255824514176
  21   21     12    2   -0.21570050726695436
  21   21     12    3   0.2317220417243715
  21   21     12    4   -1.5664589171544685
  21   21     12    5   -1.6212275630661173
  21   21     12    6   -0.1141591402104135
  21   21     12    7   0.42383932163908677
  21   21     12    8   -0.20915507253665125
  21   21     12    9   0.20232454202702987
  21   21     12   10   -0.28391531363508765
  21   21     12   11   -0.04180709812731994
  21   21     12   12   -0.40756639302820735
  21   21     12   13   -0.13104457858337362
  21   21     12   14   -2.3788970726368519
  21   21     12   15   0.49199976516869204
  21   21     12   16   -1.055819565121457
  21   21     12   17   -0.54780948448902755
  21   21     12   18   0.11137380208096581
  21   21     12   19   -0.028264063655540721
  21   21     12   20   -0.011875741001807907
  21   21     12   21   -0.81813862288561756
  21   21     12   22   -0.41225105795577466
  21   21     12   23   1.6309148714489734
  21   21     12   24   -0.25385274602887103
  21   21     12   25   -0.66063544241846617
  21   21     12   26   -2.1765334707485229
  21   21     12   27   -1.1799509087029707
  21   21     13    0   -0.25324133118712072
  21   21     13    1   -0.18271080589480201
  21   21     13    2   -0.38196992136753743
  21   21     13    3   0.13081685150824568
  21   21     13    4   0.062625872970320712
  21   21     13    5   -3.309855756250478
  21   21     13    6   0.280160856922746
  21   21     13    7   0.08104973990402356
  21   21     13    8   0.16284039681065773
  21   21     13    9   0.18238335368488026
  21   21     13   10   -0.24533113805282275
  21   21     13   11   -0.22947990725491862
  21   21     13   12   -0.13104457858337362
  21   21     13   13   -1.2261034951749885
  21   21     13   14   -0.44136534590126303
  21   21     13   15   0.52289997305712044
  21   21     13   16   -0.55066310885746195
  21   21     13   17   0.25926312832374915
  21   21     13   18   -0.54172814944436964
  21   21     13   19   -0.35659480372117192
  21   21     13   20   -0.76504933769533567
  21   21     13   21   2.0970262593408378
  21   21     13   22   -0.75203169616100496
  21   21     13   23   3.0457349790808066
  21   21     13   24   -0.15811271466653579
  21   21     13   25   -0.85082466879021146
  21   21     13   26   -3.8530732474763383
  21   21     13   27   0.78503203968174773
  21   21     14    0   -0.087615691536715196
  21   21     14    1   0.86540797330305796
  21   21     14    2   0.082845340398702935
  21   21     14    3   0.27069400696798612
  21   21     14    4   0.52659076304421937
  21   21     14    5   0.99513378161722932
  21   21     14    6   -4.7495428267665645
  21   21     14    7   0.52957127022497374
  21   21     14    8   -0.25162813866206396
  21   21     14    9   -0.3697233885542851
  21   21     14   10   -2.3480808373500941
  21   21     14   11   -2.0924983440481943
  21   21     14   12   -2.3788970726368519
  21   21     14   13   -0.44136534590126303
  21   21     14   14   -0.41572048181670285
  21   21     14   15   -0.06773530996514153
  21   21     14   16   -0.2792420483577327
  21   21     14   17   -0.24102118512058679
  21   21     14   18   0.14269628372231419
  21   21     14   19   -0.53862234248210739
  21   21     14   20   0.17098588554085006
  21   21     14   21   0.15557294839688415
  21   21     14   22   -0.49413685817743241
  21   21     14   23   0.047659685270224759
  21   21     14   24   -0.22466033335130425
  21   21     14   25   -0.79531762461264865
  21   21     14   26   -0.31270352910512506
  21   21     14   27   -0.42938707400904608
  21   21     15    0   1.2387377958918613
  21   21     15    1   -0.84936323093604416
  21   21     15    2   -0.49447037443201652
  21   21     15    3   0.57289956165893641
  21   21     15    4   1.0400906189956127
  21   21     15    5   -1.7059919788491251
  21   21     15    6   1.1586620418227609
  21   21     15    7   -1.6921043383297452
  21   21     15    8   -2.1016344600846164
  21   21     15    9   1.3481230751122806
  21   21     15   10   -2.0925746924516275
  21   21     15   11   1.1611981277563694
  21   21     15   12   0.49199976516869204
  21   21     15   13   0.52289997305712044
  21   21     15   14   -0.06773530996514153
  21   21     15   15   -1.1141590829414063
  21   21     15   16   -0.030856027762095176
  21   21     15   17   -0.193845198891959
  21   21     15   18   3.4739459757873656
  21   21     15   19   0.88242645943237097
  21   21     15   20   2.5679308453461038
  21   21     15   21   -0.95505913935007802
  21   21     15   22   -0.38645549741088381
  21   21     15   23   0.009676669019403783
  21   21     15   24   -1.1458336911368923
  21   21     15   25   0.62390189920455796
  21   21     15   26   0.67015942639961978
  21   21     15   27   -1.1626355297522537
  21   21     16    0   -0.23174414525693315
  21   21     16    1   0.22264901125689532
  21   21     16    2   0.25294785533083014
  21   21     16    3   -0.77577089729319215
  21   21     16    4   -0.11917853222289031
  21   21     16    5   0.41672074097058126
  21   21     16    6   -1.5993332121836508
  21   21     16    7   -1.6725317217506852
  21   21     16    8   0.20725119330014902
  21   21     16    9   -0.19021647316895623
  21   21     16   10   -2.407580050593193
  21   21     16   11   0.49744513754781733
  21   21     16   12   -1.055819565121457
  21   21     16   13   -0.55066310885746184
  21   21     16   14   -0.2792420483577327
  21   21     16   15   -0.030856027762095176
  21   21     16   16   -0.40935939374768082
  21   21     16   17   -0.13257631955962693
  21   21     16   18   -0.83352332569073539
  21   21     16   19   -0.40669923482169357
  21   21     16   20   1.6285353059904013
  21   21     16   21   0.10992354718178493
  21   21     16   22   -0.028292978505341761
  21   21     16   23   -0.01573492067461349
  21   21     16   24   -2.1809451220734037
  21   21     16   25   -1.1787687681541219
  21   21     16   26   -0.25192394691245112
  21   21     16   27   -0.65357282315961995
  21   21     17    0   -0.44673571703811804
  21   21     17    1   0.14651355111314052
  21   21     17    2   -0.2572547056687568
  21   21     17    3   -0.20457499909326793
  21   21     17    4   0.26780817342705238
  21   21     17    5   0.094144857723028677
  21   21     17    6   0.044432886793399969
  21   21     17    7   -3.4524670881126238
  21   21     17    8   0.21611601449852388
  21   21     17    9   0.13779896537840522
  21   21     17   10   -0.4347730171991529
  21   21     17   11   0.49953623698302807
  21   21     17   12   -0.54780948448902744
  21   21     17   13   0.25926312832374915
  21   21     17   14   -0.24102118512058679
  21   21     17   15   -0.193845198891959
  21   21     17   16   -0.13257631955962693
  21   21     17   17   -1.2325857542098351
  21   21     17   18   2.1254395615123256
  21   21     17   19   -0.75971280175694844
  21   21     17   20   3.0655759474505393
  21   21     17   21   -0.52355056904850017
  21   21     17   22   -0.34966252214171861
  21   21     17   23   -0.77483459246693254
  21   21     17   24   -3.9041680642028718
  21   21     17   25   0.7962156315326836
  21   21     17   26   -0.15526523385092536
  21   21     17   27   -0.83867581783104606
  21   21     18    0   -0.82566910987913333
  21   21     18    1   0.64102491148428997
  21   21     18    2   0.1573626676250871
  21   21     18    3   -0.43504823795216446
  21   21     18    4   -2.1207010559889592
  21   21     18    5   1.236926336137377
  21   21     18    6   -0.051374939576416062
  21   21     18    7   -1.6214451863252932
  21   21     18    8   -3.2372032009634282
  21   21     18    9   -1.0529273116496016
  21   21     18   10   0.15559141321023656
  21   21     18   11   -0.95504582935799542
  21   21     18   12   0.11137380208096581
  21   21     18   13   -0.54172814944436964
  21   21     18   14   0.14269628372231419
  21   21     18   15   3.4739459757873656
  21   21     18   16   -0.83352332569073539
  21   21     18   17   2.1254395615123256
  21   21     18   18   -1.6950667022570907
  21   21     18   19   0.056116523307568715
  21   21     18   20   -0.77248176115675948
  21   21     18   21   1.0227989752401361
  21   21     18   22   0.81144623651722692
  21   21     18   23   0.019390158634826835
  21   21     18   24   0.89821545026963312
  21   21     18   25   -0.57734418440662227
  21   21     18   26   -0.40363981149268013
  21   21     18   27   0.99691458321332005
  21   21     19    0   0.31297304607361576
  21   21     19    1   -0.10524773774865799
  21   21     19    2   0.33917649843219677
  21   21     19    3   0.15425621061107891
  21   21     19    4   0.48206525591379945
  21   21     19    5   -2.0226722887454618
  21   21     19    6   0.076989351170693637
  21   21     19    7   0.84335248874791635
  21   21     19    8   0.96907530099281769
  21   21     19    9   -0.42156138840712298
  21   21     19   10   -0.49414231091939448
  21   21     19   11   -0.38653003368665495
  21   21     19   12   -0.028264063655540721
  21   21     19   13   -0.35659480372117192
  21   21     19   14   -0.53862234248210739
  21   21     19   15   0.88242645943237097
  21   21     19   16   -0.40669923482169357
  21   21     19   17   -0.75971280175694844
  21   21     19   18   0.056116523307568715
  21   21     19   19   0.13404819042805824
  21   21     19   20   -0.033172066349568118
  21   21     19   21   0.8114719418384877
  21   21     19   22   -3.5778412621544606
  21   21     19   23   0.82709249773601323
  21   21     19   24   -0.58838239375033952
  21   21     19   25   0.1581661050061168
  21   21     19   26   -0.56944156101423615
  21   21     19   27   -0.10602763478854345
  21   21     20    0   0.69216836994034403
  21   21     20    1   -0.2999117888651186
  21   21     20    2   -0.35657849883740295
  21   21     20    3   0.10105491123140983
  21   21     20    4   1.4992043816891392
  21   21     20    5   -0.72815618350579336
  21   21     20    6   -0.055403262048168769
  21   21     20    7   -0.050901663638449168
  21   21     20    8   -3.1047321162456445
  21   21     20    9   0.5189054243960205
  21   21     20   10   0.057688202729786912
  21   21     20   11   -0.0083045259756836746
  21   21     20   12   -0.011875741001807921
  21   21     20   13   -0.76504933769533567
  21   21     20   14   0.17098588554085006
  21   21     20   15   2.5679308453461038
  21   21     20   16   1.6285353059904017
  21   21     20   17   3.0655759474505384
  21   21     20   18   -0.77248176115675948
  21   21     20   19   -0.033172066349568118
  21   21     20   20   -1.0829722566138325
  21   21     20   21   0.032488306737332127
  21   21     20   22   0.81165926740865679
  21   21     20   23   0.60640852412512791
  21   21     20   24   1.1445635333252742
  21   21     20   25   -0.18104082385671932
  21   21     20   26   -0.14300370340144836
  21   21     20   27   4.7123028110245784
  21   21     21    0   0.15852352038230461
  21   21     21    1   -0.43793690345907704
  21   21     21    2   -0.82278003595047855
  21   21     21    3   0.63905397005989828
  21   21     21    4   -0.052913758226974784
  21   21     21    5   -1.631697887309278
  21   21     21    6   -2.1067781130558889
  21   21     21    7   1.236614981027583
  21   21     21    8   -1.0624059987961891
  21   21     21    9   -3.2606399313316388
  21   21     21   10   0.14271089302412587
  21   21     21   11   3.4739768519099234
  21   21     21   12   -0.81813862288561756
  21   21     21   13   2.0970262593408378
  21   21     21   14   0.15557294839688415
  21   21     21   15   -0.95505913935007802
  21   21     21   16   0.10992354718178493
  21   21     21   17   -0.52355056904850017
  21   21     21   18   1.0227989752401361
  21   21     21   19   0.8114719418384877
  21   21     21   20   0.032488306737332127
  21   21     21   21   -1.6950731715615963
  21   21     21   22   0.056132515958448564
  21   21     21   23   -0.75518307199236068
  21   21     21   24   -0.40317560967804938
  21   21     21   25   0.99551784684541056
  21   21     21   26   0.90082733273125071
  21   21     21   27   -0.57932899185790099
  21   21     22    0   0.34085098706581352
  21   21     22    1   0.15448455561158753
  21   21     22    2   0.31134269733625797
  21   21     22    3   -0.10478386519585248
  21   21     22    4   0.075984609822286622
  21   21     22    5   0.84416675524662488
  21   21     22    6   0.47915258070224931
  21   21     22    7   -2.0111358793267318
  21   21     22    8   -0.42958825750553431
  21   21     22    9   0.97818605964486383
  21   21     22   10   -0.53862288092781996
  21   21     22   11   0.88237692280416202
  21   21     22   12   -0.41225105795577466
  21   21     22   13   -0.75203169616100496
  21   21     22   14   -0.49413685817743241
  21   21     22   15   -0.38645549741088381
  21   21     22   16   -0.028292978505341761
  21   21     22   17   -0.34966252214171861
  21   21     22   18   0.81144623651722692
  21   21     22   19   -3.5778412621544606
  21   21     22   20   0.81165926740865679
  21   21     22   21   0.056132515958448564
  21   21     22   22   0.13400513653362028
  21   21     22   23   -0.042470272694058099
  21   21     22   24   -0.56833724672538843
  21   21     22   25   -0.10537642146071079
  21   21     22   26   -0.58939828945140371
  21   21     22   27   0.15834638697849535
  21   21     23    0   -0.35940209613057289
  21   21     23    1   0.12999713909881283
  21   21     23    2   0.71627990788419582
  21   21     23    3   -0.30527554520693745
  21   21     23    4   -0.048011909631709843
  21   21     23    5   -0.035423842200035319
  21   21     23    6   1.5457380496772453
  21   21     23    7   -0.7516913022821341
  21   21     23    8   0.51839242859470902
  21   21     23    9   -3.2378556680541708
  21   21     23   10   0.16569260275042513
  21   21     23   11   2.5726611555290875
  21   21     23   12   1.6309148714489734
  21   21     23   13   3.0457349790808066
  21   21     23   14   0.047659685270224759
  21   21     23   15   0.009676669019403783
  21   21     23   16   -0.01573492067461349
  21   21     23   17   -0.77483459246693254
  21   21     23   18   0.019390158634826835
  21   21     23   19   0.82709249773601323
  21   21     23   20   0.60640852412512791
  21   21     23   21   -0.75518307199236068
  21   21     23   22   -0.042470272694058099
  21   21     23   23   -1.0842661281859804
  21   21     23   24   -0.14508382323330127
  21   21     23   25   4.7228269252461921
  21   21     23   26   1.1351585440051821
  21   21     23   27   -0.18208715756895882
  21   21     24    0   0.17586580369145702
  21   21     24    1   0.22641533277148077
  21   21     24    2   0.20811931824590083
  21   21     24    3   -0.12268220897005933
  21   21     24    4   -2.0561051657699112
  21   21     24    5   0.067865958150514286
  21   21     24    6   0.28794032594461821
  21   21     24    7   0.72632578308387385
  21   21     24    8   5.9032785590075578
  21   21     24    9   -0.10973075131450048
  21   21     24   10   -0.31245685028241155
  21   21     24   11   0.66860523476535771
  21   21     24   12   -0.25385274602887103
  21   21     24   13   -0.15811271466653579
  21   21     24   14   -0.22466033335130425
  21   21     24   15   -1.1458336911368923
  21   21     24   16   -2.1809451220734037
  21   21     24   17   -3.9041680642028718
  21   21     24   18   0.89821545026963312
  21   21     24   19   -0.58838239375033952
  21   21     24   20   1.1445635333252744
  21   21     24   21   -0.40317560967804938
  21   21     24   22   -0.56833724672538843
  21   21     24   23   -0.14508382323330132
  21   21     24   24   -0.73204418765516366
  21   21     24   25   0.33154262111246474
  21   21     24   26   -0.42128816224394317
  21   21     24   27   -1.6228031193517656
  21   21     25    0   0.30319541394903338
  21   21     25    1   0.017264381562459755
  21   21     25    2   -0.076681120630907915
  21   21     25    3   0.35612756257937195
  21   21     25    4   -0.87005211014124695
  21   21     25    5   -3.6968778517868932
  21   21     25    6   0.47414360936070787
  21   21     25    7   0.14469123796013036
  21   21     25    8   -1.154755360280656
  21   21     25    9   -0.69942128603753695
  21   21     25   10   -0.42853071800737119
  21   21     25   11   -1.160776628350858
  21   21     25   12   -0.66063544241846617
  21   21     25   13   -0.85082466879021146
  21   21     25   14   -0.79531762461264865
  21   21     25   15   0.62390189920455796
  21   21     25   16   -1.1787687681541219
  21   21     25   17   0.79621563153268371
  21   21     25   18   -0.57734418440662227
  21   21     25   19   0.1581661050061168
  21   21     25   20   -0.18104082385671938
  21   21     25   21   0.99551784684541056
  21   21     25   22   -0.10537642146071079
  21   21     25   23   4.7228269252461912
  21   21     25   24   0.33154262111246474
  21   21     25   25   -0.73678855674931454
  21   21     25   26   -1.622900657770477
  21   21     25   27   0.043115059916285434
  21   21     26    0   0.2095831812540247
  21   21     26    1   -0.10944938139418671
  21   21     26    2   0.17664404781379758
  21   21     26    3   0.22476365279399912
  21   21     26    4   0.29089795841478477
  21   21     26    5   0.74420708317233253
  21   21     26    6   -2.0276142036624396
  21   21     26    7   0.068012796903410846
  21   21     26    8   -0.11321877342365591
  21   21     26    9   6.0106659101096582
  21   21     26   10   -0.22437717961131284
  21   21     26   11   -1.1497743477923572
  21   21     26   12   -2.1765334707485229
  21   21     26   13   -3.8530732474763383
  21   21     26   14   -0.31270352910512506
  21   21     26   15   0.67015942639961978
  21   21     26   16   -0.25192394691245112
  21   21     26   17   -0.15526523385092536
  21   21     26   18   -0.40363981149268013
  21   21     26   19   -0.56944156101423615
  21   21     26   20   -0.14300370340144836
  21   21     26   21   0.90082733273125071
  21   21     26   22   -0.58939828945140371
  21   21     26   23   1.1351585440051819
  21   21     26   24   -0.42128816224394317
  21   21     26   25   -1.622900657770477
  21   21     26   26   -0.73292419762710925
  21   21     26   27   0.33004910608908272
  21   21     27    0   -0.063546491971372104
  21   21     27    1   0.35403706714186162
  21   21     27    2   0.30152797230904321
  21   21     27    3   0.017556964905089401
  21   21     27    4   0.48559789608042364
  21   21     27    5   0.14221320910223587
  21   21     27    6   -0.85491650129868502
  21   21     27    7   -3.6576821231109227
  21   21     27    8   -0.71566580631220855
  21   21     27    9   -1.1765776307599507
  21   21     27   10   -0.79810611064095027
  21   21     27   11   0.62666940027405771
  21   21     27   12   -1.1799509087029707
  21   21     27   13   0.78503203968174795
  21   21     27   14   -0.42938707400904608
  21   21     27   15   -1.1626355297522537
  21   21     27   16   -0.65357282315962006
  21   21     27   17   -0.83867581783104606
  21   21     27   18   0.99691458321332005
  21   21     27   19   -0.10602763478854345
  21   21     27   20   4.7123028110245784
  21   21     27   21   -0.57932899185790099
  21   21     27   22   0.15834638697849535
  21   21     27   23   -0.18208715756895882
  21   21     27   24   -1.6228031193517656
  21   21     27   25   0.043115059916285427
  21   21     27   26   0.33004910608908272
  21   21     27   27   -0.73687649686944812
  22   22      0    0   -1.2282753296331235
  22   22      0    1   -1.5079963069047713
  22   22      0    2   0.49593253307563107
  22   22      0    3   -0.98265716424319216
  22   22      0    4   -1.8178422999396906
  22   22      0    5   -0.13127561081780739
  22   22      0    6   0.16176157770492655
  22   22      0    7   0.32602859649680188
  22   22      0    8   -0.10637003227309416
  22   22      0    9   -0.27460405790434333
  22   22      0   10   0.17632990493313389
  22   22      0   11   -0.13421519053038181
  22   22      0   12   0.24837859733553547
  22   22      1    0   -1.5079963069047713
  22   22      1    1   -1.0150066205479034
  22   22      1    2   0.11378417549113719
  22   22      1    3   -0.30318949441249832
  22   22      1    4   -0.52380186935702622
  22   22      1    5   0.31180452413644821
  22   22      1    6   1.9354728919910269
  22   22      1    7   2.7571589190320416
  22   22      1    8   -0.081939876898950922
  22   22      1    9   0.17224523274291575
  22   22      1   10   -0.10058002330619971
  22   22      1   11   -0.1108412452358209
  22   22      1   12   0.022173766246174714
  22   22      2    0   0.49593253307563118
  22   22      2    1   0.11378417549113719
  22   22      2    2   -0.65221079758918932
  22   22      2    3   0.53736229944019631
  22   22      2    4   -0.18405782874301829
  22   22      2    5   -0.28042577643029498
  22   22      2    6   -4.1858823425603928
  22   22      2    7   -0.41413368999636252
  22   22      2    8   0.43360074463058906
  22   22      2    9   -0.0025182411241975546
  22   22      2   10   0.23836741458094463
  22   22      2   11   0.069805531511217933
  22   22      2   12   0.075689424705197114
  22   22      3    0   -0.98265716424319194
  22   22      3    1   -0.30318949441249832
  22   22      3    2   0.53736229944019631
  22   22      3    3   -0.085618823573735681
  22   22      3    4   -0.82284332554398831
  22   22      3    5   -0.73084086248721214
  22   22      3    6   0.047501219556632099
  22   22      3    7   -1.7933694940168599
  22   22      3    8   0.25619401064026542
  22   22      3    9   -0.0017408327049074203
  22   22      3   10   -0.097162549238946766
  22   22      3   11   0.339441032030803
  22   22      3   12   0.31076872348734969
  22   22      4    0   -1.8178422999396902
  22   22      4    1   -0.52380186935702611
  22   22      4    2   -0.18405782874301829
  22   22      4    3   -0.82284332554398831
  22   22      4    4   -0.78962827384003076
  22   22      4    5   0.82701344132973098
  22   22      4    6   -3.0553363976670198
  22   22      4    7   3.6601944798225299
  22   22      4    8   0.27334624534813462
  22   22      4    9   0.33918612196499565
  22   22      4   10   -0.34173649743048418
  22   22      4   11   0.13825716261322069
  22   22      4   12   -0.30154533178989196
  22   22      5    0   -0.13127561081780742
  22   22      5    1   0.31180452413644821
  22   22      5    2   -0.28042577643029498
  22   22      5    3   -0.73084086248721214
  22   22      5    4   0.82701344132973087
  22   22      5    5   -0.15618732281464662
  22   22      5    6   -0.97571021716202255
  22   22      5    7   -1.2835928383247126
  22   22      5    8   -0.11263687502094356
  22   22      5    9   0.33686967022491349
  22   22      5   10   -0.14369497049650801
  22   22      5   11   -0.011627158637295777
  22   22      5   12   -0.16583869449318508
  22   22      6    0   0.16176157770492655
  22   22      6    1   1.9354728919910269
  22   22      6    2   -4.1858823425603928
  22   22      6    3   0.047501219556632099
  22   22      6    4   -3.0553363976670198
  22   22      6    5   -0.97571021716202255
  22   22      6    6   -0.58492608080496067
  22   22      6    7   -0.078981796130395673
  22   22      6    8   -4.3299315759707016
  22   22      6    9   -0.72974110216031629
  22   22      6   10   -1.3114105600540897
  22   22      6   11   -1.4763568284545154
  22   22      6   12   0.46724319088381017
  22   22      7    0   0.32602859649680199
  22   22      7    1   2.7571589190320416
  22   22      7    2   -0.41413368999636252
  22   22      7    3   -1.7933694940168599
  22   22      7    4   3.6601944798225299
  22   22      7    5   -1.2835928383247124
  22   22      7    6   -0.078981796130395673
  22   22      7    7   -0.16181264623012931
  22   22      7    8   0.082798786270331701
  22   22      7    9   -3.1175249552984563
  22   22      7   10   3.3733864539433518
  22   22      7   11   -0.79337775984529202
  22   22      7   12   0.54577917234304496
  22   22      8    0   -0.10637003227309416
  22   22      8    1   -0.081939876898950922
  22   22      8    2   0.43360074463058906
  22   22      8    3   0.25619401064026542
  22   22      8    4   0.27334624534813462
  22   22      8    5   -0.11263687502094356
  22   22      8    6   -4.3299315759707016
  22   22      8    7   0.082798786270331701
  22   22      8    8   -0.45462977466845234
  22   22      8    9   -0.21639195901126662
  22   22      8   10   0.009645355215424381
  22   22      8   11   -0.26115125163422676
  22   22      8   12   0.063428228539539819
  22   22      9    0   -0.27460405790434322
  22   22      9    1   0.17224523274291575
  22   22      9    2   -0.0025182411241975546
  22   22      9    3   -0.0017408327049074203
  22   22      9    4   0.33918612196499565
  22   22      9    5   0.33686967022491349
  22   22      9    6   -0.72974110216031629
  22   22      9    7   -3.1175249552984563
  22   22      9    8   -0.21639195901126662
  22   22      9    9   -0.43519094822717908
  22   22      9   10   0.02903217034483168
  22   22      9   11   0.003441279443746371
  22   22      9   12   -0.012323108542453618
  22   22     10    0   0.17632990493313411
  22   22     10    1   -0.10058002330619971
  22   22     10    2   0.23836741458094465
  22   22     10    3   -0.09716254923894671
  22   22     10    4   -0.34173649743048407
  22   22     10    5   -0.14369497049650801
  22   22     10    6   -1.3114105600540897
  22   22     10    7   3.3733864539433518
  22   22     10    8   0.009645355215424381
  22   22     10    9   0.029032170344831652
  22   22     10   10   -0.34898233574430731
  22   22     10   11   0.047679452504154361
  22   22     10   12   -0.15837916475718661
  22   22     11    0   -0.13421519053038181
  22   22     11    1   -0.11084124523582091
  22   22     11    2   0.069805531511217933
  22   22     11    3   0.339441032030803
  22   22     11    4   0.13825716261322069
  22   22     11    5   -0.011627158637295774
  22   22     11    6   -1.4763568284545154
  22   22     11    7   -0.79337775984529202
  22   22     11    8   -0.26115125163422676
  22   22     11    9   0.0034412794437463676
  22   22     11   10   0.047679452504154361
  22   22     11   11   -0.40227229126128883
  22   22     11   12   0.019788223459285107
  22   22     12    0   0.24837859733553552
  22   22     12    1   0.022173766246174727
  22   22     12    2   0.075689424705197114
  22   22     12    3   0.31076872348734969
  22   22     12    4   -0.30154533178989196
  22   22     12    5   -0.16583869449318503
  22   22     12    6   0.46724319088381017
  22   22     12    7   0.54577917234304474
  22   22     12    8   0.063428228539539819
  22   22     12    9   -0.012323108542453618
  22   22     12   10   -0.15837916475718661
  22   22     12   11   0.019788223459285107
  22   22     12   12   -0.30566218482944768
  23   23      0    0   -0.74700164788557877
  23   23      0    1   -1.5110714934376523
  23   23      0    2   -1.9008716670596923
  23   23      0    3   -1.7154250625108742
  23   23      0    4   4.5152109409850176
  23   23      0    5   -0.038652180424316326
  23   23      0    6   0.73257443595078231
  23   23      0    7   0.045173457530737891
  23   23      0    8   -0.63822621738749485
  23   23      0    9   -0.65599463107230205
  23   23      0   10   0.64060253173824344
  23   23      0   11   0.33558043934520304
  23   23      0   12   0.37776134101131209
  23   23      0   13   0.21653897800591645
  23   23      1    0   -1.5110714934376523
  23   23      1    1   0.018088115220605737
  23   23      1    2   -2.6242542039065868
  23   23      1    3   -3.2854112142743408
  23   23      1    4   0.042017007449786287
  23   23      1    5   1.1280459127894884
  23   23      1    6   -0.29323744031220095
  23   23      1    7   -0.53392347461718281
  23   23      1    8   -0.040228796808398193
  23   23      1    9   0.21925454749694426
  23   23      1   10   0.024773071608257358
  23   23      1   11   -0.20118782303860822
  23   23      1   12   0.094343305281392661
  23   23      1   13   0.36867375063560515
  23   23      2    0   -1.9008716670596928
  23   23      2    1   -2.6242542039065868
  23   23      2    2   -3.8017937456231161
  23   23      2    3   -4.1662149284269629
  23   23      2    4   1.6834912697059827
  23   23      2    5   -4.2644423148611885
  23   23      2    6   2.1857892897422433
  23   23      2    7   -1.6793080088013499
  23   23      2    8   0.35902596995791525
  23   23      2    9   -2.1494577850564953
  23   23      2   10   0.51556322398364895
  23   23      2   11   1.4632018559933748
  23   23      2   12   -1.7833905016290106
  23   23      2   13   -0.39369609585971238
  23   23      3    0   -1.715425062510874
  23   23      3    1   -3.2854112142743404
  23   23      3    2   -4.1662149284269629
  23   23      3    3   -0.84797432543618134
  23   23      3    4   6.1487758629466258
  23   23      3    5   1.4939245346761876
  23   23      3    6   -3.4383416366463315
  23   23      3    7   -1.2133282903060121
  23   23      3    8   -3.2433170094759225
  23   23      3    9   -0.36420985707952663
  23   23      3   10   -1.2033256533229202
  23   23      3   11   -0.80418461930390761
  23   23      3   12   0.77732128550893376
  23   23      3   13   -3.5670306705042005
  23   23      4    0   4.5152109409850176
  23   23      4    1   0.04201700744978628
  23   23      4    2   1.6834912697059827
  23   23      4    3   6.1487758629466258
  23   23      4    4   -2.1314621508310951
  23   23      4    5   -0.56994582488378787
  23   23      4    6   -0.73446977685555193
  23   23      4    7   -0.0044632864167507905
  23   23      4    8   0.33649181051031107
  23   23      4    9   -4.3606583624122255
  23   23      4   10   0.5762837903535285
  23   23      4   11   -2.6420348256680786
  23   23      4   12   5.9805987871488071
  23   23      4   13   -1.8613374606950279
  23   23      5    0   -0.038652180424316326
  23   23      5    1   1.1280459127894884
  23   23      5    2   -4.2644423148611885
  23   23      5    3   1.4939245346761876
  23   23      5    4   -0.56994582488378787
  23   23      5    5   -2.7226161095687877
  23   23      5    6   -2.1467725890954026
  23   23      5    7   -2.6511809072906356
  23   23      5    8   -0.68358230268826559
  23   23      5    9   0.26958211245573976
  23   23      5   10   -1.0089460098025376
  23   23      5   11   0.21397138213973593
  23   23      5   12   -0.49410062296391916
  23   23      5   13   -1.2115304748108988
  23   23      6    0   0.73257443595078231
  23   23      6    1   -0.29323744031220095
  23   23      6    2   2.1857892897422433
  23   23      6    3   -3.4383416366463315
  23   23      6    4   -0.73446977685555193
  23   23      6    5   -2.1467725890954026
  23   23      6    6   0.086525686083829198
  23   23      6    7   0.461222449028929
  23   23      6    8   0.30895933575477968
  23   23      6    9   2.5085684481139974
  23   23      6   10   0.5076475601843029
  23   23      6   11   2.5651424777267189
  23   23      6   12   -0.45818869190497213
  23   23      6   13   -0.51926619695652032
  23   23      7    0   0.045173457530737947
  23   23      7    1   -0.53392347461718281
  23   23      7    2   -1.6793080088013499
  23   23      7    3   -1.2133282903060123
  23   23      7    4   -0.0044632864167507905
  23   23      7    5   -2.6511809072906356
  23   23      7    6   0.461222449028929
  23   23      7    7   -1.4305202531513985
  23   23      7    8   -0.65920660684153587
  23   23      7    9   -0.71082233470022516
  23   23      7   10   -0.43764909584536543
  23   23      7   11   1.586764465904027
  23   23      7   12   -2.4021938049016742
  23   23      7   13   -1.8329350939974816
  23   23      8    0   -0.63822621738749485
  23   23      8    1   -0.040228796808398207
  23   23      8    2   0.35902596995791536
  23   23      8    3   -3.2433170094759225
  23   23      8    4   0.33649181051031107
  23   23      8    5   -0.68358230268826559
  23   23      8    6   0.30895933575477968
  23   23      8    7   -0.65920660684153587
  23   23      8    8   -0.93491521445752701
  23   23      8    9   1.5364082237826791
  23   23      8   10   -1.1088928298122875
  23   23      8   11   2.2380132988238297
  23   23      8   12   -3.9881149807017016
  23   23      8   13   -0.042495467220603399
  23   23      9    0   -0.65599463107230205
  23   23      9    1   0.21925454749694426
  23   23      9    2   -2.1494577850564953
  23   23      9    3   -0.36420985707952663
  23   23      9    4   -4.3606583624122255
  23   23      9    5   0.26958211245573976
  23   23      9    6   2.5085684481139974
  23   23      9    7   -0.71082233470022516
  23   23      9    8   1.5364082237826791
  23   23      9    9   -0.66008301960322768
  23   23      9   10   0.85900285924865161
  23   23      9   11   -0.74077317213449156
  23   23      9   12   0.47623070638112247
  23   23      9   13   0.40389844610941023
  23   23     10    0   0.64060253173824344
  23   23     10    1   0.024773071608257358
  23   23     10    2   0.51556322398364895
  23   23     10    3   -1.2033256533229202
  23   23     10    4   0.5762837903535285
  23   23     10    5   -1.0089460098025376
  23   23     10    6   0.5076475601843029
  23   23     10    7   -0.43764909584536543
  23   23     10    8   -1.1088928298122875
  23   23     10    9   0.85900285924865161
  23   23     10   10   -3.4058487632659884
  23   23     10   11   0.75627490663632002
  23   23     10   12   -1.1496768236842556
  23   23     10   13   0.09255376839580394
  23   23     11    0   0.33558043934520315
  23   23     11    1   -0.20118782303860844
  23   23     11    2   1.4632018559933746
  23   23     11    3   -0.80418461930390739
  23   23     11    4   -2.642034825668079
  23   23     11    5   0.21397138213973593
  23   23     11    6   2.5651424777267189
  23   23     11    7   1.5867644659040265
  23   23     11    8   2.2380132988238302
  23   23     11    9   -0.74077317213449156
  23   23     11   10   0.75627490663632002
  23   23     11   11   -0.4463853096205958
  23   23     11   12   0.97916840896132751
  23   23     11   13   4.5083365931370247
  23   23     12    0   0.37776134101131209
  23   23     12    1   0.094343305281392661
  23   23     12    2   -1.7833905016290106
  23   23     12    3   0.77732128550893365
  23   23     12    4   5.9805987871488071
  23   23     12    5   -0.49410062296391916
  23   23     12    6   -0.45818869190497213
  23   23     12    7   -2.4021938049016742
  23   23     12    8   -3.9881149807017016
  23   23     12    9   0.47623070638112247
  23   23     12   10   -1.1496768236842556
  23   23     12   11   0.97916840896132751
  23   23     12   12   -1.1141898934157122
  23   23     12   13   -1.2737940173477418
  23   23     13    0   0.21653897800591648
  23   23     13    1   0.3686737506356052
  23   23     13    2   -0.39369609585971249
  23   23     13    3   -3.5670306705042005
  23   23     13    4   -1.8613374606950277
  23   23     13    5   -1.2115304748108988
  23   23     13    6   -0.51926619695652032
  23   23     13    7   -1.8329350939974818
  23   23     13    8   -0.042495467220603343
  23   23     13    9   0.40389844610941023
  23   23     13   10   0.09255376839580394
  23   23     13   11   4.5083365931370247
  23   23     13   12   -1.2737940173477416
  23   23     13   13   -0.65959396759976663
  24   24      0    0   0.025736146737632911
  24   24      0    1   -1.9320464683039185
  24   24      0    2   0.78269789632329323
  24   24      0    3   -5.589099994772023
  24   24      0    4   -3.1512599674350694
  24   24      0    5   0.27175128264667253
  24   24      0    6   0.51221739574569236
  24   24      0    7   0.1864827072064035
  24   24      0    8   0.39292083890732327
  24   24      0    9   0.26294485816762586
  24   24      0   10   0.13418065526414039
  24   24      1    0   -1.9320464683039185
  24   24      1    1   -0.24628791910944728
  24   24      1    2   1.3428205359589038
  24   24      1    3   -3.0792016436050713
  24   24      1    4   -6.5469434855508704
  24   24      1    5   0.97869467243142239
  24   24      1    6   0.13381905050785259
  24   24      1    7   -0.010677960257121198
  24   24      1    8   -0.12148000811951323
  24   24      1    9   0.16615651020910244
  24   24      1   10   -0.56919804042589961
  24   24      2    0   0.78269789632329334
  24   24      2    1   1.3428205359589036
  24   24      2    2   -1.1316226535040732
  24   24      2    3   0.32092062130720822
  24   24      2    4   7.1060091290172434
  24   24      2    5   -0.0736009737394685
  24   24      2    6   -0.70915127687728297
  24   24      2    7   -0.17108525045367082
  24   24      2    8   -0.058874278782454034
  24   24      2    9   -0.61233163426960902
  24   24      2   10   0.27139866301110444
  24   24      3    0   -5.589099994772023
  24   24      3    1   -3.0792016436050713
  24   24      3    2   0.32092062130720822
  24   24      3    3   -0.16996560322955995
  24   24      3    4   -1.2049298541303282
  24   24      3    5   -3.6516110988501196
  24   24      3    6   2.1562096641039252
  24   24      3    7   -2.4651604049441693
  24   24      3    8   0.37169987610722161
  24   24      3    9   0.095638145094633628
  24   24      3   10   0.88681906469221772
  24   24      4    0   -3.1512599674350694
  24   24      4    1   -6.5469434855508704
  24   24      4    2   7.1060091290172434
  24   24      4    3   -1.2049298541303282
  24   24      4    4   -1.7778824577465202
  24   24      4    5   0.64832758998517004
  24   24      4    6   -2.390863125866769
  24   24      4    7   -0.72629748834170649
  24   24      4    8   -2.6532101228700782
  24   24      4    9   -0.99883839494381843
  24   24      4   10   1.9936837850293287
  24   24      5    0   0.27175128264667253
  24   24      5    1   0.97869467243142239
  24   24      5    2   -0.0736009737394685
  24   24      5    3   -3.6516110988501196
  24   24      5    4   0.64832758998517004
  24   24      5    5   -0.15787379535647303
  24   24      5    6   -0.47542104139737956
  24   24      5    7   -0.28742363526944248
  24   24      5    8   -0.38132169770790625
  24   24      5    9   -0.29747138875890822
  24   24      5   10   0.30865538691218025
  24   24      6    0   0.51221739574569236
  24   24      6    1   0.13381905050785259
  24   24      6    2   -0.70915127687728297
  24   24      6    3   2.1562096641039252
  24   24      6    4   -2.390863125866769
  24   24      6    5   -0.47542104139737956
  24   24      6    6   -0.0030865796249462795
  24   24      6    7   -0.17676490217618934
  24   24      6    8   -0.00085323434809608627
  24   24      6    9   -0.5824434326950384
  24   24      6   10   0.73031098793886107
  24   24      7    0   0.18648270720640345
  24   24      7    1   -0.010677960257121198
  24   24      7    2   -0.17108525045367085
  24   24      7    3   -2.4651604049441693
  24   24      7    4   -0.72629748834170649
  24   24      7    5   -0.28742363526944248
  24   24      7    6   -0.17676490217618934
  24   24      7    7   -0.089150728057839024
  24   24      7    8   -0.50409193700234434
  24   24      7    9   -0.3279690038686397
  24   24      7   10   0.9680540403981992
  24   24      8    0   0.39292083890732321
  24   24      8    1   -0.12148000811951312
  24   24      8    2   -0.058874278782454034
  24   24      8    3   0.37169987610722161
  24   24      8    4   -2.6532101228700782
  24   24      8    5   -0.38132169770790625
  24   24      8    6   -0.00085323434809608627
  24   24      8    7   -0.50409193700234434
  24   24      8    8   -0.4235159598955206
  24   24      8    9   -0.50507200003286734
  24   24      8   10   0.9643118841704712
  24   24      9    0   0.26294485816762586
  24   24      9    1   0.16615651020910244
  24   24      9    2   -0.61233163426960902
  24   24      9    3   0.095638145094633628
  24   24      9    4   -0.99883839494381843
  24   24      9    5   -0.29747138875890822
  24   24      9    6   -0.5824434326950384
  24   24      9    7   -0.3279690038686397
  24   24      9    8   -0.50507200003286734
  24   24      9    9   0.29559512592861487
  24   24      9   10   -0.091531678116142906
  24   24     10    0   0.13418065526414039
  24   24     10    1   -0.56919804042589961
  24   24     10    2   0.27139866301110432
  24   24     10    3   0.88681906469221772
  24   24     10    4   1.9936837850293287
  24   24     10    5   0.30865538691218025
  24   24     10    6   0.73031098793886107
  24   24     10    7   0.9680540403981992
  24   24     10    8   0.9643118841704712
  24   24     10    9   -0.091531678116142906
  24   24     10   10   -0.25819636694509646
  25   25      0    0   -0.48621145618827044
  25   25      0    1   -3.8796272719952967
  25   25      0    2   0.25606362722375231
  25   25      0    3   0.03287688567705422
  25   25      0    4   0.68357131714423069
  25   25      0    5   0.22856997376586302
  25   25      0    6   -0.23333814115992219
  25   25      0    7   0.014893485616630155
  25   25      1    0   -3.8796272719952967
  25   25      1    1   4.6003809241769522
  25   25      1    2   -3.120999648447754
  25   25      1    3   1.4294130715024316
  25   25      1    4   -2.6381535442134614
  25   25      1    5   -1.7565253531566012
  25   25      1    6   0.17272690607525329
  25   25      1    7   -4.8561861359501908
  25   25      2    0   0.25606362722375231
  25   25      2    1   -3.120999648447754
  25   25      2    2   2.8834505611968964
  25   25      2    3   1.2437392059465369
  25   25      2    4   1.2797822707947089
  25   25      2    5   0.081058818743257571
  25   25      2    6   0.094530543469944023
  25   25      2    7   -0.15239738335918268
  25   25      3    0   0.03287688567705422
  25   25      3    1   1.4294130715024316
  25   25      3    2   1.2437392059465369
  25   25      3    3   -0.44056357882887404
  25   25      3    4   -0.43619918414206604
  25   25      3    5   -4.2143820138631245
  25   25      3    6   -1.1175040388471833
  25   25      3    7   -0.094546396334038177
  25   25      4    0   0.68357131714423069
  25   25      4    1   -2.6381535442134618
  25   25      4    2   1.2797822707947089
  25   25      4    3   -0.43619918414206604
  25   25      4    4   1.4295632687092954
  25   25      4    5   0.56659300679304569
  25   25      4    6   -0.466277392959137
  25   25      4    7   3.9535013587800556
  25   25      5    0   0.22856997376586302
  25   25      5    1   -1.7565253531566012
  25   25      5    2   0.081058818743257571
  25   25      5    3   -4.2143820138631245
  25   25      5    4   0.56659300679304569
  25   25      5    5   -0.12742137143649876
  25   25      5    6   0.25006314239400362
  25   25      5    7   0.028690010204689458
  25   25      6    0   -0.23333814115992219
  25   25      6    1   0.17272690607525329
  25   25      6    2   0.094530543469944023
  25   25      6    3   -1.1175040388471833
  25   25      6    4   -0.466277392959137
  25   25      6    5   0.25006314239400362
  25   25      6    6   5.8230627002371209
  25   25      6    7   0.36048965473753819
  25   25      7    0   0.014893485616630155
  25   25      7    1   -4.8561861359501917
  25   25      7    2   -0.15239738335918268
  25   25      7    3   -0.094546396334038177
  25   25      7    4   3.9535013587800565
  25   25      7    5   0.028690010204689458
  25   25      7    6   0.36048965473753819
  25   25      7    7   0.16180727990513477
  26   26      0    0   -0.33012612224688581
  26   26      0    1   -0.215204767109303
  26   26      0    2   -0.10422757793852347
  26   26      0    3   -1.7813454487944749
  26   26      0    4   0.46934737797845483
  26   26      0    5   0.39391822774177326
  26   26      0    6   -4.033228180793377
  26   26      0    7   -0.45853154895783627
  26   26      0    8   -2.7825134783791179
  26   26      0    9   0.23592310941291511
  26   26      0   10   -0.16671628539301384
  26   26      0   11   0.21757331512600261
  26   26      0   12   0.14208155688638485
  26   26      0   13   0.70114284950818484
  26   26      0   14   -0.047503911491286098
  26   26      0   15   0.25802834879525571
  26   26      0   16   0.20398481246202438
  26   26      0   17   0.34416463716006129
  26   26      0   18   -0.25042601266864101
  26   26      1    0   -0.215204767109303
  26   26      1    1   -1.2783083095946046
  26   26      1    2   -1.7825748810776152
  26   26      1    3   0.51488919981291015
  26   26      1    4   -0.87743231958428303
  26   26      1    5   2.3103262639787157
  26   26      1    6   -2.2123136035168645
  26   26      1    7   -7.902079400690865
  26   26      1    8   1.1815017988275438
  26   26      1    9   0.71928623229542188
  26   26      1   10   1.3203028898997793
  26   26      1   11   -0.44168190102694582
  26   26      1   12   -0.11072522185405213
  26   26      1   13   -1.1263772098663301
  26   26      1   14   0.46919907414662909
  26   26      1   15   0.056364637724013081
  26   26      1   16   0.15283068397784969
  26   26      1   17   -0.28934206929457179
  26   26      1   18   -0.24985246797717603
  26   26      2    0   -0.10422757793852347
  26   26      2    1   -1.7825748810776152
  26   26      2    2   -0.33019058750436875
  26   26      2    3   -0.20530343656424377
  26   26      2    4   0.38996485128045427
  26   26      2    5   0.46235254047644464
  26   26      2    6   -4.0425038894166683
  26   26      2    7   -2.7882196108268515
  26   26      2    8   -0.45476538022077778
  26   26      2    9   0.2325339395183173
  26   26      2   10   0.69871378935752992
  26   26      2   11   -0.045175788487878517
  26   26      2   12   0.26276930936609172
  26   26      2   13   -0.16621398578489016
  26   26      2   14   0.21434690446664267
  26   26      2   15   0.13216826075580385
  26   26      2   16   0.20177137402896511
  26   26      2   17   -0.25226575666583279
  26   26      2   18   0.37310387875701018
  26   26      3    0   -1.7813454487944747
  26   26      3    1   0.51488919981291015
  26   26      3    2   -0.20530343656424377
  26   26      3    3   -1.2687249994114467
  26   26      3    4   2.3061178400143252
  26   26      3    5   -0.8811571074354354
  26   26      3    6   -2.2160972554118765
  26   26      3    7   1.1846636359981964
  26   26      3    8   -7.898166483012302
  26   26      3    9   0.71649106186162348
  26   26      3   10   -1.1231995308522036
  26   26      3   11   0.47075030758941799
  26   26      3   12   0.047755693003547518
  26   26      3   13   1.3086691512175459
  26   26      3   14   -0.47054165310678181
  26   26      3   15   -0.16811689553661296
  26   26      3   16   0.15298126810347865
  26   26      3   17   -0.25335013248956845
  26   26      3   18   -0.29828869350580417
  26   26      4    0   0.46934737797845494
  26   26      4    1   -0.87743231958428314
  26   26      4    2   0.38996485128045427
  26   26      4    3   2.3061178400143252
  26   26      4    4   -1.9450152780001611
  26   26      4    5   0.33530115952411521
  26   26      4    6   0.26508123037923714
  26   26      4    7   -0.65629356723969945
  26   26      4    8   7.8996082766321152
  26   26      4    9   -0.08149907481365011
  26   26      4   10   0.79416488219620829
  26   26      4   11   -0.21562165254330537
  26   26      4   12   0.20217051118569071
  26   26      4   13   -1.5629570458750883
  26   26      4   14   0.031520955459832932
  26   26      4   15   -0.23145139041893764
  26   26      4   16   -0.45476456053258324
  26   26      4   17   0.048985985748181235
  26   26      4   18   0.27677378428892307
  26   26      5    0   0.39391822774177326
  26   26      5    1   2.3103262639787157
  26   26      5    2   0.46235254047644464
  26   26      5    3   -0.88115710743543552
  26   26      5    4   0.33530115952411521
  26   26      5    5   -1.9353499049751055
  26   26      5    6   0.26070250487920144
  26   26      5    7   7.972026848690569
  26   26      5    8   -0.6532798620256528
  26   26      5    9   -0.076645166534843101
  26   26      5   10   -1.5514954254935056
  26   26      5   11   0.030507157206815544
  26   26      5   12   -0.24748561488011803
  26   26      5   13   0.78419829244697381
  26   26      5   14   -0.20490898566434471
  26   26      5   15   0.19337349451558683
  26   26      5   16   -0.44810953254397357
  26   26      5   17   0.27791518115228209
  26   26      5   18   -0.0036218701191897151
  26   26      6    0   -4.033228180793377
  26   26      6    1   -2.2123136035168645
  26   26      6    2   -4.0425038894166683
  26   26      6    3   -2.2160972554118765
  26   26      6    4   0.26508123037923714
  26   26      6    5   0.26070250487920144
  26   26      6    6   -0.60265699141725027
  26   26      6    7   -0.89887523891116516
  26   26      6    8   -0.89883906398762636
  26   26      6    9   -3.5693852672321702
  26   26      6   10   1.5195082878782709
  26   26      6   11   -1.6860887575010761
  26   26      6   12   0.26964226879703768
  26   26      6   13   1.5195572946796929
  26   26      6   14   -1.7210613984239183
  26   26      6   15   0.26501404407953383
  26   26      6   16   0.13128003998621052
  26   26      6   17   0.59193362198247268
  26   26      6   18   0.61296347674646334
  26   26      7    0   -0.45853154895783627
  26   26      7    1   -7.902079400690865
  26   26      7    2   -2.7882196108268515
  26   26      7    3   1.1846636359981964
  26   26      7    4   -0.65629356723969945
  26   26      7    5   7.972026848690569
  26   26      7    6   -0.89887523891116516
  26   26      7    7   -3.5463643845122692
  26   26      7    8   1.2365329521220538
  26   26      7    9   0.4958724458532926
  26   26      7   10   -0.88916523467764652
  26   26      7   11   -1.0245304883480775
  26   26      7   12   -2.3181787869961106
  26   26      7   13   -1.3989216666655988
  26   26      7   14   0.34813294336706857
  26   26      7   15   -0.17741132970850637
  26   26      7   16   -0.66684728314161423
  26   26      7   17   -0.41080121260741503
  26   26      7   18   2.3730308080607347
  26   26      8    0   -2.7825134783791179
  26   26      8    1   1.1815017988275438
  26   26      8    2   -0.45476538022077778
  26   26      8    3   -7.898166483012302
  26   26      8    4   7.8996082766321152
  26   26      8    5   -0.6532798620256528
  26   26      8    6   -0.89883906398762636
  26   26      8    7   1.2365329521220538
  26   26      8    8   -3.5464465583897282
  26   26      8    9   0.49585774092469254
  26   26      8   10   -1.3989148235980777
  26   26      8   11   0.35314188646135597
  26   26      8   12   -0.18868566610118184
  26   26      8   13   -0.88918154346266876
  26   26      8   14   -1.0508269875851428
  26   26      8   15   -2.4481551456218731
  26   26      8   16   -0.66687047074821793
  26   26      8   17   2.3055957164290577
  26   26      8   18   -0.42234155676912383
  26   26      9    0   0.23592310941291511
  26   26      9    1   0.71928623229542188
  26   26      9    2   0.2325339395183173
  26   26      9    3   0.71649106186162348
  26   26      9    4   -0.08149907481365011
  26   26      9    5   -0.076645166534843101
  26   26      9    6   -3.5693852672321702
  26   26      9    7   0.4958724458532926
  26   26      9    8   0.49585774092469254
  26   26      9    9   -0.54509583152115793
  26   26      9   10   -0.34789150803506336
  26   26      9   11   -0.23405285597579725
  26   26      9   12   -0.28537686228873271
  26   26      9   13   -0.34791482920242212
  26   26      9   14   -0.23213603502599131
  26   26      9   15   -0.28401353872978746
  26   26      9   16   -0.31674037552669959
  26   26      9   17   0.24642945610627739
  26   26      9   18   0.23919802517526037
  26   26     10    0   -0.16671628539301384
  26   26     10    1   1.3203028898997793
  26   26     10    2   0.69871378935752992
  26   26     10    3   -1.1231995308522036
  26   26     10    4   0.79416488219620829
  26   26     10    5   -1.5514954254935056
  26   26     10    6   1.5195082878782709
  26   26     10    7   -0.88916523467764652
  26   26     10    8   -1.3989148235980777
  26   26     10    9   -0.34789150803506336
  26   26     10   10   -1.460316645882354
  26   26     10   11   -0.22048107502481357
  26   26     10   12   -0.6448046075751539
  26   26     10   13   1.0649220284324237
  26   26     10   14   0.018325764770866105
  26   26     10   15   0.57803194243957456
  26   26     10   16   -0.42307028056159451
  26   26     10   17   -0.29635418156305127
  26   26     10   18   1.0483356569939029
  26   26     11    0   0.21757331512600261
  26   26     11    1   -0.44168190102694582
  26   26     11    2   -0.045175788487878503
  26   26     11    3   0.47075030758941799
  26   26     11    4   -0.21562165254330537
  26   26     11    5   0.030507157206815544
  26   26     11    6   -1.6860887575010761
  26   26     11    7   -1.0245304883480775
  26   26     11    8   0.35314188646135597
  26   26     11    9   -0.23405285597579725
  26   26     11   10   -0.22048107502481357
  26   26     11   11   -0.31071194699279442
  26   26     11   12   -0.19199902631861171
  26   26     11   13   0.019724625773688043
  26   26     11   14   -0.17079006987381665
  26   26     11   15   -0.36302881093680561
  26   26     11   16   -0.24268026768029327
  26   26     11   17   -0.016976966227416072
  26   26     11   18   1.0277488541729336
  26   26     12    0   0.14208155688638485
  26   26     12    1   -0.11072522185405236
  26   26     12    2   0.26276930936609172
  26   26     12    3   0.047755693003547518
  26   26     12    4   0.20217051118569074
  26   26     12    5   -0.24748561488011797
  26   26     12    6   0.26964226879703768
  26   26     12    7   -2.3181787869961106
  26   26     12    8   -0.18868566610118184
  26   26     12    9   -0.28537686228873271
  26   26     12   10   -0.6448046075751539
  26   26     12   11   -0.19199902631861171
  26   26     12   12   -0.9990188234299946
  26   26     12   13   0.59166088595934874
  26   26     12   14   -0.36526350631007765
  26   26     12   15   0.15571571172537377
  26   26     12   16   -0.37675411786732349
  26   26     12   17   -0.5932053354907485
  26   26     12   18   1.6034482662413496
  26   26     13    0   0.70114284950818484
  26   26     13    1   -1.1263772098663301
  26   26     13    2   -0.16621398578489016
  26   26     13    3   1.3086691512175459
  26   26     13    4   -1.5629570458750883
  26   26     13    5   0.78419829244697381
  26   26     13    6   1.5195572946796929
  26   26     13    7   -1.3989216666655988
  26   26     13    8   -0.88918154346266876
  26   26     13    9   -0.34791482920242212
  26   26     13   10   1.0649220284324237
  26   26     13   11   0.019724625773688043
  26   26     13   12   0.59166088595934874
  26   26     13   13   -1.4602825612409565
  26   26     13   14   -0.21331435643570729
  26   26     13   15   -0.61822724572717458
  26   26     13   16   -0.42303472273205406
  26   26     13   17   1.0617996669224112
  26   26     13   18   -0.28481261063256375
  26   26     14    0   -0.047503911491286098
  26   26     14    1   0.46919907414662909
  26   26     14    2   0.2143469044666427
  26   26     14    3   -0.47054165310678181
  26   26     14    4   0.031520955459832932
  26   26     14    5   -0.20490898566434471
  26   26     14    6   -1.7210613984239183
  26   26     14    7   0.34813294336706857
  26   26     14    8   -1.0508269875851428
  26   26     14    9   -0.23213603502599131
  26   26     14   10   0.018325764770866105
  26   26     14   11   -0.17079006987381665
  26   26     14   12   -0.36526350631007765
  26   26     14   13   -0.21331435643570729
  26   26     14   14   -0.31163542270978806
  26   26     14   15   -0.19053414258910245
  26   26     14   16   -0.24061074085936726
  26   26     14   17   1.0269071899980999
  26   26     14   18   -0.024069442376710087
  26   26     15    0   0.25802834879525571
  26   26     15    1   0.056364637724013081
  26   26     15    2   0.13216826075580385
  26   26     15    3   -0.16811689553661274
  26   26     15    4   -0.23145139041893764
  26   26     15    5   0.19337349451558683
  26   26     15    6   0.26501404407953383
  26   26     15    7   -0.17741132970850637
  26   26     15    8   -2.4481551456218731
  26   26     15    9   -0.28401353872978746
  26   26     15   10   0.57803194243957456
  26   26     15   11   -0.36302881093680561
  26   26     15   12   0.15571571172537377
  26   26     15   13   -0.61822724572717458
  26   26     15   14   -0.19053414258910245
  26   26     15   15   -0.99072807069281055
  26   26     15   16   -0.36921039057221366
  26   26     15   17   1.6018126340241274
  26   26     15   18   -0.59873154089430214
  26   26     16    0   0.20398481246202438
  26   26     16    1   0.15283068397784969
  26   26     16    2   0.20177137402896511
  26   26     16    3   0.15298126810347865
  26   26     16    4   -0.45476456053258324
  26   26     16    5   -0.44810953254397357
  26   26     16    6   0.13128003998621052
  26   26     16    7   -0.66684728314161423
  26   26     16    8   -0.66687047074821793
  26   26     16    9   -0.31674037552669959
  26   26     16   10   -0.42307028056159451
  26   26     16   11   -0.24268026768029327
  26   26     16   12   -0.37675411786732349
  26   26     16   13   -0.42303472273205406
  26   26     16   14   -0.24061074085936726
  26   26     16   15   -0.36921039057221366
  26   26     16   16   -0.078188426661127117
  26   26     16   17   -0.036861776092207324
  26   26     16   18   -0.038605658009353803
  26   26     17    0   0.34416463716006129
  26   26     17    1   -0.28934206929457179
  26   26     17    2   -0.25226575666583279
  26   26     17    3   -0.25335013248956839
  26   26     17    4   0.048985985748181179
  26   26     17    5   0.27791518115228203
  26   26     17    6   0.59193362198247268
  26   26     17    7   -0.41080121260741503
  26   26     17    8   2.3055957164290577
  26   26     17    9   0.24642945610627739
  26   26     17   10   -0.29635418156305127
  26   26     17   11   -0.016976966227416086
  26   26     17   12   -0.59320533549074861
  26   26     17   13   1.0617996669224112
  26   26     17   14   1.0269071899980999
  26   26     17   15   1.6018126340241274
  26   26     17   16   -0.036861776092207324
  26   26     17   17   -0.97584867086801896
  26   26     17   18   0.27543739049674526
  26   26     18    0   -0.25042601266864101
  26   26     18    1   -0.24985246797717603
  26   26     18    2   0.37310387875701007
  26   26     18    3   -0.29828869350580411
  26   26     18    4   0.27677378428892307
  26   26     18    5   -0.0036218701191896041
  26   26     18    6   0.61296347674646334
  26   26     18    7   2.3730308080607347
  26   26     18    8   -0.42234155676912383
  26   26     18    9   0.23919802517526037
  26   26     18   10   1.0483356569939029
  26   26     18   11   1.0277488541729336
  26   26     18   12   1.6034482662413498
  26   26     18   13   -0.28481261063256375
  26   26     18   14   -0.024069442376710059
  26   26     18   15   -0.59873154089430214
  26   26     18   16   -0.038605658009353803
  26   26     18   17   0.27543739049674526
  26   26     18   18   -0.97173100621162301
  27   27      0    0   -1.5604052484854813
  27   27      0    1   0.64888365299976525
  27   27      0    2   -5.6524987586118023
  27   27      0    3   1.7083456710445708
  27   27      0    4   0.66739703657963745
  27   27      0    5   -0.12902714945655561
  27   27      0    6   0.12479500684371563
  27   27      0    7   -0.40206745311810532
  27   27      0    8   0.150702559362346
  27   27      0    9   0.61416671688970004
  27   27      0   10   0.67300557780049386
  27   27      0   11   0.4245530776616222
  27   27      0   12   -0.44030517385757484
  27   27      0   13   -0.65001118124833446
  27   27      0   14   0.65420445542609773
  27   27      0   15   -0.65927872922974218
  27   27      1    0   0.64888365299976525
  27   27      1    1   -1.5565022599103504
  27   27      1    2   1.7039616884087463
  27   27      1    3   -5.6393435602903299
  27   27      1    4   -0.39898677820045408
  27   27      1    5   0.14953818391873372
  27   27      1    6   0.5675971204291046
  27   27      1    7   0.66353279755854322
  27   27      1    8   -0.12825645246265949
  27   27      1    9   0.10299154099608447
  27   27      1   10   -0.43753350232125987
  27   27      1   11   -0.64875182031970324
  27   27      1   12   0.67065843842064254
  27   27      1   13   0.4254409901841833
  27   27      1   14   -0.65184448772756276
  27   27      1   15   0.65416840592119907
  27   27      2    0   -5.6524987586118014
  27   27      2    1   1.7039616884087465
  27   27      2    2   -4.3337351452690704
  27   27      2    3   8.589951523666965
  27   27      2    4   -2.0746364201211027
  27   27      2    5   1.0640332785505855
  27   27      2    6   -2.7087870570320547
  27   27      2    7   -1.0350208783181516
  27   27      2    8   0.34974044355676165
  27   27      2    9   0.21797683648352745
  27   27      2   10   -0.35356601158140138
  27   27      2   11   1.5419685477214331
  27   27      2   12   -1.3893806382675216
  27   27      2   13   -1.3466178175188201
  27   27      2   14   -3.2361380347224822
  27   27      2   15   -1.6303410259911824
  27   27      3    0   1.7083456710445706
  27   27      3    1   -5.6393435602903308
  27   27      3    2   8.589951523666965
  27   27      3    3   -4.3275664125769113
  27   27      3    4   -1.0259131503877068
  27   27      3    5   0.34677528393731416
  27   27      3    6   0.19424512889946263
  27   27      3    7   -2.0544910203178737
  27   27      3    8   1.0522238550340202
  27   27      3    9   -2.8051894222791636
  27   27      3   10   -1.3809357380178062
  27   27      3   11   -1.3472565863995356
  27   27      3   12   -0.34348552355755074
  27   27      3   13   1.5422631018733566
  27   27      3   14   -1.6100729772642173
  27   27      3   15   -3.1806564647821265
  27   27      4    0   0.66739703657963745
  27   27      4    1   -0.39898677820045408
  27   27      4    2   -2.0746364201211027
  27   27      4    3   -1.0259131503877068
  27   27      4    4   -0.95975629096617432
  27   27      4    5   0.75921756954062203
  27   27      4    6   -0.72577876085747672
  27   27      4    7   3.5237134387772917
  27   27      4    8   0.50080297003708862
  27   27      4    9   1.9979721912309449
  27   27      4   10   -0.96491053004547411
  27   27      4   11   0.32357792987207701
  27   27      4   12   1.0441737135622351
  27   27      4   13   -0.2304551342086702
  27   27      4   14   -1.118184699226703
  27   27      4   15   0.95609747395180544
  27   27      5    0   -0.12902714945655561
  27   27      5    1   0.14953818391873372
  27   27      5    2   1.0640332785505855
  27   27      5    3   0.34677528393731416
  27   27      5    4   0.75921756954062203
  27   27      5    5   -0.94912877313607202
  27   27      5    6   0.25781021236765
  27   27      5    7   0.50077477120977909
  27   27      5    8   0.1708355367160441
  27   27      5    9   -0.70820968734607281
  27   27      5   10   -0.049703194848751811
  27   27      5   11   1.5522446150393454
  27   27      5   12   -4.1998682964914265
  27   27      5   13   -2.6923383861448338
  27   27      5   14   0.25125925312539554
  27   27      5   15   -0.3242609474708521
  27   27      6    0   0.1247950068437156
  27   27      6    1   0.5675971204291046
  27   27      6    2   -2.7087870570320542
  27   27      6    3   0.19424512889946274
  27   27      6    4   -0.72577876085747672
  27   27      6    5   0.25781021236765
  27   27      6    6   -1.9936790167102902
  27   27      6    7   1.9897247091128154
  27   27      6    8   -0.70396016894460767
  27   27      6    9   3.0313633578771375
  27   27      6   10   -0.64351403421597209
  27   27      6   11   -0.0010188048724676252
  27   27      6   12   1.1923126615664801
  27   27      6   13   -0.4523115189455284
  27   27      6   14   -1.4301415194357594
  27   27      6   15   5.4136479216555982
  27   27      7    0   -0.40206745311810532
  27   27      7    1   0.66353279755854322
  27   27      7    2   -1.0350208783181516
  27   27      7    3   -2.0544910203178737
  27   27      7    4   3.5237134387772917
  27   27      7    5   0.50077477120977909
  27   27      7    6   1.9897247091128154
  27   27      7    7   -0.95971970592154643
  27   27      7    8   0.75921071196707601
  27   27      7    9   -0.71574735897289365
  27   27      7   10   1.0441795019508977
  27   27      7   11   -0.23042886401987969
  27   27      7   12   -0.96491214481505716
  27   27      7   13   0.32359611804145738
  27   27      7   14   0.9548548625451766
  27   27      7   15   -1.1202187408326931
  27   27      8    0   0.150702559362346
  27   27      8    1   -0.12825645246265949
  27   27      8    2   0.34974044355676165
  27   27      8    3   1.0522238550340202
  27   27      8    4   0.50080297003708862
  27   27      8    5   0.1708355367160441
  27   27      8    6   -0.70396016894460767
  27   27      8    7   0.75921071196707601
  27   27      8    8   -0.94914548439922264
  27   27      8    9   0.2541722731490722
  27   27      8   10   -4.1998734714889352
  27   27      8   11   -2.6924258788024908
  27   27      8   12   -0.049721292710589539
  27   27      8   13   1.552352134801843
  27   27      8   14   -0.32375312861827632
  27   27      8   15   0.25161128297907248
  27   27      9    0   0.61416671688969959
  27   27      9    1   0.10299154099608447
  27   27      9    2   0.21797683648352756
  27   27      9    3   -2.8051894222791636
  27   27      9    4   1.9979721912309449
  27   27      9    5   -0.70820968734607281
  27   27      9    6   3.0313633578771375
  27   27      9    7   -0.71574735897289365
  27   27      9    8   0.2541722731490722
  27   27      9    9   -1.9984484105998734
  27   27      9   10   1.1894989066694011
  27   27      9   11   -0.4662915961882691
  27   27      9   12   -0.6294352703161914
  27   27      9   13   0.013062633055887606
  27   27      9   14   5.4129155730819516
  27   27      9   15   -1.414661727856261
  27   27     10    0   0.67300557780049386
  27   27     10    1   -0.43753350232125987
  27   27     10    2   -0.35356601158140138
  27   27     10    3   -1.3809357380178062
  27   27     10    4   -0.96491053004547411
  27   27     10    5   -0.049703194848751811
  27   27     10    6   -0.64351403421597209
  27   27     10    7   1.0441795019508977
  27   27     10    8   -4.1998734714889352
  27   27     10    9   1.1894989066694011
  27   27     10   10   -0.74311335061272477
  27   27     10   11   -0.85583727064920134
  27   27     10   12   0.25916568252077787
  27   27     10   13   1.0869878638090169
  27   27     10   14   -0.81486689112164845
  27   27     10   15   0.84746852564066499
  27   27     11    0   0.4245530776616222
  27   27     11    1   -0.64875182031970324
  27   27     11    2   1.5419685477214331
  27   27     11    3   -1.3472565863995356
  27   27     11    4   0.32357792987207701
  27   27     11    5   1.5522446150393454
  27   27     11    6   -0.0010188048724676252
  27   27     11    7   -0.23042886401987969
  27   27     11    8   -2.6924258788024908
  27   27     11    9   -0.4662915961882691
  27   27     11   10   -0.85583727064920134
  27   27     11   11   -2.5899406727842469
  27   27     11   12   1.0869493112627877
  27   27     11   13   8.1183293123814515
  27   27     11   14   0.11526645852762878
  27   27     11   15   0.23566491567463047
  27   27     12    0   -0.44030517385757484
  27   27     12    1   0.67065843842064254
  27   27     12    2   -1.3893806382675216
  27   27     12    3   -0.34348552355755074
  27   27     12    4   1.0441737135622351
  27   27     12    5   -4.1998682964914265
  27   27     12    6   1.1923126615664801
  27   27     12    7   -0.96491214481505716
  27   27     12    8   -0.049721292710589539
  27   27     12    9   -0.6294352703161914
  27   27     12   10   0.25916568252077787
  27   27     12   11   1.0869493112627877
  27   27     12   12   -0.74310008171350783
  27   27     12   13   -0.85581283908695349
  27   27     12   14   0.84605610819287602
  27   27     12   15   -0.81698927335714355
  27   27     13    0   -0.65001118124833446
  27   27     13    1   0.4254409901841833
  27   27     13    2   -1.3466178175188201
  27   27     13    3   1.5422631018733566
  27   27     13    4   -0.2304551342086702
  27   27     13    5   -2.6923383861448338
  27   27     13    6   -0.4523115189455284
  27   27     13    7   0.32359611804145738
  27   27     13    8   1.552352134801843
  27   27     13    9   0.013062633055887606
  27   27     13   10   1.0869878638090169
  27   27     13   11   8.1183293123814515
  27   27     13   12   -0.85581283908695349
  27   27     13   13   -2.5898821330543549
  27   27     13   14   0.23364142778253943
  27   27     13   15   0.11402866071804339
  27   27     14    0   0.65420445542609773
  27   27     14    1   -0.65184448772756276
  27   27     14    2   -3.2361380347224817
  27   27     14    3   -1.6100729772642175
  27   27     14    4   -1.118184699226703
  27   27     14    5   0.25125925312539554
  27   27     14    6   -1.4301415194357594
  27   27     14    7   0.9548548625451766
  27   27     14    8   -0.32375312861827632
  27   27     14    9   5.4129155730819516
  27   27     14   10   -0.81486689112164845
  27   27     14   11   0.11526645852762878
  27   27     14   12   0.84605610819287602
  27   27     14   13   0.23364142778253943
  27   27     14   14   -1.8326558334994429
  27   27     14   15   1.6281600788765465
  27   27     15    0   -0.65927872922974229
  27   27     15    1   0.65416840592119907
  27   27     15    2   -1.6303410259911824
  27   27     15    3   -3.180656464782126
  27   27     15    4   0.95609747395180544
  27   27     15    5   -0.3242609474708521
  27   27     15    6   5.4136479216555982
  27   27     15    7   -1.1202187408326931
  27   27     15    8   0.25161128297907248
  27   27     15    9   -1.414661727856261
  27   27     15   10   0.84746852564066499
  27   27     15   11   0.23566491567463047
  27   27     15   12   -0.81698927335714355
  27   27     15   13   0.11402866071804339
  27   27     15   14   1.6281600788765465
  27   27     15   15   -1.8366771228199799
  28   28      0    0   -0.39424611774809526
  28   28      0    1   -1.9790283434101437
  28   28      0    2   0.81590852284593762
  28   28      0    3   -5.6739212089467923
  28   28      0    4   -3.210240217243987
  28   28      0    5   0.31287103850487358
  28   28      0    6   0.51795555882878686
  28   28      0    7   0.16410426799979067
  28   28      0    8   0.4070047369385611
  28   28      0    9   0.27295303044736846
  28   28      0   10   0.11269114552129665
  28   28      1    0   -1.9790283434101437
  28   28      1    1   -0.68543963382720297
  28   28      1    2   1.3950673989652793
  28   28      1    3   -3.1266417859163864
  28   28      1    4   -6.6397830856241047
  28   28      1    5   1.0034549148522303
  28   28      1    6   0.16104096589429351
  28   28      1    7   0.011591196840967845
  28   28      1    8   -0.08899195409175821
  28   28      1    9   0.19172878298880583
  28   28      1   10   -0.54412176310602356
  28   28      2    0   0.81590852284593762
  28   28      2    1   1.3950673989652793
  28   28      2    2   -1.5650900684236335
  28   28      2    3   0.33343865729613104
  28   28      2    4   7.2553347548688016
  28   28      2    5   -0.080024700536400775
  28   28      2    6   -0.75084215935791865
  28   28      2    7   -0.17754034195600329
  28   28      2    8   -0.041427745657038002
  28   28      2    9   -0.62932904800570288
  28   28      2   10   0.29138495684439719
  28   28      3    0   -5.6739212089467923
  28   28      3    1   -3.1266417859163864
  28   28      3    2   0.33343865729613104
  28   28      3    3   -0.5860682550342865
  28   28      3    4   -1.2431208856108933
  28   28      3    5   -3.5756715584274223
  28   28      3    6   2.1425697162751258
  28   28      3    7   -2.3900104180570025
  28   28      3    8   0.38440215281484647
  28   28      3    9   0.10419098454402533
  28   28      3   10   0.84536648071030374
  28   28      4    0   -3.210240217243987
  28   28      4    1   -6.6397830856241047
  28   28      4    2   7.2553347548688016
  28   28      4    3   -1.2431208856108933
  28   28      4    4   -2.2511304253287197
  28   28      4    5   0.67298732244469361
  28   28      4    6   -2.3180120293255446
  28   28      4    7   -0.67782578032929386
  28   28      4    8   -2.5204071122634133
  28   28      4    9   -0.9540341327097408
  28   28      4   10   1.9034751687288476
  28   28      5    0   0.31287103850487358
  28   28      5    1   1.0034549148522303
  28   28      5    2   -0.080024700536400775
  28   28      5    3   -3.5756715584274223
  28   28      5    4   0.67298732244469361
  28   28      5    5   -0.53406385954246305
  28   28      5    6   -0.47921862139063587
  28   28      5    7   -0.32071151834422879
  28   28      5    8   -0.39324065572088462
  28   28      5    9   -0.30416817151790765
  28   28      5   10   0.33736819056908807
  28   28      6    0   0.51795555882878686
  28   28      6    1   0.16104096589429351
  28   28      6    2   -0.75084215935791865
  28   28      6    3   2.1425697162751258
  28   28      6    4   -2.3180120293255446
  28   28      6    5   -0.47921862139063587
  28   28      6    6   -0.37634773399069166
  28   28      6    7   -0.18788829062413429
  28   28      6    8   -0.037132108353405191
  28   28      6    9   -0.59400970929038721
  28   28      6   10   0.7591834535005294
  28   28      7    0   0.16410426799979067
  28   28      7    1   0.011591196840967873
  28   28      7    2   -0.17754034195600329
  28   28      7    3   -2.3900104180570025
  28   28      7    4   -0.67782578032929386
  28   28      7    5   -0.32071151834422879
  28   28      7    6   -0.18788829062413429
  28   28      7    7   -0.46467003461589379
  28   28      7    8   -0.53925071967545035
  28   28      7    9   -0.3410027730191707
  28   28      7   10   0.99545212407874883
  28   28      8    0   0.4070047369385611
  28   28      8    1   -0.08899195409175821
  28   28      8    2   -0.041427745657038002
  28   28      8    3   0.38440215281484647
  28   28      8    4   -2.5204071122634133
  28   28      8    5   -0.39324065572088462
  28   28      8    6   -0.037132108353405191
  28   28      8    7   -0.53925071967545035
  28   28      8    8   -0.8170629494325482
  28   28      8    9   -0.53276039906387884
  28   28      8   10   0.99464507358527321
  28   28      9    0   0.27295303044736846
  28   28      9    1   0.19172878298880583
  28   28      9    2   -0.62932904800570288
  28   28      9    3   0.10419098454402533
  28   28      9    4   -0.9540341327097408
  28   28      9    5   -0.30416817151790765
  28   28      9    6   -0.59400970929038721
  28   28      9    7   -0.3410027730191707
  28   28      9    8   -0.53276039906387884
  28   28      9    9   -0.065719500933714162
  28   28      9   10   -0.073255225303093779
  28   28     10    0   0.1126911455212966
  28   28     10    1   -0.54412176310602356
  28   28     10    2   0.29138495684439719
  28   28     10    3   0.84536648071030374
  28   28     10    4   1.9034751687288476
  28   28     10    5   0.33736819056908807
  28   28     10    6   0.7591834535005294
  28   28     10    7   0.99545212407874883
  28   28     10    8   0.99464507358527321
  28   28     10    9   -0.073255225303093779
  28   28     10   10   -0.66774660399761121
  29   29      0    0   -0.93322851063511958
  29   29      0    1   -3.9581775392288341
  29   29      0    2   0.2709805503307447
  29   29      0    3   0.026932684449944521
  29   29      0    4   0.7001015323909372
  29   29      0    5   0.23833419366213704
  29   29      0    6   -0.2344179350112337
  29   29      0    7   -0.0053200720719476001
  29   29      1    0   -3.9581775392288332
  29   29      1    1   4.2575306903007064
  29   29      1    2   -3.0803765639768854
  29   29      1    3   1.4112023225096313
  29   29      1    4   -2.5169820189565111
  29   29      1    5   -1.7271209054034315
  29   29      1    6   0.16915170950759126
  29   29      1    7   -4.8261909222735095
  29   29      2    0   0.2709805503307447
  29   29      2    1   -3.0803765639768854
  29   29      2    2   2.5554649946487347
  29   29      2    3   1.262378197251647
  29   29      2    4   1.2607510069777141
  29   29      2    5   0.081561678116821745
  29   29      2    6   0.097764824207665843
  29   29      2    7   -0.16810900353540656
  29   29      3    0   0.026932684449944521
  29   29      3    1   1.4112023225096313
  29   29      3    2   1.262378197251647
  29   29      3    3   -0.81630583734382434
  29   29      3    4   -0.4292514528785174
  29   29      3    5   -4.2731198529637489
  29   29      3    6   -1.1287644872309393
  29   29      3    7   -0.087985608208851193
  29   29      4    0   0.7001015323909372
  29   29      4    1   -2.5169820189565111
  29   29      4    2   1.2607510069777141
  29   29      4    3   -0.4292514528785174
  29   29      4    4   1.0034332181213521
  29   29      4    5   0.55273009951168595
  29   29      4    6   -0.46768130603912844
  29   29      4    7   3.9844623942929283
  29   29      5    0   0.23833419366213704
  29   29      5    1   -1.7271209054034315
  29   29      5    2   0.081561678116821745
  29   29      5    3   -4.2731198529637489
  29   29      5    4   0.55273009951168595
  29   29      5    5   -0.5009717451535719
  29   29      5    6   0.24522894054041663
  29   29      5    7   0.020681237025526478
  29   29      6    0   -0.2344179350112337
  29   29      6    1   0.16915170950759126
  29   29      6    2   0.097764824207665843
  29   29      6    3   -1.1287644872309393
  29   29      6    4   -0.46768130603912844
  29   29      6    5   0.24522894054041663
  29   29      6    6   5.5192774320530944
  29   29      6    7   0.36415406842584497
  29   29      7    0   -0.0053200720719476209
  29   29      7    1   -4.8261909222735095
  29   29      7    2   -0.16810900353540656
  29   29      7    3   -0.087985608208851193
  29   29      7    4   3.9844623942929283
  29   29      7    5   0.020681237025526478
  29   29      7    6   0.36415406842584497
  29   29      7    7   -0.21714887578086214
  30   30      0    0   -0.2910947352271106
  30   30      0    1   0.12783806558494717
  30   30      0    2   0.28713438270967268
  30   30      1    0   0.12783806558494717
  30   30      1    1   -0.15539415630792799
  30   30      1    2   -0.042069463128440829
  30   30      2    0   0.28713438270967268
  30   30      2    1   -0.042069463128440829
  30   30      2    2   0.14961809517179761
  31   31      0    0   -4.4689259969799604
  31   31      0    1   -2.8073244314559869
  31   31      0    2   0.93754900875208746
  31   31      1    0   -2.8073244314559869
  31   31      1    1   -0.87520485168764128
  31   31      1    2   7.6479012699109719
  31   31      2    0   0.93754900875208746
  31   31      2    1   7.6479012699109719
  31   31      2    2   -1.5893938196404076
  32   32      0    0   -3.1242655799287533
  32   32      0    1   2.4368405796662382
  32   32      0    2   -8.9116772305875749
  32   32      0    3   0.94396460790938341
  32   32      0    4   -0.56483665275404671
  32   32      0    5   0.78727076376052774
  32   32      0    6   0.68434042405472562
  32   32      0    7   -0.43351639759817479
  32   32      0    8   0.99830771156503095
  32   32      1    0   2.4368405796662382
  32   32      1    1   -3.1050378627411295
  32   32      1    2   8.9182256850825645
  32   32      1    3   -0.93457370401858397
  32   32      1    4   0.68031457161986242
  32   32      1    5   -0.44616268039067181
  32   32      1    6   -0.55975271615359934
  32   32      1    7   0.74734432972394449
  32   32      1    8   -0.99854814062442943
  32   32      2    0   -8.9116772305875749
  32   32      2    1   8.9182256850825645
  32   32      2    2   -4.0559448168222811
  32   32      2    3   -1.4236191430329386
  32   32      2    4   0.17213974734129192
  32   32      2    5   -1.9884490198061144
  32   32      2    6   -0.17224182915105377
  32   32      2    7   2.0706216773197839
  32   32      2    8   1.9212460539980263
  32   32      3    0   0.94396460790938341
  32   32      3    1   -0.93457370401858397
  32   32      3    2   -1.4236191430329386
  32   32      3    3   -0.74905826901105221
  32   32      3    4   0.87545522530920006
  32   32      3    5   -0.81398062978074437
  32   32      3    6   -0.87543030811727085
  32   32      3    7   0.80479285734456574
  32   32      3    8   0.031145359346780244
  32   32      4    0   -0.56483665275404671
  32   32      4    1   0.68031457161986242
  32   32      4    2   0.17213974734129192
  32   32      4    3   0.87545522530920006
  32   32      4    4   -0.43640091812853588
  32   32      4    5   0.37042015994653144
  32   32      4    6   -0.056511976733933253
  32   32      4    7   -0.41876452261645386
  32   32      4    8   1.2813185439375767
  32   32      5    0   0.78727076376052774
  32   32      5    1   -0.44616268039067175
  32   32      5    2   -1.9884490198061144
  32   32      5    3   -0.81398062978074437
  32   32      5    4   0.37042015994653144
  32   32      5    5   -1.7788618268776857
  32   32      5    6   -0.4243775215435775
  32   32      5    7   1.5721630531414008
  32   32      5    8   -0.011458506040522188
  32   32      6    0   0.68434042405472562
  32   32      6    1   -0.55975271615359934
  32   32      6    2   -0.17224182915105377
  32   32      6    3   -0.87543030811727085
  32   32      6    4   -0.056511976733933253
  32   32      6    5   -0.4243775215435775
  32   32      6    6   -0.43640814762030472
  32   32      6    7   0.36345703429349197
  32   32      6    8   -1.2813990509792601
  32   32      7    0   -0.4335163975981749
  32   32      7    1   0.74734432972394438
  32   32      7    2   2.0706216773197839
  32   32      7    3   0.80479285734456574
  32   32      7    4   -0.41876452261645386
  32   32      7    5   1.5721630531414008
  32   32      7    6   0.36345703429349197
  32   32      7    7   -1.7700197837459968
  32   32      7    8   0.0012790011941588818
  32   32      8    0   0.99830771156503095
  32   32      8    1   -0.99854814062442943
  32   32      8    2   1.9212460539980263
  32   32      8    3   0.031145359346780244
  32   32      8    4   1.2813185439375767
  32   32      8    5   -0.011458506040522188
  32   32      8    6   -1.2813990509792601
  32   32      8    7   0.0012790011941588818
  32   32      8    8   -2.6271080006859795
  33   33      0    0   -0.33211854378882039
  33   33      0    1   -0.70525125778891218
  33   33      0    2   -4.6318407055440254
  33   33      0    3   -2.1792287691151095
  33   33      0    4   0.51739068975535119
  33   33      0    5   0.50053430656519549
  33   33      1    0   -0.70525125778891218
  33   33      1    1   -2.5248284062467334
  33   33      1    2   -2.1792037698973092
  33   33      1    3   1.1371848256083474
  33   33      1    4   -0.94540491955516626
  33   33      1    5   8.7780760853237148
  33   33      2    0   -4.6318407055440254
  33   33      2    1   -2.1792037698973092
  33   33      2    2   -0.33214281418360225
  33   33      2    3   -0.70522258945200267
  33   33      2    4   0.50048589508570807
  33   33      2    5   0.51741401842091372
  33   33      3    0   -2.1792287691151095
  33   33      3    1   1.1371848256083474
  33   33      3    2   -0.70522258945200267
  33   33      3    3   -2.5247593506052519
  33   33      3    4   8.778079415401093
  33   33      3    5   -0.94541534182347553
  33   33      4    0   0.51739068975535119
  33   33      4    1   -0.94540491955516626
  33   33      4    2   0.50048589508570807
  33   33      4    3   8.778079415401093
  33   33      4    4   -2.8201858696742135
  33   33      4    5   0.73500308633580136
  33   33      5    0   0.50053430656519549
  33   33      5    1   8.7780760853237148
  33   33      5    2   0.51741401842091372
  33   33      5    3   -0.94541534182347553
  33   33      5    4   0.73500308633580136
  33   33      5    5   -2.8201512164079414
  34   34      0    0   -0.69809263610346584
  34   34      0    1   0.12867502380304924
  34   34      0    2   0.33331281709729649
  34   34      1    0   0.12867502380304924
  34   34      1    1   -0.5112346391073056
  34   34      1    2   -0.04229440484612234
  34   34      2    0   0.33331281709729649
  34   34      2    1   -0.04229440484612234
  34   34      2    2   -0.21101476477322426
  35   35      0    0   -4.9330638892649032
  35   35      0    1   -2.8653119802768057
  35   35      0    2   0.97634406013898389
  35   35      1    0   -2.8653119802768057
  35   35      1    1   -1.3176587309063696
  35   35      1    2   7.7884882433992209
  35   35      2    0   0.97634406013898389
  35   35      2    1   7.7884882433992209
  35   35      2    2   -2.0333178337855022
  36   36      0    0   0.067948200507778472
  36   36      0    1   -0.89126413641052238
  36   36      1    0   -0.89126413641052238
  36   36      1    1   -1.6454204490259206
  37   37      0    0   6.1006007499678718
  38   38      0    0   -0.31099513888114444
  38   38      0    1   -0.66567544470606721
  38   38      0    2   -0.66566749253348723
  38   38      1    0   -0.66567544470606721
  38   38      1    1   -3.0697542187609126
  38   38      1    2   0.94305872161811077
  38   38      2    0   -0.66566749253348723
  38   38      2    1   0.94305872161811077
  38   38      2    2   -3.0697294435991878
  39   39      0    0   -3.5142479415077301
  39   39      0    1   9.3190858361639872
  39   39      1    0   9.3190858361639872
  39   39      1    1   -3.5142172585842739
  40   40      0    0   -0.29926053092143523
  40   40      0    1   -0.92169932624676043
  40   40      1    0   -0.92169932624676043
  40   40      1    1   -2.0747080710730654
  41   41      0    0   5.7977714010067878
  44   44      0    0   -3.4313968466842457
