pair_i,pair_j,a,b,c,d,e,f,g,jab_seed,jde_seed,val
0,0,2,2,2,2,2,2,16,0,0,0
0,6,2,2,3,2,3,2,16,0,0,0
0,17,2,2,2,2,4,2,16,0,1,0
0,19,2,2,4,2,4,2,16,0,1,0
0,37,2,2,3,2,3,2,16,0,1,0
0,38,2,2,3,2,5,2,16,0,1,0
0,39,2,2,3,2,4,3,16,0,1,0
0,40,2,2,3,2,5,4,16,0,1,0
0,53,2,2,5,2,3,2,16,0,1,0
0,54,2,2,5,2,5,2,16,0,1,0
0,55,2,2,5,2,4,3,16,0,1,0
0,56,2,2,5,2,5,4,16,0,1,0
0,70,2,2,2,2,2,2,16,0,2,0
0,71,2,2,2,2,4,2,16,0,2,0
0,76,2,2,4,2,2,2,16,0,2,0
0,77,2,2,4,2,4,2,16,0,2,0
0,96,2,2,3,2,3,2,16,0,2,0
0,97,2,2,3,2,5,2,16,0,2,0
0,98,2,2,3,2,4,3,16,0,2,0
0,111,2,2,5,2,3,2,16,0,2,0
0,112,2,2,5,2,5,2,16,0,2,0
0,113,2,2,5,2,4,3,16,0,2,0
0,131,2,2,3,2,3,2,16,0,3,0
1,0,4,4,2,2,2,2,16,0,0,0
1,6,4,4,3,2,3,2,16,0,0,0
1,17,4,4,2,2,4,2,16,0,1,0
1,19,4,4,4,2,4,2,16,0,1,0
1,37,4,4,3,2,3,2,16,0,1,0
1,38,4,4,3,2,5,2,16,0,1,0
1,39,4,4,3,2,4,3,16,0,1,0
1,40,4,4,3,2,5,4,16,0,1,0
1,53,4,4,5,2,3,2,16,0,1,0
1,54,4,4,5,2,5,2,16,0,1,0
1,55,4,4,5,2,4,3,16,0,1,0
1,56,4,4,5,2,5,4,16,0,1,0
1,70,4,4,2,2,2,2,16,0,2,0
1,71,4,4,2,2,4,2,16,0,2,0
1,76,4,4,4,2,2,2,16,0,2,0
1,77,4,4,4,2,4,2,16,0,2,0
1,96,4,4,3,2,3,2,16,0,2,0
1,97,4,4,3,2,5,2,16,0,2,0
1,98,4,4,3,2,4,3,16,0,2,0
1,111,4,4,5,2,3,2,16,0,2,0
1,112,4,4,5,2,5,2,16,0,2,0
1,113,4,4,5,2,4,3,16,0,2,0
1,131,4,4,3,2,3,2,16,0,3,0
2,3,2,2,4,4,4,4,18,0,0,0
2,11,2,2,5,4,5,4,18,0,0,0
2,18,2,2,2,4,4,2,18,0,1,0
2,20,2,2,4,4,4,2,18,0,1,0
2,41,2,2,3,4,3,2,18,0,1,0
2,42,2,2,3,4,5,2,18,0,1,0
2,43,2,2,3,4,4,3,18,0,1,0
2,44,2,2,3,4,5,4,18,0,1,0
2,57,2,2,5,4,3,2,18,0,1,0
2,58,2,2,5,4,5,2,18,0,1,0
2,59,2,2,5,4,4,3,18,0,1,0
2,60,2,2,5,4,5,4,18,0,1,0
2,72,2,2,2,4,2,2,18,0,2,0
2,99,2,2,3,4,3,2,18,0,2,0
3,3,4,4,4,4,4,4,18,0,0,0
3,11,4,4,5,4,5,4,18,0,0,0
3,18,4,4,2,4,4,2,18,0,1,0
3,20,4,4,4,4,4,2,18,0,1,0
3,41,4,4,3,4,3,2,18,0,1,0
3,42,4,4,3,4,5,2,18,0,1,0
3,43,4,4,3,4,4,3,18,0,1,0
3,44,4,4,3,4,5,4,18,0,1,0
3,57,4,4,5,4,3,2,18,0,1,0
3,58,4,4,5,4,5,2,18,0,1,0
3,59,4,4,5,4,4,3,18,0,1,0
3,60,4,4,5,4,5,4,18,0,1,0
3,72,4,4,2,4,2,2,18,0,2,0
3,99,4,4,3,4,3,2,18,0,2,0
4,4,2,3,2,2,3,2,17,0,0,0
4,12,2,3,3,2,3,3,17,0,0,0
4,25,2,3,2,2,3,2,17,0,1,0
4,26,2,3,2,2,5,2,17,0,1,0
4,27,2,3,2,2,4,3,17,0,1,0
4,28,2,3,2,2,5,4,17,0,1,0
4,45,2,3,4,2,3,2,17,0,1,0
4,46,2,3,4,2,5,2,17,0,1,0
4,47,2,3,4,2,4,3,17,0,1,0
4,48,2,3,4,2,5,4,17,0,1,0
4,62,2,3,3,2,5,3,17,0,1,0
4,64,2,3,5,2,5,3,17,0,1,0
4,84,2,3,2,2,3,2,17,0,2,0
4,85,2,3,2,2,5,2,17,0,2,0
4,86,2,3,2,2,4,3,17,0,2,0
4,105,2,3,4,2,3,2,17,0,2,0
4,106,2,3,4,2,5,2,17,0,2,0
4,107,2,3,4,2,4,3,17,0,2,0
4,118,2,3,3,2,3,3,17,0,2,0
4,119,2,3,3,2,5,3,17,0,2,0
4,124,2,3,5,2,3,3,17,0,2,0
4,125,2,3,5,2,5,3,17,0,2,0
4,128,2,3,2,2,3,2,17,0,3,0
5,4,4,5,2,2,3,2,17,0,0,0
5,12,4,5,3,2,3,3,17,0,0,0
5,25,4,5,2,2,3,2,17,0,1,0
5,26,4,5,2,2,5,2,17,0,1,0
5,27,4,5,2,2,4,3,17,0,1,0
5,28,4,5,2,2,5,4,17,0,1,0
5,45,4,5,4,2,3,2,17,0,1,0
5,46,4,5,4,2,5,2,17,0,1,0
5,47,4,5,4,2,4,3,17,0,1,0
5,48,4,5,4,2,5,4,17,0,1,0
5,62,4,5,3,2,5,3,17,0,1,0
5,64,4,5,5,2,5,3,17,0,1,0
5,84,4,5,2,2,3,2,17,0,2,0
5,85,4,5,2,2,5,2,17,0,2,0
5,86,4,5,2,2,4,3,17,0,2,0
5,105,4,5,4,2,3,2,17,0,2,0
5,106,4,5,4,2,5,2,17,0,2,0
5,107,4,5,4,2,4,3,17,0,2,0
5,118,4,5,3,2,3,3,17,0,2,0
5,119,4,5,3,2,5,3,17,0,2,0
5,124,4,5,5,2,3,3,17,0,2,0
5,125,4,5,5,2,5,3,17,0,2,0
5,128,4,5,2,2,3,2,17,0,3,0
6,0,2,3,2,3,2,2,16,0,0,0
6,6,2,3,3,3,3,2,16,0,0,0
6,17,2,3,2,3,4,2,16,0,1,0
6,19,2,3,4,3,4,2,16,0,1,0
6,37,2,3,3,3,3,2,16,0,1,0
6,38,2,3,3,3,5,2,16,0,1,0
6,39,2,3,3,3,4,3,16,0,1,0
6,40,2,3,3,3,5,4,16,0,1,0
6,53,2,3,5,3,3,2,16,0,1,0
6,54,2,3,5,3,5,2,16,0,1,0
6,55,2,3,5,3,4,3,16,0,1,0
6,56,2,3,5,3,5,4,16,0,1,0
6,70,2,3,2,3,2,2,16,0,2,0
6,71,2,3,2,3,4,2,16,0,2,0
6,76,2,3,4,3,2,2,16,0,2,0
6,77,2,3,4,3,4,2,16,0,2,0
6,96,2,3,3,3,3,2,16,0,2,0
6,97,2,3,3,3,5,2,16,0,2,0
6,98,2,3,3,3,4,3,16,0,2,0
6,111,2,3,5,3,3,2,16,0,2,0
6,112,2,3,5,3,5,2,16,0,2,0
6,113,2,3,5,3,4,3,16,0,2,0
6,131,2,3,3,3,3,2,16,0,3,0
7,0,4,5,2,3,2,2,16,0,0,0
7,6,4,5,3,3,3,2,16,0,0,0
7,17,4,5,2,3,4,2,16,0,1,0
7,19,4,5,4,3,4,2,16,0,1,0
7,37,4,5,3,3,3,2,16,0,1,0
7,38,4,5,3,3,5,2,16,0,1,0
7,39,4,5,3,3,4,3,16,0,1,0
7,40,4,5,3,3,5,4,16,0,1,0
7,53,4,5,5,3,3,2,16,0,1,0
7,54,4,5,5,3,5,2,16,0,1,0
7,55,4,5,5,3,4,3,16,0,1,0
7,56,4,5,5,3,5,4,16,0,1,0
7,70,4,5,2,3,2,2,16,0,2,0
7,71,4,5,2,3,4,2,16,0,2,0
7,76,4,5,4,3,2,2,16,0,2,0
7,77,4,5,4,3,4,2,16,0,2,0
7,96,4,5,3,3,3,2,16,0,2,0
7,97,4,5,3,3,5,2,16,0,2,0
7,98,4,5,3,3,4,3,16,0,2,0
7,111,4,5,5,3,3,2,16,0,2,0
7,112,4,5,5,3,5,2,16,0,2,0
7,113,4,5,5,3,4,3,16,0,2,0
7,131,4,5,3,3,3,2,16,0,3,0
8,9,2,3,4,4,5,4,19,0,0,0
8,15,2,3,5,4,5,5,19,0,0,0
8,29,2,3,2,4,3,2,19,0,1,0
8,30,2,3,2,4,5,2,19,0,1,0
8,31,2,3,2,4,4,3,19,0,1,0
8,32,2,3,2,4,5,4,19,0,1,0
8,49,2,3,4,4,3,2,19,0,1,0
8,50,2,3,4,4,5,2,19,0,1,0
8,51,2,3,4,4,4,3,19,0,1,0
8,52,2,3,4,4,5,4,19,0,1,0
8,63,2,3,3,4,5,3,19,0,1,0
8,65,2,3,5,4,5,3,19,0,1,0
8,87,2,3,2,4,3,2,19,0,2,0
8,120,2,3,3,4,3,3,19,0,2,0
9,9,4,5,4,4,5,4,19,0,0,0
9,15,4,5,5,4,5,5,19,0,0,0
9,29,4,5,2,4,3,2,19,0,1,0
9,30,4,5,2,4,5,2,19,0,1,0
9,31,4,5,2,4,4,3,19,0,1,0
9,32,4,5,2,4,5,4,19,0,1,0
9,49,4,5,4,4,3,2,19,0,1,0
9,50,4,5,4,4,5,2,19,0,1,0
9,51,4,5,4,4,4,3,19,0,1,0
9,52,4,5,4,4,5,4,19,0,1,0
9,63,4,5,3,4,5,3,19,0,1,0
9,65,4,5,5,4,5,3,19,0,1,0
9,87,4,5,2,4,3,2,19,0,2,0
9,120,4,5,3,4,3,3,19,0,2,0
10,3,2,3,4,5,4,4,18,0,0,0
10,11,2,3,5,5,5,4,18,0,0,0
10,18,2,3,2,5,4,2,18,0,1,0
10,20,2,3,4,5,4,2,18,0,1,0
10,41,2,3,3,5,3,2,18,0,1,0
10,42,2,3,3,5,5,2,18,0,1,0
10,43,2,3,3,5,4,3,18,0,1,0
10,44,2,3,3,5,5,4,18,0,1,0
10,57,2,3,5,5,3,2,18,0,1,0
10,58,2,3,5,5,5,2,18,0,1,0
10,59,2,3,5,5,4,3,18,0,1,0
10,60,2,3,5,5,5,4,18,0,1,0
10,72,2,3,2,5,2,2,18,0,2,0
10,99,2,3,3,5,3,2,18,0,2,0
11,3,4,5,4,5,4,4,18,0,0,0
11,11,4,5,5,5,5,4,18,0,0,0
11,18,4,5,2,5,4,2,18,0,1,0
11,20,4,5,4,5,4,2,18,0,1,0
11,41,4,5,3,5,3,2,18,0,1,0
11,42,4,5,3,5,5,2,18,0,1,0
11,43,4,5,3,5,4,3,18,0,1,0
11,44,4,5,3,5,5,4,18,0,1,0
11,57,4,5,5,5,3,2,18,0,1,0
11,58,4,5,5,5,5,2,18,0,1,0
11,59,4,5,5,5,4,3,18,0,1,0
11,60,4,5,5,5,5,4,18,0,1,0
11,72,4,5,2,5,2,2,18,0,2,0
11,99,4,5,3,5,3,2,18,0,2,0
12,4,3,3,2,3,3,2,17,0,0,0
12,12,3,3,3,3,3,3,17,0,0,-59.645954592586953
12,25,3,3,2,3,3,2,17,0,1,0
12,26,3,3,2,3,5,2,17,0,1,0
12,27,3,3,2,3,4,3,17,0,1,0
12,28,3,3,2,3,5,4,17,0,1,0
12,45,3,3,4,3,3,2,17,0,1,0
12,46,3,3,4,3,5,2,17,0,1,0
12,47,3,3,4,3,4,3,17,0,1,0
12,48,3,3,4,3,5,4,17,0,1,0
12,62,3,3,3,3,5,3,17,0,1,0
12,64,3,3,5,3,5,3,17,0,1,2.0590079999999995
12,84,3,3,2,3,3,2,17,0,2,0
12,85,3,3,2,3,5,2,17,0,2,0
12,86,3,3,2,3,4,3,17,0,2,0
12,105,3,3,4,3,3,2,17,0,2,0
12,106,3,3,4,3,5,2,17,0,2,0
12,107,3,3,4,3,4,3,17,0,2,0
12,118,3,3,3,3,3,3,17,0,2,298.22977296293482
12,119,3,3,3,3,5,3,17,0,2,0
12,124,3,3,5,3,3,3,17,0,2,0
12,125,3,3,5,3,5,3,17,0,2,-3.4316799999999983
12,128,3,3,2,3,3,2,17,0,3,0
13,4,5,5,2,3,3,2,17,0,0,0
13,12,5,5,3,3,3,3,17,0,0,-4.5242213552166017
13,25,5,5,2,3,3,2,17,0,1,0
13,26,5,5,2,3,5,2,17,0,1,0
13,27,5,5,2,3,4,3,17,0,1,0
13,28,5,5,2,3,5,4,17,0,1,0
13,45,5,5,4,3,3,2,17,0,1,0
13,46,5,5,4,3,5,2,17,0,1,0
13,47,5,5,4,3,4,3,17,0,1,0
13,48,5,5,4,3,5,4,17,0,1,0
13,62,5,5,3,3,5,3,17,0,1,0
13,64,5,5,5,3,5,3,17,0,1,0
13,84,5,5,2,3,3,2,17,0,2,0
13,85,5,5,2,3,5,2,17,0,2,0
13,86,5,5,2,3,4,3,17,0,2,0
13,105,5,5,4,3,3,2,17,0,2,0
13,106,5,5,4,3,5,2,17,0,2,0
13,107,5,5,4,3,4,3,17,0,2,0
13,118,5,5,3,3,3,3,17,0,2,22.62110677608301
13,119,5,5,3,3,5,3,17,0,2,0
13,124,5,5,5,3,3,3,17,0,2,0
13,125,5,5,5,3,5,3,17,0,2,0
13,128,5,5,2,3,3,2,17,0,3,0
14,9,3,3,4,5,5,4,19,0,0,0
14,15,3,3,5,5,5,5,19,0,0,0
14,29,3,3,2,5,3,2,19,0,1,0
14,30,3,3,2,5,5,2,19,0,1,0
14,31,3,3,2,5,4,3,19,0,1,0
14,32,3,3,2,5,5,4,19,0,1,0
14,49,3,3,4,5,3,2,19,0,1,0
14,50,3,3,4,5,5,2,19,0,1,0
14,51,3,3,4,5,4,3,19,0,1,0
14,52,3,3,4,5,5,4,19,0,1,0
14,63,3,3,3,5,5,3,19,0,1,9.5973227995879515
14,65,3,3,5,5,5,3,19,0,1,0
14,87,3,3,2,5,3,2,19,0,2,0
14,120,3,3,3,5,3,3,19,0,2,0
15,9,5,5,4,5,5,4,19,0,0,0
15,15,5,5,5,5,5,5,19,0,0,0
15,29,5,5,2,5,3,2,19,0,1,0
15,30,5,5,2,5,5,2,19,0,1,0
15,31,5,5,2,5,4,3,19,0,1,0
15,32,5,5,2,5,5,4,19,0,1,0
15,49,5,5,4,5,3,2,19,0,1,0
15,50,5,5,4,5,5,2,19,0,1,0
15,51,5,5,4,5,4,3,19,0,1,0
15,52,5,5,4,5,5,4,19,0,1,0
15,63,5,5,3,5,5,3,19,0,1,2.9118770910606773
15,65,5,5,5,5,5,3,19,0,1,0
15,87,5,5,2,5,3,2,19,0,2,0
15,120,5,5,3,5,3,3,19,0,2,0
16,16,2,4,2,2,4,2,14,1,1,0
16,16,2,4,2,2,4,2,14,1,1,0
16,16,2,4,2,2,4,2,14,1,1,0
16,33,2,4,3,2,3,2,14,1,1,0
16,33,2,4,3,2,3,2,14,1,1,0
16,33,2,4,3,2,3,2,14,1,1,0
16,33,2,4,3,2,3,2,14,1,1,0
16,33,2,4,3,2,3,2,14,1,1,0
16,34,2,4,3,2,5,2,14,1,1,0
16,34,2,4,3,2,5,2,14,1,1,0
16,34,2,4,3,2,5,2,14,1,1,0
16,35,2,4,3,2,4,3,14,1,1,0
16,35,2,4,3,2,4,3,14,1,1,0
16,35,2,4,3,2,4,3,14,1,1,0
16,36,2,4,3,2,5,4,14,1,1,0
16,36,2,4,3,2,5,4,14,1,1,0
16,36,2,4,3,2,5,4,14,1,1,0
16,68,2,4,2,2,2,2,14,1,2,0
16,68,2,4,2,2,2,2,14,1,2,0
16,68,2,4,2,2,2,2,14,1,2,0
16,68,2,4,2,2,2,2,14,1,2,0
16,68,2,4,2,2,2,2,14,1,2,0
16,69,2,4,2,2,4,2,14,1,2,0
16,69,2,4,2,2,4,2,14,1,2,0
16,69,2,4,2,2,4,2,14,1,2,0
16,74,2,4,4,2,2,2,14,1,2,0
16,74,2,4,4,2,2,2,14,1,2,0
16,74,2,4,4,2,2,2,14,1,2,0
16,74,2,4,4,2,2,2,14,1,2,0
16,74,2,4,4,2,2,2,14,1,2,0
16,75,2,4,4,2,4,2,14,1,2,0
16,75,2,4,4,2,4,2,14,1,2,0
16,75,2,4,4,2,4,2,14,1,2,0
16,93,2,4,3,2,3,2,14,1,2,0
16,93,2,4,3,2,3,2,14,1,2,0
16,93,2,4,3,2,3,2,14,1,2,0
16,93,2,4,3,2,3,2,14,1,2,0
16,93,2,4,3,2,3,2,14,1,2,0
16,94,2,4,3,2,5,2,14,1,2,0
16,94,2,4,3,2,5,2,14,1,2,0
16,94,2,4,3,2,5,2,14,1,2,0
16,95,2,4,3,2,4,3,14,1,2,0
16,95,2,4,3,2,4,3,14,1,2,0
16,95,2,4,3,2,4,3,14,1,2,0
16,108,2,4,5,2,3,2,14,1,2,0
16,108,2,4,5,2,3,2,14,1,2,0
16,108,2,4,5,2,3,2,14,1,2,0
16,108,2,4,5,2,3,2,14,1,2,0
16,108,2,4,5,2,3,2,14,1,2,0
16,109,2,4,5,2,5,2,14,1,2,0
16,109,2,4,5,2,5,2,14,1,2,0
16,109,2,4,5,2,5,2,14,1,2,0
16,110,2,4,5,2,4,3,14,1,2,0
16,110,2,4,5,2,4,3,14,1,2,0
16,110,2,4,5,2,4,3,14,1,2,0
16,130,2,4,3,2,3,2,14,1,3,0
16,130,2,4,3,2,3,2,14,1,3,0
16,130,2,4,3,2,3,2,14,1,3,0
17,0,2,4,2,2,2,2,16,1,0,0
17,6,2,4,3,2,3,2,16,1,0,0
17,17,2,4,2,2,4,2,16,1,1,0
17,17,2,4,2,2,4,2,16,1,1,0
17,17,2,4,2,2,4,2,16,1,1,0
17,19,2,4,4,2,4,2,16,1,1,0
17,19,2,4,4,2,4,2,16,1,1,0
17,19,2,4,4,2,4,2,16,1,1,0
17,37,2,4,3,2,3,2,16,1,1,0
17,37,2,4,3,2,3,2,16,1,1,0
17,37,2,4,3,2,3,2,16,1,1,0
17,37,2,4,3,2,3,2,16,1,1,0
17,37,2,4,3,2,3,2,16,1,1,0
17,38,2,4,3,2,5,2,16,1,1,0
17,38,2,4,3,2,5,2,16,1,1,0
17,38,2,4,3,2,5,2,16,1,1,0
17,39,2,4,3,2,4,3,16,1,1,0
17,39,2,4,3,2,4,3,16,1,1,0
17,39,2,4,3,2,4,3,16,1,1,0
17,40,2,4,3,2,5,4,16,1,1,0
17,40,2,4,3,2,5,4,16,1,1,0
17,40,2,4,3,2,5,4,16,1,1,0
17,53,2,4,5,2,3,2,16,1,1,0
17,53,2,4,5,2,3,2,16,1,1,0
17,53,2,4,5,2,3,2,16,1,1,0
17,53,2,4,5,2,3,2,16,1,1,0
17,53,2,4,5,2,3,2,16,1,1,0
17,54,2,4,5,2,5,2,16,1,1,0
17,54,2,4,5,2,5,2,16,1,1,0
17,54,2,4,5,2,5,2,16,1,1,0
17,55,2,4,5,2,4,3,16,1,1,0
17,55,2,4,5,2,4,3,16,1,1,0
17,55,2,4,5,2,4,3,16,1,1,0
17,56,2,4,5,2,5,4,16,1,1,0
17,56,2,4,5,2,5,4,16,1,1,0
17,56,2,4,5,2,5,4,16,1,1,0
17,70,2,4,2,2,2,2,16,1,2,0
17,70,2,4,2,2,2,2,16,1,2,0
17,70,2,4,2,2,2,2,16,1,2,0
17,70,2,4,2,2,2,2,16,1,2,0
17,70,2,4,2,2,2,2,16,1,2,0
17,71,2,4,2,2,4,2,16,1,2,0
17,71,2,4,2,2,4,2,16,1,2,0
17,71,2,4,2,2,4,2,16,1,2,0
17,76,2,4,4,2,2,2,16,1,2,0
17,76,2,4,4,2,2,2,16,1,2,0
17,76,2,4,4,2,2,2,16,1,2,0
17,76,2,4,4,2,2,2,16,1,2,0
17,76,2,4,4,2,2,2,16,1,2,0
17,77,2,4,4,2,4,2,16,1,2,0
17,77,2,4,4,2,4,2,16,1,2,0
17,77,2,4,4,2,4,2,16,1,2,0
17,96,2,4,3,2,3,2,16,1,2,0
17,96,2,4,3,2,3,2,16,1,2,0
17,96,2,4,3,2,3,2,16,1,2,0
17,96,2,4,3,2,3,2,16,1,2,0
17,96,2,4,3,2,3,2,16,1,2,0
17,97,2,4,3,2,5,2,16,1,2,0
17,97,2,4,3,2,5,2,16,1,2,0
17,97,2,4,3,2,5,2,16,1,2,0
17,98,2,4,3,2,4,3,16,1,2,0
17,98,2,4,3,2,4,3,16,1,2,0
17,98,2,4,3,2,4,3,16,1,2,0
17,111,2,4,5,2,3,2,16,1,2,0
17,111,2,4,5,2,3,2,16,1,2,0
17,111,2,4,5,2,3,2,16,1,2,0
17,111,2,4,5,2,3,2,16,1,2,0
17,111,2,4,5,2,3,2,16,1,2,0
17,112,2,4,5,2,5,2,16,1,2,0
17,112,2,4,5,2,5,2,16,1,2,0
17,112,2,4,5,2,5,2,16,1,2,0
17,113,2,4,5,2,4,3,16,1,2,0
17,113,2,4,5,2,4,3,16,1,2,0
17,113,2,4,5,2,4,3,16,1,2,0
17,131,2,4,3,2,3,2,16,1,3,0
17,131,2,4,3,2,3,2,16,1,3,0
17,131,2,4,3,2,3,2,16,1,3,0
18,3,2,4,4,2,4,4,18,1,0,0
18,11,2,4,5,2,5,4,18,1,0,0
18,18,2,4,2,2,4,2,18,1,1,0
18,18,2,4,2,2,4,2,18,1,1,0
18,18,2,4,2,2,4,2,18,1,1,0
18,20,2,4,4,2,4,2,18,1,1,0
18,20,2,4,4,2,4,2,18,1,1,0
18,20,2,4,4,2,4,2,18,1,1,0
18,41,2,4,3,2,3,2,18,1,1,0
18,41,2,4,3,2,3,2,18,1,1,0
18,41,2,4,3,2,3,2,18,1,1,0
18,41,2,4,3,2,3,2,18,1,1,0
18,41,2,4,3,2,3,2,18,1,1,0
18,42,2,4,3,2,5,2,18,1,1,0
18,42,2,4,3,2,5,2,18,1,1,0
18,42,2,4,3,2,5,2,18,1,1,0
18,43,2,4,3,2,4,3,18,1,1,0
18,43,2,4,3,2,4,3,18,1,1,0
18,43,2,4,3,2,4,3,18,1,1,0
18,44,2,4,3,2,5,4,18,1,1,0
18,44,2,4,3,2,5,4,18,1,1,0
18,44,2,4,3,2,5,4,18,1,1,0
18,57,2,4,5,2,3,2,18,1,1,0
18,57,2,4,5,2,3,2,18,1,1,0
18,57,2,4,5,2,3,2,18,1,1,0
18,57,2,4,5,2,3,2,18,1,1,0
18,57,2,4,5,2,3,2,18,1,1,0
18,58,2,4,5,2,5,2,18,1,1,0
18,58,2,4,5,2,5,2,18,1,1,0
18,58,2,4,5,2,5,2,18,1,1,0
18,59,2,4,5,2,4,3,18,1,1,0
18,59,2,4,5,2,4,3,18,1,1,0
18,59,2,4,5,2,4,3,18,1,1,0
18,60,2,4,5,2,5,4,18,1,1,0
18,60,2,4,5,2,5,4,18,1,1,0
18,60,2,4,5,2,5,4,18,1,1,0
18,72,2,4,2,2,2,2,18,1,2,0
18,72,2,4,2,2,2,2,18,1,2,0
18,72,2,4,2,2,2,2,18,1,2,0
18,72,2,4,2,2,2,2,18,1,2,0
18,72,2,4,2,2,2,2,18,1,2,0
18,73,2,4,2,2,4,2,18,1,2,0
18,73,2,4,2,2,4,2,18,1,2,0
18,73,2,4,2,2,4,2,18,1,2,0
18,99,2,4,3,2,3,2,18,1,2,0
18,99,2,4,3,2,3,2,18,1,2,0
18,99,2,4,3,2,3,2,18,1,2,0
18,99,2,4,3,2,3,2,18,1,2,0
18,99,2,4,3,2,3,2,18,1,2,0
18,100,2,4,3,2,5,2,18,1,2,0
18,100,2,4,3,2,5,2,18,1,2,0
18,100,2,4,3,2,5,2,18,1,2,0
18,101,2,4,3,2,4,3,18,1,2,0
18,101,2,4,3,2,4,3,18,1,2,0
18,101,2,4,3,2,4,3,18,1,2,0
19,0,2,4,2,4,2,2,16,1,0,0
19,6,2,4,3,4,3,2,16,1,0,0
19,17,2,4,2,4,4,2,16,1,1,0
19,17,2,4,2,4,4,2,16,1,1,0
19,17,2,4,2,4,4,2,16,1,1,0
19,19,2,4,4,4,4,2,16,1,1,0
19,19,2,4,4,4,4,2,16,1,1,0
19,19,2,4,4,4,4,2,16,1,1,0
19,37,2,4,3,4,3,2,16,1,1,0
19,37,2,4,3,4,3,2,16,1,1,0
19,37,2,4,3,4,3,2,16,1,1,0
19,38,2,4,3,4,5,2,16,1,1,0
19,38,2,4,3,4,5,2,16,1,1,0
19,38,2,4,3,4,5,2,16,1,1,0
19,39,2,4,3,4,4,3,16,1,1,0
19,39,2,4,3,4,4,3,16,1,1,0
19,39,2,4,3,4,4,3,16,1,1,0
19,40,2,4,3,4,5,4,16,1,1,0
19,40,2,4,3,4,5,4,16,1,1,0
19,40,2,4,3,4,5,4,16,1,1,0
19,53,2,4,5,4,3,2,16,1,1,0
19,53,2,4,5,4,3,2,16,1,1,0
19,53,2,4,5,4,3,2,16,1,1,0
19,54,2,4,5,4,5,2,16,1,1,0
19,54,2,4,5,4,5,2,16,1,1,0
19,54,2,4,5,4,5,2,16,1,1,0
19,55,2,4,5,4,4,3,16,1,1,0
19,55,2,4,5,4,4,3,16,1,1,0
19,55,2,4,5,4,4,3,16,1,1,0
19,56,2,4,5,4,5,4,16,1,1,0
19,56,2,4,5,4,5,4,16,1,1,0
19,56,2,4,5,4,5,4,16,1,1,0
19,70,2,4,2,4,2,2,16,1,2,0
19,70,2,4,2,4,2,2,16,1,2,0
19,70,2,4,2,4,2,2,16,1,2,0
19,71,2,4,2,4,4,2,16,1,2,0
19,76,2,4,4,4,2,2,16,1,2,0
19,76,2,4,4,4,2,2,16,1,2,0
19,76,2,4,4,4,2,2,16,1,2,0
19,77,2,4,4,4,4,2,16,1,2,0
19,96,2,4,3,4,3,2,16,1,2,0
19,96,2,4,3,4,3,2,16,1,2,0
19,96,2,4,3,4,3,2,16,1,2,0
19,97,2,4,3,4,5,2,16,1,2,0
19,98,2,4,3,4,4,3,16,1,2,0
19,111,2,4,5,4,3,2,16,1,2,0
19,111,2,4,5,4,3,2,16,1,2,0
19,111,2,4,5,4,3,2,16,1,2,0
19,112,2,4,5,4,5,2,16,1,2,0
19,113,2,4,5,4,4,3,16,1,2,0
19,131,2,4,3,4,3,2,16,1,3,0
20,3,2,4,4,4,4,4,18,1,0,0
20,11,2,4,5,4,5,4,18,1,0,0
20,18,2,4,2,4,4,2,18,1,1,0
20,18,2,4,2,4,4,2,18,1,1,0
20,18,2,4,2,4,4,2,18,1,1,0
20,20,2,4,4,4,4,2,18,1,1,0
20,20,2,4,4,4,4,2,18,1,1,0
20,20,2,4,4,4,4,2,18,1,1,0
20,41,2,4,3,4,3,2,18,1,1,0
20,41,2,4,3,4,3,2,18,1,1,0
20,41,2,4,3,4,3,2,18,1,1,0
20,42,2,4,3,4,5,2,18,1,1,0
20,42,2,4,3,4,5,2,18,1,1,0
20,42,2,4,3,4,5,2,18,1,1,0
20,43,2,4,3,4,4,3,18,1,1,0
20,43,2,4,3,4,4,3,18,1,1,0
20,43,2,4,3,4,4,3,18,1,1,0
20,44,2,4,3,4,5,4,18,1,1,0
20,44,2,4,3,4,5,4,18,1,1,0
20,44,2,4,3,4,5,4,18,1,1,0
20,57,2,4,5,4,3,2,18,1,1,0
20,57,2,4,5,4,3,2,18,1,1,0
20,57,2,4,5,4,3,2,18,1,1,0
20,58,2,4,5,4,5,2,18,1,1,0
20,58,2,4,5,4,5,2,18,1,1,0
20,58,2,4,5,4,5,2,18,1,1,0
20,59,2,4,5,4,4,3,18,1,1,0
20,59,2,4,5,4,4,3,18,1,1,0
20,59,2,4,5,4,4,3,18,1,1,0
20,60,2,4,5,4,5,4,18,1,1,0
20,60,2,4,5,4,5,4,18,1,1,0
20,60,2,4,5,4,5,4,18,1,1,0
20,72,2,4,2,4,2,2,18,1,2,0
20,72,2,4,2,4,2,2,18,1,2,0
20,72,2,4,2,4,2,2,18,1,2,0
20,73,2,4,2,4,4,2,18,1,2,0
20,99,2,4,3,4,3,2,18,1,2,0
20,99,2,4,3,4,3,2,18,1,2,0
20,99,2,4,3,4,3,2,18,1,2,0
20,100,2,4,3,4,5,2,18,1,2,0
20,101,2,4,3,4,4,3,18,1,2,0
21,21,2,3,2,2,3,2,15,1,1,0
21,21,2,3,2,2,3,2,15,1,1,0
21,21,2,3,2,2,3,2,15,1,1,0
21,21,2,3,2,2,3,2,15,1,1,0
21,21,2,3,2,2,3,2,15,1,1,0
21,22,2,3,2,2,5,2,15,1,1,0
21,22,2,3,2,2,5,2,15,1,1,0
21,22,2,3,2,2,5,2,15,1,1,0
21,23,2,3,2,2,4,3,15,1,1,0
21,23,2,3,2,2,4,3,15,1,1,0
21,23,2,3,2,2,4,3,15,1,1,0
21,24,2,3,2,2,5,4,15,1,1,0
21,24,2,3,2,2,5,4,15,1,1,0
21,24,2,3,2,2,5,4,15,1,1,0
21,61,2,3,3,2,5,3,15,1,1,0
21,61,2,3,3,2,5,3,15,1,1,0
21,61,2,3,3,2,5,3,15,1,1,0
21,81,2,3,2,2,3,2,15,1,2,0
21,81,2,3,2,2,3,2,15,1,2,0
21,81,2,3,2,2,3,2,15,1,2,0
21,81,2,3,2,2,3,2,15,1,2,0
21,81,2,3,2,2,3,2,15,1,2,0
21,82,2,3,2,2,5,2,15,1,2,0
21,82,2,3,2,2,5,2,15,1,2,0
21,82,2,3,2,2,5,2,15,1,2,0
21,83,2,3,2,2,4,3,15,1,2,0
21,83,2,3,2,2,4,3,15,1,2,0
21,83,2,3,2,2,4,3,15,1,2,0
21,102,2,3,4,2,3,2,15,1,2,0
21,102,2,3,4,2,3,2,15,1,2,0
21,102,2,3,4,2,3,2,15,1,2,0
21,102,2,3,4,2,3,2,15,1,2,0
21,102,2,3,4,2,3,2,15,1,2,0
21,103,2,3,4,2,5,2,15,1,2,0
21,103,2,3,4,2,5,2,15,1,2,0
21,103,2,3,4,2,5,2,15,1,2,0
21,104,2,3,4,2,4,3,15,1,2,0
21,104,2,3,4,2,4,3,15,1,2,0
21,104,2,3,4,2,4,3,15,1,2,0
21,116,2,3,3,2,3,3,15,1,2,0
21,116,2,3,3,2,3,3,15,1,2,0
21,116,2,3,3,2,3,3,15,1,2,0
21,116,2,3,3,2,3,3,15,1,2,0
21,116,2,3,3,2,3,3,15,1,2,0
21,117,2,3,3,2,5,3,15,1,2,0
21,117,2,3,3,2,5,3,15,1,2,0
21,117,2,3,3,2,5,3,15,1,2,0
21,122,2,3,5,2,3,3,15,1,2,0
21,122,2,3,5,2,3,3,15,1,2,0
21,122,2,3,5,2,3,3,15,1,2,0
21,122,2,3,5,2,3,3,15,1,2,0
21,122,2,3,5,2,3,3,15,1,2,0
21,123,2,3,5,2,5,3,15,1,2,0
21,123,2,3,5,2,5,3,15,1,2,0
21,123,2,3,5,2,5,3,15,1,2,0
21,127,2,3,2,2,3,2,15,1,3,0
21,127,2,3,2,2,3,2,15,1,3,0
21,127,2,3,2,2,3,2,15,1,3,0
22,21,2,5,2,2,3,2,15,1,1,0
22,21,2,5,2,2,3,2,15,1,1,0
22,21,2,5,2,2,3,2,15,1,1,0
22,21,2,5,2,2,3,2,15,1,1,0
22,21,2,5,2,2,3,2,15,1,1,0
22,22,2,5,2,2,5,2,15,1,1,0
22,22,2,5,2,2,5,2,15,1,1,0
22,22,2,5,2,2,5,2,15,1,1,0
22,23,2,5,2,2,4,3,15,1,1,0
22,23,2,5,2,2,4,3,15,1,1,0
22,23,2,5,2,2,4,3,15,1,1,0
22,24,2,5,2,2,5,4,15,1,1,0
22,24,2,5,2,2,5,4,15,1,1,0
22,24,2,5,2,2,5,4,15,1,1,0
22,61,2,5,3,2,5,3,15,1,1,0
22,61,2,5,3,2,5,3,15,1,1,0
22,61,2,5,3,2,5,3,15,1,1,0
22,81,2,5,2,2,3,2,15,1,2,0
22,81,2,5,2,2,3,2,15,1,2,0
22,81,2,5,2,2,3,2,15,1,2,0
22,81,2,5,2,2,3,2,15,1,2,0
22,81,2,5,2,2,3,2,15,1,2,0
22,82,2,5,2,2,5,2,15,1,2,0
22,82,2,5,2,2,5,2,15,1,2,0
22,82,2,5,2,2,5,2,15,1,2,0
22,83,2,5,2,2,4,3,15,1,2,0
22,83,2,5,2,2,4,3,15,1,2,0
22,83,2,5,2,2,4,3,15,1,2,0
22,102,2,5,4,2,3,2,15,1,2,0
22,102,2,5,4,2,3,2,15,1,2,0
22,102,2,5,4,2,3,2,15,1,2,0
22,102,2,5,4,2,3,2,15,1,2,0
22,102,2,5,4,2,3,2,15,1,2,0
22,103,2,5,4,2,5,2,15,1,2,0
22,103,2,5,4,2,5,2,15,1,2,0
22,103,2,5,4,2,5,2,15,1,2,0
22,104,2,5,4,2,4,3,15,1,2,0
22,104,2,5,4,2,4,3,15,1,2,0
22,104,2,5,4,2,4,3,15,1,2,0
22,116,2,5,3,2,3,3,15,1,2,0
22,116,2,5,3,2,3,3,15,1,2,0
22,116,2,5,3,2,3,3,15,1,2,0
22,116,2,5,3,2,3,3,15,1,2,0
22,116,2,5,3,2,3,3,15,1,2,0
22,117,2,5,3,2,5,3,15,1,2,0
22,117,2,5,3,2,5,3,15,1,2,0
22,117,2,5,3,2,5,3,15,1,2,0
22,122,2,5,5,2,3,3,15,1,2,0
22,122,2,5,5,2,3,3,15,1,2,0
22,122,2,5,5,2,3,3,15,1,2,0
22,122,2,5,5,2,3,3,15,1,2,0
22,122,2,5,5,2,3,3,15,1,2,0
22,123,2,5,5,2,5,3,15,1,2,0
22,123,2,5,5,2,5,3,15,1,2,0
22,123,2,5,5,2,5,3,15,1,2,0
22,127,2,5,2,2,3,2,15,1,3,0
22,127,2,5,2,2,3,2,15,1,3,0
22,127,2,5,2,2,3,2,15,1,3,0
23,21,3,4,2,2,3,2,15,1,1,0
23,21,3,4,2,2,3,2,15,1,1,0
23,21,3,4,2,2,3,2,15,1,1,0
23,21,3,4,2,2,3,2,15,1,1,0
23,21,3,4,2,2,3,2,15,1,1,0
23,22,3,4,2,2,5,2,15,1,1,0
23,22,3,4,2,2,5,2,15,1,1,0
23,22,3,4,2,2,5,2,15,1,1,0
23,23,3,4,2,2,4,3,15,1,1,0
23,23,3,4,2,2,4,3,15,1,1,0
23,23,3,4,2,2,4,3,15,1,1,0
23,24,3,4,2,2,5,4,15,1,1,0
23,24,3,4,2,2,5,4,15,1,1,0
23,24,3,4,2,2,5,4,15,1,1,0
23,61,3,4,3,2,5,3,15,1,1,0
23,61,3,4,3,2,5,3,15,1,1,0
23,61,3,4,3,2,5,3,15,1,1,0
23,81,3,4,2,2,3,2,15,1,2,0
23,81,3,4,2,2,3,2,15,1,2,0
23,81,3,4,2,2,3,2,15,1,2,0
23,81,3,4,2,2,3,2,15,1,2,0
23,81,3,4,2,2,3,2,15,1,2,0
23,82,3,4,2,2,5,2,15,1,2,0
23,82,3,4,2,2,5,2,15,1,2,0
23,82,3,4,2,2,5,2,15,1,2,0
23,83,3,4,2,2,4,3,15,1,2,0
23,83,3,4,2,2,4,3,15,1,2,0
23,83,3,4,2,2,4,3,15,1,2,0
23,102,3,4,4,2,3,2,15,1,2,0
23,102,3,4,4,2,3,2,15,1,2,0
23,102,3,4,4,2,3,2,15,1,2,0
23,102,3,4,4,2,3,2,15,1,2,0
23,102,3,4,4,2,3,2,15,1,2,0
23,103,3,4,4,2,5,2,15,1,2,0
23,103,3,4,4,2,5,2,15,1,2,0
23,103,3,4,4,2,5,2,15,1,2,0
23,104,3,4,4,2,4,3,15,1,2,0
23,104,3,4,4,2,4,3,15,1,2,0
23,104,3,4,4,2,4,3,15,1,2,0
23,116,3,4,3,2,3,3,15,1,2,0
23,116,3,4,3,2,3,3,15,1,2,0
23,116,3,4,3,2,3,3,15,1,2,0
23,116,3,4,3,2,3,3,15,1,2,0
23,116,3,4,3,2,3,3,15,1,2,0
23,117,3,4,3,2,5,3,15,1,2,0
23,117,3,4,3,2,5,3,15,1,2,0
23,117,3,4,3,2,5,3,15,1,2,0
23,122,3,4,5,2,3,3,15,1,2,0
23,122,3,4,5,2,3,3,15,1,2,0
23,122,3,4,5,2,3,3,15,1,2,0
23,122,3,4,5,2,3,3,15,1,2,0
23,122,3,4,5,2,3,3,15,1,2,0
23,123,3,4,5,2,5,3,15,1,2,0
23,123,3,4,5,2,5,3,15,1,2,0
23,123,3,4,5,2,5,3,15,1,2,0
23,127,3,4,2,2,3,2,15,1,3,0
23,127,3,4,2,2,3,2,15,1,3,0
23,127,3,4,2,2,3,2,15,1,3,0
24,21,4,5,2,2,3,2,15,1,1,0
24,21,4,5,2,2,3,2,15,1,1,0
24,21,4,5,2,2,3,2,15,1,1,0
24,21,4,5,2,2,3,2,15,1,1,0
24,21,4,5,2,2,3,2,15,1,1,0
24,22,4,5,2,2,5,2,15,1,1,0
24,22,4,5,2,2,5,2,15,1,1,0
24,22,4,5,2,2,5,2,15,1,1,0
24,23,4,5,2,2,4,3,15,1,1,0
24,23,4,5,2,2,4,3,15,1,1,0
24,23,4,5,2,2,4,3,15,1,1,0
24,24,4,5,2,2,5,4,15,1,1,0
24,24,4,5,2,2,5,4,15,1,1,0
24,24,4,5,2,2,5,4,15,1,1,0
24,61,4,5,3,2,5,3,15,1,1,0
24,61,4,5,3,2,5,3,15,1,1,0
24,61,4,5,3,2,5,3,15,1,1,0
24,81,4,5,2,2,3,2,15,1,2,0
24,81,4,5,2,2,3,2,15,1,2,0
24,81,4,5,2,2,3,2,15,1,2,0
24,81,4,5,2,2,3,2,15,1,2,0
24,81,4,5,2,2,3,2,15,1,2,0
24,82,4,5,2,2,5,2,15,1,2,0
24,82,4,5,2,2,5,2,15,1,2,0
24,82,4,5,2,2,5,2,15,1,2,0
24,83,4,5,2,2,4,3,15,1,2,0
24,83,4,5,2,2,4,3,15,1,2,0
24,83,4,5,2,2,4,3,15,1,2,0
24,102,4,5,4,2,3,2,15,1,2,0
24,102,4,5,4,2,3,2,15,1,2,0
24,102,4,5,4,2,3,2,15,1,2,0
24,102,4,5,4,2,3,2,15,1,2,0
24,102,4,5,4,2,3,2,15,1,2,0
24,103,4,5,4,2,5,2,15,1,2,0
24,103,4,5,4,2,5,2,15,1,2,0
24,103,4,5,4,2,5,2,15,1,2,0
24,104,4,5,4,2,4,3,15,1,2,0
24,104,4,5,4,2,4,3,15,1,2,0
24,104,4,5,4,2,4,3,15,1,2,0
24,116,4,5,3,2,3,3,15,1,2,0
24,116,4,5,3,2,3,3,15,1,2,0
24,116,4,5,3,2,3,3,15,1,2,0
24,116,4,5,3,2,3,3,15,1,2,0
24,116,4,5,3,2,3,3,15,1,2,0
24,117,4,5,3,2,5,3,15,1,2,0
24,117,4,5,3,2,5,3,15,1,2,0
24,117,4,5,3,2,5,3,15,1,2,0
24,122,4,5,5,2,3,3,15,1,2,0
24,122,4,5,5,2,3,3,15,1,2,0
24,122,4,5,5,2,3,3,15,1,2,0
24,122,4,5,5,2,3,3,15,1,2,0
24,122,4,5,5,2,3,3,15,1,2,0
24,123,4,5,5,2,5,3,15,1,2,0
24,123,4,5,5,2,5,3,15,1,2,0
24,123,4,5,5,2,5,3,15,1,2,0
24,127,4,5,2,2,3,2,15,1,3,0
24,127,4,5,2,2,3,2,15,1,3,0
24,127,4,5,2,2,3,2,15,1,3,0
25,4,2,3,2,2,3,2,17,1,0,0
25,12,2,3,3,2,3,3,17,1,0,0
25,25,2,3,2,2,3,2,17,1,1,0
25,25,2,3,2,2,3,2,17,1,1,0
25,25,2,3,2,2,3,2,17,1,1,0
25,25,2,3,2,2,3,2,17,1,1,0
25,25,2,3,2,2,3,2,17,1,1,0
25,26,2,3,2,2,5,2,17,1,1,0
25,26,2,3,2,2,5,2,17,1,1,0
25,26,2,3,2,2,5,2,17,1,1,0
25,27,2,3,2,2,4,3,17,1,1,0
25,27,2,3,2,2,4,3,17,1,1,0
25,27,2,3,2,2,4,3,17,1,1,0
25,28,2,3,2,2,5,4,17,1,1,0
25,28,2,3,2,2,5,4,17,1,1,0
25,28,2,3,2,2,5,4,17,1,1,0
25,45,2,3,4,2,3,2,17,1,1,0
25,45,2,3,4,2,3,2,17,1,1,0
25,45,2,3,4,2,3,2,17,1,1,0
25,45,2,3,4,2,3,2,17,1,1,0
25,45,2,3,4,2,3,2,17,1,1,0
25,46,2,3,4,2,5,2,17,1,1,0
25,46,2,3,4,2,5,2,17,1,1,0
25,46,2,3,4,2,5,2,17,1,1,0
25,47,2,3,4,2,4,3,17,1,1,0
25,47,2,3,4,2,4,3,17,1,1,0
25,47,2,3,4,2,4,3,17,1,1,0
25,48,2,3,4,2,5,4,17,1,1,0
25,48,2,3,4,2,5,4,17,1,1,0
25,48,2,3,4,2,5,4,17,1,1,0
25,62,2,3,3,2,5,3,17,1,1,0
25,62,2,3,3,2,5,3,17,1,1,0
25,62,2,3,3,2,5,3,17,1,1,0
25,64,2,3,5,2,5,3,17,1,1,0
25,64,2,3,5,2,5,3,17,1,1,0
25,64,2,3,5,2,5,3,17,1,1,0
25,84,2,3,2,2,3,2,17,1,2,0
25,84,2,3,2,2,3,2,17,1,2,0
25,84,2,3,2,2,3,2,17,1,2,0
25,84,2,3,2,2,3,2,17,1,2,0
25,84,2,3,2,2,3,2,17,1,2,0
25,85,2,3,2,2,5,2,17,1,2,0
25,85,2,3,2,2,5,2,17,1,2,0
25,85,2,3,2,2,5,2,17,1,2,0
25,86,2,3,2,2,4,3,17,1,2,0
25,86,2,3,2,2,4,3,17,1,2,0
25,86,2,3,2,2,4,3,17,1,2,0
25,105,2,3,4,2,3,2,17,1,2,0
25,105,2,3,4,2,3,2,17,1,2,0
25,105,2,3,4,2,3,2,17,1,2,0
25,105,2,3,4,2,3,2,17,1,2,0
25,105,2,3,4,2,3,2,17,1,2,0
25,106,2,3,4,2,5,2,17,1,2,0
25,106,2,3,4,2,5,2,17,1,2,0
25,106,2,3,4,2,5,2,17,1,2,0
25,107,2,3,4,2,4,3,17,1,2,0
25,107,2,3,4,2,4,3,17,1,2,0
25,107,2,3,4,2,4,3,17,1,2,0
25,118,2,3,3,2,3,3,17,1,2,0
25,118,2,3,3,2,3,3,17,1,2,0
25,118,2,3,3,2,3,3,17,1,2,0
25,118,2,3,3,2,3,3,17,1,2,0
25,118,2,3,3,2,3,3,17,1,2,0
25,119,2,3,3,2,5,3,17,1,2,0
25,119,2,3,3,2,5,3,17,1,2,0
25,119,2,3,3,2,5,3,17,1,2,0
25,124,2,3,5,2,3,3,17,1,2,0
25,124,2,3,5,2,3,3,17,1,2,0
25,124,2,3,5,2,3,3,17,1,2,0
25,124,2,3,5,2,3,3,17,1,2,0
25,124,2,3,5,2,3,3,17,1,2,0
25,125,2,3,5,2,5,3,17,1,2,0
25,125,2,3,5,2,5,3,17,1,2,0
25,125,2,3,5,2,5,3,17,1,2,0
25,128,2,3,2,2,3,2,17,1,3,0
25,128,2,3,2,2,3,2,17,1,3,0
25,128,2,3,2,2,3,2,17,1,3,0
26,4,2,5,2,2,3,2,17,1,0,0
26,12,2,5,3,2,3,3,17,1,0,0
26,25,2,5,2,2,3,2,17,1,1,0
26,25,2,5,2,2,3,2,17,1,1,0
26,25,2,5,2,2,3,2,17,1,1,0
26,25,2,5,2,2,3,2,17,1,1,0
26,25,2,5,2,2,3,2,17,1,1,0
26,26,2,5,2,2,5,2,17,1,1,0
26,26,2,5,2,2,5,2,17,1,1,0
26,26,2,5,2,2,5,2,17,1,1,0
26,27,2,5,2,2,4,3,17,1,1,0
26,27,2,5,2,2,4,3,17,1,1,0
26,27,2,5,2,2,4,3,17,1,1,0
26,28,2,5,2,2,5,4,17,1,1,0
26,28,2,5,2,2,5,4,17,1,1,0
26,28,2,5,2,2,5,4,17,1,1,0
26,45,2,5,4,2,3,2,17,1,1,0
26,45,2,5,4,2,3,2,17,1,1,0
26,45,2,5,4,2,3,2,17,1,1,0
26,45,2,5,4,2,3,2,17,1,1,0
26,45,2,5,4,2,3,2,17,1,1,0
26,46,2,5,4,2,5,2,17,1,1,0
26,46,2,5,4,2,5,2,17,1,1,0
26,46,2,5,4,2,5,2,17,1,1,0
26,47,2,5,4,2,4,3,17,1,1,0
26,47,2,5,4,2,4,3,17,1,1,0
26,47,2,5,4,2,4,3,17,1,1,0
26,48,2,5,4,2,5,4,17,1,1,0
26,48,2,5,4,2,5,4,17,1,1,0
26,48,2,5,4,2,5,4,17,1,1,0
26,62,2,5,3,2,5,3,17,1,1,0
26,62,2,5,3,2,5,3,17,1,1,0
26,62,2,5,3,2,5,3,17,1,1,0
26,64,2,5,5,2,5,3,17,1,1,0
26,64,2,5,5,2,5,3,17,1,1,0
26,64,2,5,5,2,5,3,17,1,1,0
26,84,2,5,2,2,3,2,17,1,2,0
26,84,2,5,2,2,3,2,17,1,2,0
26,84,2,5,2,2,3,2,17,1,2,0
26,84,2,5,2,2,3,2,17,1,2,0
26,84,2,5,2,2,3,2,17,1,2,0
26,85,2,5,2,2,5,2,17,1,2,0
26,85,2,5,2,2,5,2,17,1,2,0
26,85,2,5,2,2,5,2,17,1,2,0
26,86,2,5,2,2,4,3,17,1,2,0
26,86,2,5,2,2,4,3,17,1,2,0
26,86,2,5,2,2,4,3,17,1,2,0
26,105,2,5,4,2,3,2,17,1,2,0
26,105,2,5,4,2,3,2,17,1,2,0
26,105,2,5,4,2,3,2,17,1,2,0
26,105,2,5,4,2,3,2,17,1,2,0
26,105,2,5,4,2,3,2,17,1,2,0
26,106,2,5,4,2,5,2,17,1,2,0
26,106,2,5,4,2,5,2,17,1,2,0
26,106,2,5,4,2,5,2,17,1,2,0
26,107,2,5,4,2,4,3,17,1,2,0
26,107,2,5,4,2,4,3,17,1,2,0
26,107,2,5,4,2,4,3,17,1,2,0
26,118,2,5,3,2,3,3,17,1,2,0
26,118,2,5,3,2,3,3,17,1,2,0
26,118,2,5,3,2,3,3,17,1,2,0
26,118,2,5,3,2,3,3,17,1,2,0
26,118,2,5,3,2,3,3,17,1,2,0
26,119,2,5,3,2,5,3,17,1,2,0
26,119,2,5,3,2,5,3,17,1,2,0
26,119,2,5,3,2,5,3,17,1,2,0
26,124,2,5,5,2,3,3,17,1,2,0
26,124,2,5,5,2,3,3,17,1,2,0
26,124,2,5,5,2,3,3,17,1,2,0
26,124,2,5,5,2,3,3,17,1,2,0
26,124,2,5,5,2,3,3,17,1,2,0
26,125,2,5,5,2,5,3,17,1,2,0
26,125,2,5,5,2,5,3,17,1,2,0
26,125,2,5,5,2,5,3,17,1,2,0
26,128,2,5,2,2,3,2,17,1,3,0
26,128,2,5,2,2,3,2,17,1,3,0
26,128,2,5,2,2,3,2,17,1,3,0
27,4,3,4,2,2,3,2,17,1,0,0
27,12,3,4,3,2,3,3,17,1,0,0
27,25,3,4,2,2,3,2,17,1,1,0
27,25,3,4,2,2,3,2,17,1,1,0
27,25,3,4,2,2,3,2,17,1,1,0
27,25,3,4,2,2,3,2,17,1,1,0
27,25,3,4,2,2,3,2,17,1,1,0
27,26,3,4,2,2,5,2,17,1,1,0
27,26,3,4,2,2,5,2,17,1,1,0
27,26,3,4,2,2,5,2,17,1,1,0
27,27,3,4,2,2,4,3,17,1,1,0
27,27,3,4,2,2,4,3,17,1,1,0
27,27,3,4,2,2,4,3,17,1,1,0
27,28,3,4,2,2,5,4,17,1,1,0
27,28,3,4,2,2,5,4,17,1,1,0
27,28,3,4,2,2,5,4,17,1,1,0
27,45,3,4,4,2,3,2,17,1,1,0
27,45,3,4,4,2,3,2,17,1,1,0
27,45,3,4,4,2,3,2,17,1,1,0
27,45,3,4,4,2,3,2,17,1,1,0
27,45,3,4,4,2,3,2,17,1,1,0
27,46,3,4,4,2,5,2,17,1,1,0
27,46,3,4,4,2,5,2,17,1,1,0
27,46,3,4,4,2,5,2,17,1,1,0
27,47,3,4,4,2,4,3,17,1,1,0
27,47,3,4,4,2,4,3,17,1,1,0
27,47,3,4,4,2,4,3,17,1,1,0
27,48,3,4,4,2,5,4,17,1,1,0
27,48,3,4,4,2,5,4,17,1,1,0
27,48,3,4,4,2,5,4,17,1,1,0
27,62,3,4,3,2,5,3,17,1,1,0
27,62,3,4,3,2,5,3,17,1,1,0
27,62,3,4,3,2,5,3,17,1,1,0
27,64,3,4,5,2,5,3,17,1,1,0
27,64,3,4,5,2,5,3,17,1,1,0
27,64,3,4,5,2,5,3,17,1,1,0
27,84,3,4,2,2,3,2,17,1,2,0
27,84,3,4,2,2,3,2,17,1,2,0
27,84,3,4,2,2,3,2,17,1,2,0
27,84,3,4,2,2,3,2,17,1,2,0
27,84,3,4,2,2,3,2,17,1,2,0
27,85,3,4,2,2,5,2,17,1,2,0
27,85,3,4,2,2,5,2,17,1,2,0
27,85,3,4,2,2,5,2,17,1,2,0
27,86,3,4,2,2,4,3,17,1,2,0
27,86,3,4,2,2,4,3,17,1,2,0
27,86,3,4,2,2,4,3,17,1,2,0
27,105,3,4,4,2,3,2,17,1,2,0
27,105,3,4,4,2,3,2,17,1,2,0
27,105,3,4,4,2,3,2,17,1,2,0
27,105,3,4,4,2,3,2,17,1,2,0
27,105,3,4,4,2,3,2,17,1,2,0
27,106,3,4,4,2,5,2,17,1,2,0
27,106,3,4,4,2,5,2,17,1,2,0
27,106,3,4,4,2,5,2,17,1,2,0
27,107,3,4,4,2,4,3,17,1,2,0
27,107,3,4,4,2,4,3,17,1,2,0
27,107,3,4,4,2,4,3,17,1,2,0
27,118,3,4,3,2,3,3,17,1,2,0
27,118,3,4,3,2,3,3,17,1,2,0
27,118,3,4,3,2,3,3,17,1,2,0
27,118,3,4,3,2,3,3,17,1,2,0
27,118,3,4,3,2,3,3,17,1,2,0
27,119,3,4,3,2,5,3,17,1,2,0
27,119,3,4,3,2,5,3,17,1,2,0
27,119,3,4,3,2,5,3,17,1,2,0
27,124,3,4,5,2,3,3,17,1,2,0
27,124,3,4,5,2,3,3,17,1,2,0
27,124,3,4,5,2,3,3,17,1,2,0
27,124,3,4,5,2,3,3,17,1,2,0
27,124,3,4,5,2,3,3,17,1,2,0
27,125,3,4,5,2,5,3,17,1,2,0
27,125,3,4,5,2,5,3,17,1,2,0
27,125,3,4,5,2,5,3,17,1,2,0
27,128,3,4,2,2,3,2,17,1,3,0
27,128,3,4,2,2,3,2,17,1,3,0
27,128,3,4,2,2,3,2,17,1,3,0
28,4,4,5,2,2,3,2,17,1,0,0
28,12,4,5,3,2,3,3,17,1,0,0
28,25,4,5,2,2,3,2,17,1,1,0
28,25,4,5,2,2,3,2,17,1,1,0
28,25,4,5,2,2,3,2,17,1,1,0
28,25,4,5,2,2,3,2,17,1,1,0
28,25,4,5,2,2,3,2,17,1,1,0
28,26,4,5,2,2,5,2,17,1,1,0
28,26,4,5,2,2,5,2,17,1,1,0
28,26,4,5,2,2,5,2,17,1,1,0
28,27,4,5,2,2,4,3,17,1,1,0
28,27,4,5,2,2,4,3,17,1,1,0
28,27,4,5,2,2,4,3,17,1,1,0
28,28,4,5,2,2,5,4,17,1,1,0
28,28,4,5,2,2,5,4,17,1,1,0
28,28,4,5,2,2,5,4,17,1,1,0
28,45,4,5,4,2,3,2,17,1,1,0
28,45,4,5,4,2,3,2,17,1,1,0
28,45,4,5,4,2,3,2,17,1,1,0
28,45,4,5,4,2,3,2,17,1,1,0
28,45,4,5,4,2,3,2,17,1,1,0
28,46,4,5,4,2,5,2,17,1,1,0
28,46,4,5,4,2,5,2,17,1,1,0
28,46,4,5,4,2,5,2,17,1,1,0
28,47,4,5,4,2,4,3,17,1,1,0
28,47,4,5,4,2,4,3,17,1,1,0
28,47,4,5,4,2,4,3,17,1,1,0
28,48,4,5,4,2,5,4,17,1,1,0
28,48,4,5,4,2,5,4,17,1,1,0
28,48,4,5,4,2,5,4,17,1,1,0
28,62,4,5,3,2,5,3,17,1,1,0
28,62,4,5,3,2,5,3,17,1,1,0
28,62,4,5,3,2,5,3,17,1,1,0
28,64,4,5,5,2,5,3,17,1,1,0
28,64,4,5,5,2,5,3,17,1,1,0
28,64,4,5,5,2,5,3,17,1,1,0
28,84,4,5,2,2,3,2,17,1,2,0
28,84,4,5,2,2,3,2,17,1,2,0
28,84,4,5,2,2,3,2,17,1,2,0
28,84,4,5,2,2,3,2,17,1,2,0
28,84,4,5,2,2,3,2,17,1,2,0
28,85,4,5,2,2,5,2,17,1,2,0
28,85,4,5,2,2,5,2,17,1,2,0
28,85,4,5,2,2,5,2,17,1,2,0
28,86,4,5,2,2,4,3,17,1,2,0
28,86,4,5,2,2,4,3,17,1,2,0
28,86,4,5,2,2,4,3,17,1,2,0
28,105,4,5,4,2,3,2,17,1,2,0
28,105,4,5,4,2,3,2,17,1,2,0
28,105,4,5,4,2,3,2,17,1,2,0
28,105,4,5,4,2,3,2,17,1,2,0
28,105,4,5,4,2,3,2,17,1,2,0
28,106,4,5,4,2,5,2,17,1,2,0
28,106,4,5,4,2,5,2,17,1,2,0
28,106,4,5,4,2,5,2,17,1,2,0
28,107,4,5,4,2,4,3,17,1,2,0
28,107,4,5,4,2,4,3,17,1,2,0
28,107,4,5,4,2,4,3,17,1,2,0
28,118,4,5,3,2,3,3,17,1,2,0
28,118,4,5,3,2,3,3,17,1,2,0
28,118,4,5,3,2,3,3,17,1,2,0
28,118,4,5,3,2,3,3,17,1,2,0
28,118,4,5,3,2,3,3,17,1,2,0
28,119,4,5,3,2,5,3,17,1,2,0
28,119,4,5,3,2,5,3,17,1,2,0
28,119,4,5,3,2,5,3,17,1,2,0
28,124,4,5,5,2,3,3,17,1,2,0
28,124,4,5,5,2,3,3,17,1,2,0
28,124,4,5,5,2,3,3,17,1,2,0
28,124,4,5,5,2,3,3,17,1,2,0
28,124,4,5,5,2,3,3,17,1,2,0
28,125,4,5,5,2,5,3,17,1,2,0
28,125,4,5,5,2,5,3,17,1,2,0
28,125,4,5,5,2,5,3,17,1,2,0
28,128,4,5,2,2,3,2,17,1,3,0
28,128,4,5,2,2,3,2,17,1,3,0
28,128,4,5,2,2,3,2,17,1,3,0
29,9,2,3,4,2,5,4,19,1,0,0
29,15,2,3,5,2,5,5,19,1,0,0
29,29,2,3,2,2,3,2,19,1,1,0
29,29,2,3,2,2,3,2,19,1,1,0
29,29,2,3,2,2,3,2,19,1,1,0
29,29,2,3,2,2,3,2,19,1,1,0
29,29,2,3,2,2,3,2,19,1,1,0
29,30,2,3,2,2,5,2,19,1,1,0
29,30,2,3,2,2,5,2,19,1,1,0
29,30,2,3,2,2,5,2,19,1,1,0
29,31,2,3,2,2,4,3,19,1,1,0
29,31,2,3,2,2,4,3,19,1,1,0
29,31,2,3,2,2,4,3,19,1,1,0
29,32,2,3,2,2,5,4,19,1,1,0
29,32,2,3,2,2,5,4,19,1,1,0
29,32,2,3,2,2,5,4,19,1,1,0
29,49,2,3,4,2,3,2,19,1,1,0
29,49,2,3,4,2,3,2,19,1,1,0
29,49,2,3,4,2,3,2,19,1,1,0
29,49,2,3,4,2,3,2,19,1,1,0
29,49,2,3,4,2,3,2,19,1,1,0
29,50,2,3,4,2,5,2,19,1,1,0
29,50,2,3,4,2,5,2,19,1,1,0
29,50,2,3,4,2,5,2,19,1,1,0
29,51,2,3,4,2,4,3,19,1,1,0
29,51,2,3,4,2,4,3,19,1,1,0
29,51,2,3,4,2,4,3,19,1,1,0
29,52,2,3,4,2,5,4,19,1,1,0
29,52,2,3,4,2,5,4,19,1,1,0
29,52,2,3,4,2,5,4,19,1,1,0
29,63,2,3,3,2,5,3,19,1,1,0
29,63,2,3,3,2,5,3,19,1,1,0
29,63,2,3,3,2,5,3,19,1,1,0
29,65,2,3,5,2,5,3,19,1,1,0
29,65,2,3,5,2,5,3,19,1,1,0
29,65,2,3,5,2,5,3,19,1,1,0
29,87,2,3,2,2,3,2,19,1,2,0
29,87,2,3,2,2,3,2,19,1,2,0
29,87,2,3,2,2,3,2,19,1,2,0
29,87,2,3,2,2,3,2,19,1,2,0
29,87,2,3,2,2,3,2,19,1,2,0
29,88,2,3,2,2,5,2,19,1,2,0
29,88,2,3,2,2,5,2,19,1,2,0
29,88,2,3,2,2,5,2,19,1,2,0
29,89,2,3,2,2,4,3,19,1,2,0
29,89,2,3,2,2,4,3,19,1,2,0
29,89,2,3,2,2,4,3,19,1,2,0
29,120,2,3,3,2,3,3,19,1,2,0
29,120,2,3,3,2,3,3,19,1,2,0
29,120,2,3,3,2,3,3,19,1,2,0
29,120,2,3,3,2,3,3,19,1,2,0
29,120,2,3,3,2,3,3,19,1,2,0
29,121,2,3,3,2,5,3,19,1,2,0
29,121,2,3,3,2,5,3,19,1,2,0
29,121,2,3,3,2,5,3,19,1,2,0
30,9,2,5,4,2,5,4,19,1,0,0
30,15,2,5,5,2,5,5,19,1,0,0
30,29,2,5,2,2,3,2,19,1,1,0
30,29,2,5,2,2,3,2,19,1,1,0
30,29,2,5,2,2,3,2,19,1,1,0
30,29,2,5,2,2,3,2,19,1,1,0
30,29,2,5,2,2,3,2,19,1,1,0
30,30,2,5,2,2,5,2,19,1,1,0
30,30,2,5,2,2,5,2,19,1,1,0
30,30,2,5,2,2,5,2,19,1,1,0
30,31,2,5,2,2,4,3,19,1,1,0
30,31,2,5,2,2,4,3,19,1,1,0
30,31,2,5,2,2,4,3,19,1,1,0
30,32,2,5,2,2,5,4,19,1,1,0
30,32,2,5,2,2,5,4,19,1,1,0
30,32,2,5,2,2,5,4,19,1,1,0
30,49,2,5,4,2,3,2,19,1,1,0
30,49,2,5,4,2,3,2,19,1,1,0
30,49,2,5,4,2,3,2,19,1,1,0
30,49,2,5,4,2,3,2,19,1,1,0
30,49,2,5,4,2,3,2,19,1,1,0
30,50,2,5,4,2,5,2,19,1,1,0
30,50,2,5,4,2,5,2,19,1,1,0
30,50,2,5,4,2,5,2,19,1,1,0
30,51,2,5,4,2,4,3,19,1,1,0
30,51,2,5,4,2,4,3,19,1,1,0
30,51,2,5,4,2,4,3,19,1,1,0
30,52,2,5,4,2,5,4,19,1,1,0
30,52,2,5,4,2,5,4,19,1,1,0
30,52,2,5,4,2,5,4,19,1,1,0
30,63,2,5,3,2,5,3,19,1,1,0
30,63,2,5,3,2,5,3,19,1,1,0
30,63,2,5,3,2,5,3,19,1,1,0
30,65,2,5,5,2,5,3,19,1,1,0
30,65,2,5,5,2,5,3,19,1,1,0
30,65,2,5,5,2,5,3,19,1,1,0
30,87,2,5,2,2,3,2,19,1,2,0
30,87,2,5,2,2,3,2,19,1,2,0
30,87,2,5,2,2,3,2,19,1,2,0
30,87,2,5,2,2,3,2,19,1,2,0
30,87,2,5,2,2,3,2,19,1,2,0
30,88,2,5,2,2,5,2,19,1,2,0
30,88,2,5,2,2,5,2,19,1,2,0
30,88,2,5,2,2,5,2,19,1,2,0
30,89,2,5,2,2,4,3,19,1,2,0
30,89,2,5,2,2,4,3,19,1,2,0
30,89,2,5,2,2,4,3,19,1,2,0
30,120,2,5,3,2,3,3,19,1,2,0
30,120,2,5,3,2,3,3,19,1,2,0
30,120,2,5,3,2,3,3,19,1,2,0
30,120,2,5,3,2,3,3,19,1,2,0
30,120,2,5,3,2,3,3,19,1,2,0
30,121,2,5,3,2,5,3,19,1,2,0
30,121,2,5,3,2,5,3,19,1,2,0
30,121,2,5,3,2,5,3,19,1,2,0
31,9,3,4,4,2,5,4,19,1,0,0
31,15,3,4,5,2,5,5,19,1,0,0
31,29,3,4,2,2,3,2,19,1,1,0
31,29,3,4,2,2,3,2,19,1,1,0
31,29,3,4,2,2,3,2,19,1,1,0
31,29,3,4,2,2,3,2,19,1,1,0
31,29,3,4,2,2,3,2,19,1,1,0
31,30,3,4,2,2,5,2,19,1,1,0
31,30,3,4,2,2,5,2,19,1,1,0
31,30,3,4,2,2,5,2,19,1,1,0
31,31,3,4,2,2,4,3,19,1,1,0
31,31,3,4,2,2,4,3,19,1,1,0
31,31,3,4,2,2,4,3,19,1,1,0
31,32,3,4,2,2,5,4,19,1,1,0
31,32,3,4,2,2,5,4,19,1,1,0
31,32,3,4,2,2,5,4,19,1,1,0
31,49,3,4,4,2,3,2,19,1,1,0
31,49,3,4,4,2,3,2,19,1,1,0
31,49,3,4,4,2,3,2,19,1,1,0
31,49,3,4,4,2,3,2,19,1,1,0
31,49,3,4,4,2,3,2,19,1,1,0
31,50,3,4,4,2,5,2,19,1,1,0
31,50,3,4,4,2,5,2,19,1,1,0
31,50,3,4,4,2,5,2,19,1,1,0
31,51,3,4,4,2,4,3,19,1,1,0
31,51,3,4,4,2,4,3,19,1,1,0
31,51,3,4,4,2,4,3,19,1,1,0
31,52,3,4,4,2,5,4,19,1,1,0
31,52,3,4,4,2,5,4,19,1,1,0
31,52,3,4,4,2,5,4,19,1,1,0
31,63,3,4,3,2,5,3,19,1,1,0
31,63,3,4,3,2,5,3,19,1,1,0
31,63,3,4,3,2,5,3,19,1,1,0
31,65,3,4,5,2,5,3,19,1,1,0
31,65,3,4,5,2,5,3,19,1,1,0
31,65,3,4,5,2,5,3,19,1,1,0
31,87,3,4,2,2,3,2,19,1,2,0
31,87,3,4,2,2,3,2,19,1,2,0
31,87,3,4,2,2,3,2,19,1,2,0
31,87,3,4,2,2,3,2,19,1,2,0
31,87,3,4,2,2,3,2,19,1,2,0
31,88,3,4,2,2,5,2,19,1,2,0
31,88,3,4,2,2,5,2,19,1,2,0
31,88,3,4,2,2,5,2,19,1,2,0
31,89,3,4,2,2,4,3,19,1,2,0
31,89,3,4,2,2,4,3,19,1,2,0
31,89,3,4,2,2,4,3,19,1,2,0
31,120,3,4,3,2,3,3,19,1,2,0
31,120,3,4,3,2,3,3,19,1,2,0
31,120,3,4,3,2,3,3,19,1,2,0
31,120,3,4,3,2,3,3,19,1,2,0
31,120,3,4,3,2,3,3,19,1,2,0
31,121,3,4,3,2,5,3,19,1,2,0
31,121,3,4,3,2,5,3,19,1,2,0
31,121,3,4,3,2,5,3,19,1,2,0
32,9,4,5,4,2,5,4,19,1,0,0
32,15,4,5,5,2,5,5,19,1,0,0
32,29,4,5,2,2,3,2,19,1,1,0
32,29,4,5,2,2,3,2,19,1,1,0
32,29,4,5,2,2,3,2,19,1,1,0
32,29,4,5,2,2,3,2,19,1,1,0
32,29,4,5,2,2,3,2,19,1,1,0
32,30,4,5,2,2,5,2,19,1,1,0
32,30,4,5,2,2,5,2,19,1,1,0
32,30,4,5,2,2,5,2,19,1,1,0
32,31,4,5,2,2,4,3,19,1,1,0
32,31,4,5,2,2,4,3,19,1,1,0
32,31,4,5,2,2,4,3,19,1,1,0
32,32,4,5,2,2,5,4,19,1,1,0
32,32,4,5,2,2,5,4,19,1,1,0
32,32,4,5,2,2,5,4,19,1,1,0
32,49,4,5,4,2,3,2,19,1,1,0
32,49,4,5,4,2,3,2,19,1,1,0
32,49,4,5,4,2,3,2,19,1,1,0
32,49,4,5,4,2,3,2,19,1,1,0
32,49,4,5,4,2,3,2,19,1,1,0
32,50,4,5,4,2,5,2,19,1,1,0
32,50,4,5,4,2,5,2,19,1,1,0
32,50,4,5,4,2,5,2,19,1,1,0
32,51,4,5,4,2,4,3,19,1,1,0
32,51,4,5,4,2,4,3,19,1,1,0
32,51,4,5,4,2,4,3,19,1,1,0
32,52,4,5,4,2,5,4,19,1,1,0
32,52,4,5,4,2,5,4,19,1,1,0
32,52,4,5,4,2,5,4,19,1,1,0
32,63,4,5,3,2,5,3,19,1,1,0
32,63,4,5,3,2,5,3,19,1,1,0
32,63,4,5,3,2,5,3,19,1,1,0
32,65,4,5,5,2,5,3,19,1,1,0
32,65,4,5,5,2,5,3,19,1,1,0
32,65,4,5,5,2,5,3,19,1,1,0
32,87,4,5,2,2,3,2,19,1,2,0
32,87,4,5,2,2,3,2,19,1,2,0
32,87,4,5,2,2,3,2,19,1,2,0
32,87,4,5,2,2,3,2,19,1,2,0
32,87,4,5,2,2,3,2,19,1,2,0
32,88,4,5,2,2,5,2,19,1,2,0
32,88,4,5,2,2,5,2,19,1,2,0
32,88,4,5,2,2,5,2,19,1,2,0
32,89,4,5,2,2,4,3,19,1,2,0
32,89,4,5,2,2,4,3,19,1,2,0
32,89,4,5,2,2,4,3,19,1,2,0
32,120,4,5,3,2,3,3,19,1,2,0
32,120,4,5,3,2,3,3,19,1,2,0
32,120,4,5,3,2,3,3,19,1,2,0
32,120,4,5,3,2,3,3,19,1,2,0
32,120,4,5,3,2,3,3,19,1,2,0
32,121,4,5,3,2,5,3,19,1,2,0
32,121,4,5,3,2,5,3,19,1,2,0
32,121,4,5,3,2,5,3,19,1,2,0
33,16,2,3,2,3,4,2,14,1,1,0
33,16,2,3,2,3,4,2,14,1,1,0
33,16,2,3,2,3,4,2,14,1,1,0
33,33,2,3,3,3,3,2,14,1,1,0
33,33,2,3,3,3,3,2,14,1,1,0
33,33,2,3,3,3,3,2,14,1,1,0
33,33,2,3,3,3,3,2,14,1,1,0
33,33,2,3,3,3,3,2,14,1,1,0
33,34,2,3,3,3,5,2,14,1,1,0
33,34,2,3,3,3,5,2,14,1,1,0
33,34,2,3,3,3,5,2,14,1,1,0
33,35,2,3,3,3,4,3,14,1,1,0
33,35,2,3,3,3,4,3,14,1,1,0
33,35,2,3,3,3,4,3,14,1,1,0
33,36,2,3,3,3,5,4,14,1,1,0
33,36,2,3,3,3,5,4,14,1,1,0
33,36,2,3,3,3,5,4,14,1,1,0
33,68,2,3,2,3,2,2,14,1,2,0
33,68,2,3,2,3,2,2,14,1,2,0
33,68,2,3,2,3,2,2,14,1,2,0
33,68,2,3,2,3,2,2,14,1,2,0
33,68,2,3,2,3,2,2,14,1,2,0
33,69,2,3,2,3,4,2,14,1,2,0
33,69,2,3,2,3,4,2,14,1,2,0
33,69,2,3,2,3,4,2,14,1,2,0
33,74,2,3,4,3,2,2,14,1,2,0
33,74,2,3,4,3,2,2,14,1,2,0
33,74,2,3,4,3,2,2,14,1,2,0
33,74,2,3,4,3,2,2,14,1,2,0
33,74,2,3,4,3,2,2,14,1,2,0
33,75,2,3,4,3,4,2,14,1,2,0
33,75,2,3,4,3,4,2,14,1,2,0
33,75,2,3,4,3,4,2,14,1,2,0
33,93,2,3,3,3,3,2,14,1,2,0
33,93,2,3,3,3,3,2,14,1,2,0
33,93,2,3,3,3,3,2,14,1,2,0
33,93,2,3,3,3,3,2,14,1,2,0
33,93,2,3,3,3,3,2,14,1,2,0
33,94,2,3,3,3,5,2,14,1,2,0
33,94,2,3,3,3,5,2,14,1,2,0
33,94,2,3,3,3,5,2,14,1,2,0
33,95,2,3,3,3,4,3,14,1,2,0
33,95,2,3,3,3,4,3,14,1,2,0
33,95,2,3,3,3,4,3,14,1,2,0
33,108,2,3,5,3,3,2,14,1,2,0
33,108,2,3,5,3,3,2,14,1,2,0
33,108,2,3,5,3,3,2,14,1,2,0
33,108,2,3,5,3,3,2,14,1,2,0
33,108,2,3,5,3,3,2,14,1,2,0
33,109,2,3,5,3,5,2,14,1,2,0
33,109,2,3,5,3,5,2,14,1,2,0
33,109,2,3,5,3,5,2,14,1,2,0
33,110,2,3,5,3,4,3,14,1,2,0
33,110,2,3,5,3,4,3,14,1,2,0
33,110,2,3,5,3,4,3,14,1,2,0
33,130,2,3,3,3,3,2,14,1,3,0
33,130,2,3,3,3,3,2,14,1,3,0
33,130,2,3,3,3,3,2,14,1,3,0
34,16,2,5,2,3,4,2,14,1,1,0
34,16,2,5,2,3,4,2,14,1,1,0
34,16,2,5,2,3,4,2,14,1,1,0
34,33,2,5,3,3,3,2,14,1,1,0
34,33,2,5,3,3,3,2,14,1,1,0
34,33,2,5,3,3,3,2,14,1,1,0
34,33,2,5,3,3,3,2,14,1,1,0
34,33,2,5,3,3,3,2,14,1,1,0
34,34,2,5,3,3,5,2,14,1,1,0
34,34,2,5,3,3,5,2,14,1,1,0
34,34,2,5,3,3,5,2,14,1,1,0
34,35,2,5,3,3,4,3,14,1,1,0
34,35,2,5,3,3,4,3,14,1,1,0
34,35,2,5,3,3,4,3,14,1,1,0
34,36,2,5,3,3,5,4,14,1,1,0
34,36,2,5,3,3,5,4,14,1,1,0
34,36,2,5,3,3,5,4,14,1,1,0
34,68,2,5,2,3,2,2,14,1,2,0
34,68,2,5,2,3,2,2,14,1,2,0
34,68,2,5,2,3,2,2,14,1,2,0
34,68,2,5,2,3,2,2,14,1,2,0
34,68,2,5,2,3,2,2,14,1,2,0
34,69,2,5,2,3,4,2,14,1,2,0
34,69,2,5,2,3,4,2,14,1,2,0
34,69,2,5,2,3,4,2,14,1,2,0
34,74,2,5,4,3,2,2,14,1,2,0
34,74,2,5,4,3,2,2,14,1,2,0
34,74,2,5,4,3,2,2,14,1,2,0
34,74,2,5,4,3,2,2,14,1,2,0
34,74,2,5,4,3,2,2,14,1,2,0
34,75,2,5,4,3,4,2,14,1,2,0
34,75,2,5,4,3,4,2,14,1,2,0
34,75,2,5,4,3,4,2,14,1,2,0
34,93,2,5,3,3,3,2,14,1,2,0
34,93,2,5,3,3,3,2,14,1,2,0
34,93,2,5,3,3,3,2,14,1,2,0
34,93,2,5,3,3,3,2,14,1,2,0
34,93,2,5,3,3,3,2,14,1,2,0
34,94,2,5,3,3,5,2,14,1,2,0
34,94,2,5,3,3,5,2,14,1,2,0
34,94,2,5,3,3,5,2,14,1,2,0
34,95,2,5,3,3,4,3,14,1,2,0
34,95,2,5,3,3,4,3,14,1,2,0
34,95,2,5,3,3,4,3,14,1,2,0
34,108,2,5,5,3,3,2,14,1,2,0
34,108,2,5,5,3,3,2,14,1,2,0
34,108,2,5,5,3,3,2,14,1,2,0
34,108,2,5,5,3,3,2,14,1,2,0
34,108,2,5,5,3,3,2,14,1,2,0
34,109,2,5,5,3,5,2,14,1,2,0
34,109,2,5,5,3,5,2,14,1,2,0
34,109,2,5,5,3,5,2,14,1,2,0
34,110,2,5,5,3,4,3,14,1,2,0
34,110,2,5,5,3,4,3,14,1,2,0
34,110,2,5,5,3,4,3,14,1,2,0
34,130,2,5,3,3,3,2,14,1,3,0
34,130,2,5,3,3,3,2,14,1,3,0
34,130,2,5,3,3,3,2,14,1,3,0
35,16,3,4,2,3,4,2,14,1,1,0
35,16,3,4,2,3,4,2,14,1,1,0
35,16,3,4,2,3,4,2,14,1,1,0
35,33,3,4,3,3,3,2,14,1,1,0
35,33,3,4,3,3,3,2,14,1,1,0
35,33,3,4,3,3,3,2,14,1,1,0
35,33,3,4,3,3,3,2,14,1,1,0
35,33,3,4,3,3,3,2,14,1,1,0
35,34,3,4,3,3,5,2,14,1,1,0
35,34,3,4,3,3,5,2,14,1,1,0
35,34,3,4,3,3,5,2,14,1,1,0
35,35,3,4,3,3,4,3,14,1,1,0
35,35,3,4,3,3,4,3,14,1,1,0
35,35,3,4,3,3,4,3,14,1,1,0
35,36,3,4,3,3,5,4,14,1,1,0
35,36,3,4,3,3,5,4,14,1,1,0
35,36,3,4,3,3,5,4,14,1,1,0
35,68,3,4,2,3,2,2,14,1,2,0
35,68,3,4,2,3,2,2,14,1,2,0
35,68,3,4,2,3,2,2,14,1,2,0
35,68,3,4,2,3,2,2,14,1,2,0
35,68,3,4,2,3,2,2,14,1,2,0
35,69,3,4,2,3,4,2,14,1,2,0
35,69,3,4,2,3,4,2,14,1,2,0
35,69,3,4,2,3,4,2,14,1,2,0
35,74,3,4,4,3,2,2,14,1,2,0
35,74,3,4,4,3,2,2,14,1,2,0
35,74,3,4,4,3,2,2,14,1,2,0
35,74,3,4,4,3,2,2,14,1,2,0
35,74,3,4,4,3,2,2,14,1,2,0
35,75,3,4,4,3,4,2,14,1,2,0
35,75,3,4,4,3,4,2,14,1,2,0
35,75,3,4,4,3,4,2,14,1,2,0
35,93,3,4,3,3,3,2,14,1,2,0
35,93,3,4,3,3,3,2,14,1,2,0
35,93,3,4,3,3,3,2,14,1,2,0
35,93,3,4,3,3,3,2,14,1,2,0
35,93,3,4,3,3,3,2,14,1,2,0
35,94,3,4,3,3,5,2,14,1,2,0
35,94,3,4,3,3,5,2,14,1,2,0
35,94,3,4,3,3,5,2,14,1,2,0
35,95,3,4,3,3,4,3,14,1,2,0
35,95,3,4,3,3,4,3,14,1,2,0
35,95,3,4,3,3,4,3,14,1,2,0
35,108,3,4,5,3,3,2,14,1,2,0
35,108,3,4,5,3,3,2,14,1,2,0
35,108,3,4,5,3,3,2,14,1,2,0
35,108,3,4,5,3,3,2,14,1,2,0
35,108,3,4,5,3,3,2,14,1,2,0
35,109,3,4,5,3,5,2,14,1,2,0
35,109,3,4,5,3,5,2,14,1,2,0
35,109,3,4,5,3,5,2,14,1,2,0
35,110,3,4,5,3,4,3,14,1,2,0
35,110,3,4,5,3,4,3,14,1,2,0
35,110,3,4,5,3,4,3,14,1,2,0
35,130,3,4,3,3,3,2,14,1,3,0
35,130,3,4,3,3,3,2,14,1,3,0
35,130,3,4,3,3,3,2,14,1,3,0
36,16,4,5,2,3,4,2,14,1,1,0
36,16,4,5,2,3,4,2,14,1,1,0
36,16,4,5,2,3,4,2,14,1,1,0
36,33,4,5,3,3,3,2,14,1,1,0
36,33,4,5,3,3,3,2,14,1,1,0
36,33,4,5,3,3,3,2,14,1,1,0
36,33,4,5,3,3,3,2,14,1,1,0
36,33,4,5,3,3,3,2,14,1,1,0
36,34,4,5,3,3,5,2,14,1,1,0
36,34,4,5,3,3,5,2,14,1,1,0
36,34,4,5,3,3,5,2,14,1,1,0
36,35,4,5,3,3,4,3,14,1,1,0
36,35,4,5,3,3,4,3,14,1,1,0
36,35,4,5,3,3,4,3,14,1,1,0
36,36,4,5,3,3,5,4,14,1,1,0
36,36,4,5,3,3,5,4,14,1,1,0
36,36,4,5,3,3,5,4,14,1,1,0
36,68,4,5,2,3,2,2,14,1,2,0
36,68,4,5,2,3,2,2,14,1,2,0
36,68,4,5,2,3,2,2,14,1,2,0
36,68,4,5,2,3,2,2,14,1,2,0
36,68,4,5,2,3,2,2,14,1,2,0
36,69,4,5,2,3,4,2,14,1,2,0
36,69,4,5,2,3,4,2,14,1,2,0
36,69,4,5,2,3,4,2,14,1,2,0
36,74,4,5,4,3,2,2,14,1,2,0
36,74,4,5,4,3,2,2,14,1,2,0
36,74,4,5,4,3,2,2,14,1,2,0
36,74,4,5,4,3,2,2,14,1,2,0
36,74,4,5,4,3,2,2,14,1,2,0
36,75,4,5,4,3,4,2,14,1,2,0
36,75,4,5,4,3,4,2,14,1,2,0
36,75,4,5,4,3,4,2,14,1,2,0
36,93,4,5,3,3,3,2,14,1,2,0
36,93,4,5,3,3,3,2,14,1,2,0
36,93,4,5,3,3,3,2,14,1,2,0
36,93,4,5,3,3,3,2,14,1,2,0
36,93,4,5,3,3,3,2,14,1,2,0
36,94,4,5,3,3,5,2,14,1,2,0
36,94,4,5,3,3,5,2,14,1,2,0
36,94,4,5,3,3,5,2,14,1,2,0
36,95,4,5,3,3,4,3,14,1,2,0
36,95,4,5,3,3,4,3,14,1,2,0
36,95,4,5,3,3,4,3,14,1,2,0
36,108,4,5,5,3,3,2,14,1,2,0
36,108,4,5,5,3,3,2,14,1,2,0
36,108,4,5,5,3,3,2,14,1,2,0
36,108,4,5,5,3,3,2,14,1,2,0
36,108,4,5,5,3,3,2,14,1,2,0
36,109,4,5,5,3,5,2,14,1,2,0
36,109,4,5,5,3,5,2,14,1,2,0
36,109,4,5,5,3,5,2,14,1,2,0
36,110,4,5,5,3,4,3,14,1,2,0
36,110,4,5,5,3,4,3,14,1,2,0
36,110,4,5,5,3,4,3,14,1,2,0
36,130,4,5,3,3,3,2,14,1,3,0
36,130,4,5,3,3,3,2,14,1,3,0
36,130,4,5,3,3,3,2,14,1,3,0
37,0,2,3,2,3,2,2,16,1,0,0
37,6,2,3,3,3,3,2,16,1,0,0
37,17,2,3,2,3,4,2,16,1,1,0
37,17,2,3,2,3,4,2,16,1,1,0
37,17,2,3,2,3,4,2,16,1,1,0
37,19,2,3,4,3,4,2,16,1,1,0
37,19,2,3,4,3,4,2,16,1,1,0
37,19,2,3,4,3,4,2,16,1,1,0
37,37,2,3,3,3,3,2,16,1,1,0
37,37,2,3,3,3,3,2,16,1,1,0
37,37,2,3,3,3,3,2,16,1,1,0
37,37,2,3,3,3,3,2,16,1,1,0
37,37,2,3,3,3,3,2,16,1,1,0
37,38,2,3,3,3,5,2,16,1,1,0
37,38,2,3,3,3,5,2,16,1,1,0
37,38,2,3,3,3,5,2,16,1,1,0
37,39,2,3,3,3,4,3,16,1,1,0
37,39,2,3,3,3,4,3,16,1,1,0
37,39,2,3,3,3,4,3,16,1,1,0
37,40,2,3,3,3,5,4,16,1,1,0
37,40,2,3,3,3,5,4,16,1,1,0
37,40,2,3,3,3,5,4,16,1,1,0
37,53,2,3,5,3,3,2,16,1,1,0
37,53,2,3,5,3,3,2,16,1,1,0
37,53,2,3,5,3,3,2,16,1,1,0
37,53,2,3,5,3,3,2,16,1,1,0
37,53,2,3,5,3,3,2,16,1,1,0
37,54,2,3,5,3,5,2,16,1,1,0
37,54,2,3,5,3,5,2,16,1,1,0
37,54,2,3,5,3,5,2,16,1,1,0
37,55,2,3,5,3,4,3,16,1,1,0
37,55,2,3,5,3,4,3,16,1,1,0
37,55,2,3,5,3,4,3,16,1,1,0
37,56,2,3,5,3,5,4,16,1,1,0
37,56,2,3,5,3,5,4,16,1,1,0
37,56,2,3,5,3,5,4,16,1,1,0
37,70,2,3,2,3,2,2,16,1,2,0
37,70,2,3,2,3,2,2,16,1,2,0
37,70,2,3,2,3,2,2,16,1,2,0
37,70,2,3,2,3,2,2,16,1,2,0
37,70,2,3,2,3,2,2,16,1,2,0
37,71,2,3,2,3,4,2,16,1,2,0
37,71,2,3,2,3,4,2,16,1,2,0
37,71,2,3,2,3,4,2,16,1,2,0
37,76,2,3,4,3,2,2,16,1,2,0
37,76,2,3,4,3,2,2,16,1,2,0
37,76,2,3,4,3,2,2,16,1,2,0
37,76,2,3,4,3,2,2,16,1,2,0
37,76,2,3,4,3,2,2,16,1,2,0
37,77,2,3,4,3,4,2,16,1,2,0
37,77,2,3,4,3,4,2,16,1,2,0
37,77,2,3,4,3,4,2,16,1,2,0
37,96,2,3,3,3,3,2,16,1,2,0
37,96,2,3,3,3,3,2,16,1,2,0
37,96,2,3,3,3,3,2,16,1,2,0
37,96,2,3,3,3,3,2,16,1,2,0
37,96,2,3,3,3,3,2,16,1,2,0
37,97,2,3,3,3,5,2,16,1,2,0
37,97,2,3,3,3,5,2,16,1,2,0
37,97,2,3,3,3,5,2,16,1,2,0
37,98,2,3,3,3,4,3,16,1,2,0
37,98,2,3,3,3,4,3,16,1,2,0
37,98,2,3,3,3,4,3,16,1,2,0
37,111,2,3,5,3,3,2,16,1,2,0
37,111,2,3,5,3,3,2,16,1,2,0
37,111,2,3,5,3,3,2,16,1,2,0
37,111,2,3,5,3,3,2,16,1,2,0
37,111,2,3,5,3,3,2,16,1,2,0
37,112,2,3,5,3,5,2,16,1,2,0
37,112,2,3,5,3,5,2,16,1,2,0
37,112,2,3,5,3,5,2,16,1,2,0
37,113,2,3,5,3,4,3,16,1,2,0
37,113,2,3,5,3,4,3,16,1,2,0
37,113,2,3,5,3,4,3,16,1,2,0
37,131,2,3,3,3,3,2,16,1,3,0
37,131,2,3,3,3,3,2,16,1,3,0
37,131,2,3,3,3,3,2,16,1,3,0
38,0,2,5,2,3,2,2,16,1,0,0
38,6,2,5,3,3,3,2,16,1,0,0
38,17,2,5,2,3,4,2,16,1,1,0
38,17,2,5,2,3,4,2,16,1,1,0
38,17,2,5,2,3,4,2,16,1,1,0
38,19,2,5,4,3,4,2,16,1,1,0
38,19,2,5,4,3,4,2,16,1,1,0
38,19,2,5,4,3,4,2,16,1,1,0
38,37,2,5,3,3,3,2,16,1,1,0
38,37,2,5,3,3,3,2,16,1,1,0
38,37,2,5,3,3,3,2,16,1,1,0
38,37,2,5,3,3,3,2,16,1,1,0
38,37,2,5,3,3,3,2,16,1,1,0
38,38,2,5,3,3,5,2,16,1,1,0
38,38,2,5,3,3,5,2,16,1,1,0
38,38,2,5,3,3,5,2,16,1,1,0
38,39,2,5,3,3,4,3,16,1,1,0
38,39,2,5,3,3,4,3,16,1,1,0
38,39,2,5,3,3,4,3,16,1,1,0
38,40,2,5,3,3,5,4,16,1,1,0
38,40,2,5,3,3,5,4,16,1,1,0
38,40,2,5,3,3,5,4,16,1,1,0
38,53,2,5,5,3,3,2,16,1,1,0
38,53,2,5,5,3,3,2,16,1,1,0
38,53,2,5,5,3,3,2,16,1,1,0
38,53,2,5,5,3,3,2,16,1,1,0
38,53,2,5,5,3,3,2,16,1,1,0
38,54,2,5,5,3,5,2,16,1,1,0
38,54,2,5,5,3,5,2,16,1,1,0
38,54,2,5,5,3,5,2,16,1,1,0
38,55,2,5,5,3,4,3,16,1,1,0
38,55,2,5,5,3,4,3,16,1,1,0
38,55,2,5,5,3,4,3,16,1,1,0
38,56,2,5,5,3,5,4,16,1,1,0
38,56,2,5,5,3,5,4,16,1,1,0
38,56,2,5,5,3,5,4,16,1,1,0
38,70,2,5,2,3,2,2,16,1,2,0
38,70,2,5,2,3,2,2,16,1,2,0
38,70,2,5,2,3,2,2,16,1,2,0
38,70,2,5,2,3,2,2,16,1,2,0
38,70,2,5,2,3,2,2,16,1,2,0
38,71,2,5,2,3,4,2,16,1,2,0
38,71,2,5,2,3,4,2,16,1,2,0
38,71,2,5,2,3,4,2,16,1,2,0
38,76,2,5,4,3,2,2,16,1,2,0
38,76,2,5,4,3,2,2,16,1,2,0
38,76,2,5,4,3,2,2,16,1,2,0
38,76,2,5,4,3,2,2,16,1,2,0
38,76,2,5,4,3,2,2,16,1,2,0
38,77,2,5,4,3,4,2,16,1,2,0
38,77,2,5,4,3,4,2,16,1,2,0
38,77,2,5,4,3,4,2,16,1,2,0
38,96,2,5,3,3,3,2,16,1,2,0
38,96,2,5,3,3,3,2,16,1,2,0
38,96,2,5,3,3,3,2,16,1,2,0
38,96,2,5,3,3,3,2,16,1,2,0
38,96,2,5,3,3,3,2,16,1,2,0
38,97,2,5,3,3,5,2,16,1,2,0
38,97,2,5,3,3,5,2,16,1,2,0
38,97,2,5,3,3,5,2,16,1,2,0
38,98,2,5,3,3,4,3,16,1,2,0
38,98,2,5,3,3,4,3,16,1,2,0
38,98,2,5,3,3,4,3,16,1,2,0
38,111,2,5,5,3,3,2,16,1,2,0
38,111,2,5,5,3,3,2,16,1,2,0
38,111,2,5,5,3,3,2,16,1,2,0
38,111,2,5,5,3,3,2,16,1,2,0
38,111,2,5,5,3,3,2,16,1,2,0
38,112,2,5,5,3,5,2,16,1,2,0
38,112,2,5,5,3,5,2,16,1,2,0
38,112,2,5,5,3,5,2,16,1,2,0
38,113,2,5,5,3,4,3,16,1,2,0
38,113,2,5,5,3,4,3,16,1,2,0
38,113,2,5,5,3,4,3,16,1,2,0
38,131,2,5,3,3,3,2,16,1,3,0
38,131,2,5,3,3,3,2,16,1,3,0
38,131,2,5,3,3,3,2,16,1,3,0
39,0,3,4,2,3,2,2,16,1,0,0
39,6,3,4,3,3,3,2,16,1,0,0
39,17,3,4,2,3,4,2,16,1,1,0
39,17,3,4,2,3,4,2,16,1,1,0
39,17,3,4,2,3,4,2,16,1,1,0
39,19,3,4,4,3,4,2,16,1,1,0
39,19,3,4,4,3,4,2,16,1,1,0
39,19,3,4,4,3,4,2,16,1,1,0
39,37,3,4,3,3,3,2,16,1,1,0
39,37,3,4,3,3,3,2,16,1,1,0
39,37,3,4,3,3,3,2,16,1,1,0
39,37,3,4,3,3,3,2,16,1,1,0
39,37,3,4,3,3,3,2,16,1,1,0
39,38,3,4,3,3,5,2,16,1,1,0
39,38,3,4,3,3,5,2,16,1,1,0
39,38,3,4,3,3,5,2,16,1,1,0
39,39,3,4,3,3,4,3,16,1,1,0
39,39,3,4,3,3,4,3,16,1,1,0
39,39,3,4,3,3,4,3,16,1,1,0
39,40,3,4,3,3,5,4,16,1,1,0
39,40,3,4,3,3,5,4,16,1,1,0
39,40,3,4,3,3,5,4,16,1,1,0
39,53,3,4,5,3,3,2,16,1,1,0
39,53,3,4,5,3,3,2,16,1,1,0
39,53,3,4,5,3,3,2,16,1,1,0
39,53,3,4,5,3,3,2,16,1,1,0
39,53,3,4,5,3,3,2,16,1,1,0
39,54,3,4,5,3,5,2,16,1,1,0
39,54,3,4,5,3,5,2,16,1,1,0
39,54,3,4,5,3,5,2,16,1,1,0
39,55,3,4,5,3,4,3,16,1,1,0
39,55,3,4,5,3,4,3,16,1,1,0
39,55,3,4,5,3,4,3,16,1,1,0
39,56,3,4,5,3,5,4,16,1,1,0
39,56,3,4,5,3,5,4,16,1,1,0
39,56,3,4,5,3,5,4,16,1,1,0
39,70,3,4,2,3,2,2,16,1,2,0
39,70,3,4,2,3,2,2,16,1,2,0
39,70,3,4,2,3,2,2,16,1,2,0
39,70,3,4,2,3,2,2,16,1,2,0
39,70,3,4,2,3,2,2,16,1,2,0
39,71,3,4,2,3,4,2,16,1,2,0
39,71,3,4,2,3,4,2,16,1,2,0
39,71,3,4,2,3,4,2,16,1,2,0
39,76,3,4,4,3,2,2,16,1,2,0
39,76,3,4,4,3,2,2,16,1,2,0
39,76,3,4,4,3,2,2,16,1,2,0
39,76,3,4,4,3,2,2,16,1,2,0
39,76,3,4,4,3,2,2,16,1,2,0
39,77,3,4,4,3,4,2,16,1,2,0
39,77,3,4,4,3,4,2,16,1,2,0
39,77,3,4,4,3,4,2,16,1,2,0
39,96,3,4,3,3,3,2,16,1,2,0
39,96,3,4,3,3,3,2,16,1,2,0
39,96,3,4,3,3,3,2,16,1,2,0
39,96,3,4,3,3,3,2,16,1,2,0
39,96,3,4,3,3,3,2,16,1,2,0
39,97,3,4,3,3,5,2,16,1,2,0
39,97,3,4,3,3,5,2,16,1,2,0
39,97,3,4,3,3,5,2,16,1,2,0
39,98,3,4,3,3,4,3,16,1,2,0
39,98,3,4,3,3,4,3,16,1,2,0
39,98,3,4,3,3,4,3,16,1,2,0
39,111,3,4,5,3,3,2,16,1,2,0
39,111,3,4,5,3,3,2,16,1,2,0
39,111,3,4,5,3,3,2,16,1,2,0
39,111,3,4,5,3,3,2,16,1,2,0
39,111,3,4,5,3,3,2,16,1,2,0
39,112,3,4,5,3,5,2,16,1,2,0
39,112,3,4,5,3,5,2,16,1,2,0
39,112,3,4,5,3,5,2,16,1,2,0
39,113,3,4,5,3,4,3,16,1,2,0
39,113,3,4,5,3,4,3,16,1,2,0
39,113,3,4,5,3,4,3,16,1,2,0
39,131,3,4,3,3,3,2,16,1,3,0
39,131,3,4,3,3,3,2,16,1,3,0
39,131,3,4,3,3,3,2,16,1,3,0
40,0,4,5,2,3,2,2,16,1,0,0
40,6,4,5,3,3,3,2,16,1,0,0
40,17,4,5,2,3,4,2,16,1,1,0
40,17,4,5,2,3,4,2,16,1,1,0
40,17,4,5,2,3,4,2,16,1,1,0
40,19,4,5,4,3,4,2,16,1,1,0
40,19,4,5,4,3,4,2,16,1,1,0
40,19,4,5,4,3,4,2,16,1,1,0
40,37,4,5,3,3,3,2,16,1,1,0
40,37,4,5,3,3,3,2,16,1,1,0
40,37,4,5,3,3,3,2,16,1,1,0
40,37,4,5,3,3,3,2,16,1,1,0
40,37,4,5,3,3,3,2,16,1,1,0
40,38,4,5,3,3,5,2,16,1,1,0
40,38,4,5,3,3,5,2,16,1,1,0
40,38,4,5,3,3,5,2,16,1,1,0
40,39,4,5,3,3,4,3,16,1,1,0
40,39,4,5,3,3,4,3,16,1,1,0
40,39,4,5,3,3,4,3,16,1,1,0
40,40,4,5,3,3,5,4,16,1,1,0
40,40,4,5,3,3,5,4,16,1,1,0
40,40,4,5,3,3,5,4,16,1,1,0
40,53,4,5,5,3,3,2,16,1,1,0
40,53,4,5,5,3,3,2,16,1,1,0
40,53,4,5,5,3,3,2,16,1,1,0
40,53,4,5,5,3,3,2,16,1,1,0
40,53,4,5,5,3,3,2,16,1,1,0
40,54,4,5,5,3,5,2,16,1,1,0
40,54,4,5,5,3,5,2,16,1,1,0
40,54,4,5,5,3,5,2,16,1,1,0
40,55,4,5,5,3,4,3,16,1,1,0
40,55,4,5,5,3,4,3,16,1,1,0
40,55,4,5,5,3,4,3,16,1,1,0
40,56,4,5,5,3,5,4,16,1,1,0
40,56,4,5,5,3,5,4,16,1,1,0
40,56,4,5,5,3,5,4,16,1,1,0
40,70,4,5,2,3,2,2,16,1,2,0
40,70,4,5,2,3,2,2,16,1,2,0
40,70,4,5,2,3,2,2,16,1,2,0
40,70,4,5,2,3,2,2,16,1,2,0
40,70,4,5,2,3,2,2,16,1,2,0
40,71,4,5,2,3,4,2,16,1,2,0
40,71,4,5,2,3,4,2,16,1,2,0
40,71,4,5,2,3,4,2,16,1,2,0
40,76,4,5,4,3,2,2,16,1,2,0
40,76,4,5,4,3,2,2,16,1,2,0
40,76,4,5,4,3,2,2,16,1,2,0
40,76,4,5,4,3,2,2,16,1,2,0
40,76,4,5,4,3,2,2,16,1,2,0
40,77,4,5,4,3,4,2,16,1,2,0
40,77,4,5,4,3,4,2,16,1,2,0
40,77,4,5,4,3,4,2,16,1,2,0
40,96,4,5,3,3,3,2,16,1,2,0
40,96,4,5,3,3,3,2,16,1,2,0
40,96,4,5,3,3,3,2,16,1,2,0
40,96,4,5,3,3,3,2,16,1,2,0
40,96,4,5,3,3,3,2,16,1,2,0
40,97,4,5,3,3,5,2,16,1,2,0
40,97,4,5,3,3,5,2,16,1,2,0
40,97,4,5,3,3,5,2,16,1,2,0
40,98,4,5,3,3,4,3,16,1,2,0
40,98,4,5,3,3,4,3,16,1,2,0
40,98,4,5,3,3,4,3,16,1,2,0
40,111,4,5,5,3,3,2,16,1,2,0
40,111,4,5,5,3,3,2,16,1,2,0
40,111,4,5,5,3,3,2,16,1,2,0
40,111,4,5,5,3,3,2,16,1,2,0
40,111,4,5,5,3,3,2,16,1,2,0
40,112,4,5,5,3,5,2,16,1,2,0
40,112,4,5,5,3,5,2,16,1,2,0
40,112,4,5,5,3,5,2,16,1,2,0
40,113,4,5,5,3,4,3,16,1,2,0
40,113,4,5,5,3,4,3,16,1,2,0
40,113,4,5,5,3,4,3,16,1,2,0
40,131,4,5,3,3,3,2,16,1,3,0
40,131,4,5,3,3,3,2,16,1,3,0
40,131,4,5,3,3,3,2,16,1,3,0
41,3,2,3,4,3,4,4,18,1,0,0
41,11,2,3,5,3,5,4,18,1,0,0
41,18,2,3,2,3,4,2,18,1,1,0
41,18,2,3,2,3,4,2,18,1,1,0
41,18,2,3,2,3,4,2,18,1,1,0
41,20,2,3,4,3,4,2,18,1,1,0
41,20,2,3,4,3,4,2,18,1,1,0
41,20,2,3,4,3,4,2,18,1,1,0
41,41,2,3,3,3,3,2,18,1,1,0
41,41,2,3,3,3,3,2,18,1,1,0
41,41,2,3,3,3,3,2,18,1,1,0
41,41,2,3,3,3,3,2,18,1,1,0
41,41,2,3,3,3,3,2,18,1,1,0
41,42,2,3,3,3,5,2,18,1,1,0
41,42,2,3,3,3,5,2,18,1,1,0
41,42,2,3,3,3,5,2,18,1,1,0
41,43,2,3,3,3,4,3,18,1,1,0
41,43,2,3,3,3,4,3,18,1,1,0
41,43,2,3,3,3,4,3,18,1,1,0
41,44,2,3,3,3,5,4,18,1,1,0
41,44,2,3,3,3,5,4,18,1,1,0
41,44,2,3,3,3,5,4,18,1,1,0
41,57,2,3,5,3,3,2,18,1,1,0
41,57,2,3,5,3,3,2,18,1,1,0
41,57,2,3,5,3,3,2,18,1,1,0
41,57,2,3,5,3,3,2,18,1,1,0
41,57,2,3,5,3,3,2,18,1,1,0
41,58,2,3,5,3,5,2,18,1,1,0
41,58,2,3,5,3,5,2,18,1,1,0
41,58,2,3,5,3,5,2,18,1,1,0
41,59,2,3,5,3,4,3,18,1,1,0
41,59,2,3,5,3,4,3,18,1,1,0
41,59,2,3,5,3,4,3,18,1,1,0
41,60,2,3,5,3,5,4,18,1,1,0
41,60,2,3,5,3,5,4,18,1,1,0
41,60,2,3,5,3,5,4,18,1,1,0
41,72,2,3,2,3,2,2,18,1,2,0
41,72,2,3,2,3,2,2,18,1,2,0
41,72,2,3,2,3,2,2,18,1,2,0
41,72,2,3,2,3,2,2,18,1,2,0
41,72,2,3,2,3,2,2,18,1,2,0
41,73,2,3,2,3,4,2,18,1,2,0
41,73,2,3,2,3,4,2,18,1,2,0
41,73,2,3,2,3,4,2,18,1,2,0
41,99,2,3,3,3,3,2,18,1,2,0
41,99,2,3,3,3,3,2,18,1,2,0
41,99,2,3,3,3,3,2,18,1,2,0
41,99,2,3,3,3,3,2,18,1,2,0
41,99,2,3,3,3,3,2,18,1,2,0
41,100,2,3,3,3,5,2,18,1,2,0
41,100,2,3,3,3,5,2,18,1,2,0
41,100,2,3,3,3,5,2,18,1,2,0
41,101,2,3,3,3,4,3,18,1,2,0
41,101,2,3,3,3,4,3,18,1,2,0
41,101,2,3,3,3,4,3,18,1,2,0
42,3,2,5,4,3,4,4,18,1,0,0
42,11,2,5,5,3,5,4,18,1,0,0
42,18,2,5,2,3,4,2,18,1,1,0
42,18,2,5,2,3,4,2,18,1,1,0
42,18,2,5,2,3,4,2,18,1,1,0
42,20,2,5,4,3,4,2,18,1,1,0
42,20,2,5,4,3,4,2,18,1,1,0
42,20,2,5,4,3,4,2,18,1,1,0
42,41,2,5,3,3,3,2,18,1,1,0
42,41,2,5,3,3,3,2,18,1,1,0
42,41,2,5,3,3,3,2,18,1,1,0
42,41,2,5,3,3,3,2,18,1,1,0
42,41,2,5,3,3,3,2,18,1,1,0
42,42,2,5,3,3,5,2,18,1,1,0
42,42,2,5,3,3,5,2,18,1,1,0
42,42,2,5,3,3,5,2,18,1,1,0
42,43,2,5,3,3,4,3,18,1,1,0
42,43,2,5,3,3,4,3,18,1,1,0
42,43,2,5,3,3,4,3,18,1,1,0
42,44,2,5,3,3,5,4,18,1,1,0
42,44,2,5,3,3,5,4,18,1,1,0
42,44,2,5,3,3,5,4,18,1,1,0
42,57,2,5,5,3,3,2,18,1,1,0
42,57,2,5,5,3,3,2,18,1,1,0
42,57,2,5,5,3,3,2,18,1,1,0
42,57,2,5,5,3,3,2,18,1,1,0
42,57,2,5,5,3,3,2,18,1,1,0
42,58,2,5,5,3,5,2,18,1,1,0
42,58,2,5,5,3,5,2,18,1,1,0
42,58,2,5,5,3,5,2,18,1,1,0
42,59,2,5,5,3,4,3,18,1,1,0
42,59,2,5,5,3,4,3,18,1,1,0
42,59,2,5,5,3,4,3,18,1,1,0
42,60,2,5,5,3,5,4,18,1,1,0
42,60,2,5,5,3,5,4,18,1,1,0
42,60,2,5,5,3,5,4,18,1,1,0
42,72,2,5,2,3,2,2,18,1,2,0
42,72,2,5,2,3,2,2,18,1,2,0
42,72,2,5,2,3,2,2,18,1,2,0
42,72,2,5,2,3,2,2,18,1,2,0
42,72,2,5,2,3,2,2,18,1,2,0
42,73,2,5,2,3,4,2,18,1,2,0
42,73,2,5,2,3,4,2,18,1,2,0
42,73,2,5,2,3,4,2,18,1,2,0
42,99,2,5,3,3,3,2,18,1,2,0
42,99,2,5,3,3,3,2,18,1,2,0
42,99,2,5,3,3,3,2,18,1,2,0
42,99,2,5,3,3,3,2,18,1,2,0
42,99,2,5,3,3,3,2,18,1,2,0
42,100,2,5,3,3,5,2,18,1,2,0
42,100,2,5,3,3,5,2,18,1,2,0
42,100,2,5,3,3,5,2,18,1,2,0
42,101,2,5,3,3,4,3,18,1,2,0
42,101,2,5,3,3,4,3,18,1,2,0
42,101,2,5,3,3,4,3,18,1,2,0
43,3,3,4,4,3,4,4,18,1,0,0
43,11,3,4,5,3,5,4,18,1,0,0
43,18,3,4,2,3,4,2,18,1,1,0
43,18,3,4,2,3,4,2,18,1,1,0
43,18,3,4,2,3,4,2,18,1,1,0
43,20,3,4,4,3,4,2,18,1,1,0
43,20,3,4,4,3,4,2,18,1,1,0
43,20,3,4,4,3,4,2,18,1,1,0
43,41,3,4,3,3,3,2,18,1,1,0
43,41,3,4,3,3,3,2,18,1,1,0
43,41,3,4,3,3,3,2,18,1,1,0
43,41,3,4,3,3,3,2,18,1,1,0
43,41,3,4,3,3,3,2,18,1,1,0
43,42,3,4,3,3,5,2,18,1,1,0
43,42,3,4,3,3,5,2,18,1,1,0
43,42,3,4,3,3,5,2,18,1,1,0
43,43,3,4,3,3,4,3,18,1,1,0
43,43,3,4,3,3,4,3,18,1,1,0
43,43,3,4,3,3,4,3,18,1,1,0
43,44,3,4,3,3,5,4,18,1,1,0
43,44,3,4,3,3,5,4,18,1,1,0
43,44,3,4,3,3,5,4,18,1,1,0
43,57,3,4,5,3,3,2,18,1,1,0
43,57,3,4,5,3,3,2,18,1,1,0
43,57,3,4,5,3,3,2,18,1,1,0
43,57,3,4,5,3,3,2,18,1,1,0
43,57,3,4,5,3,3,2,18,1,1,0
43,58,3,4,5,3,5,2,18,1,1,0
43,58,3,4,5,3,5,2,18,1,1,0
43,58,3,4,5,3,5,2,18,1,1,0
43,59,3,4,5,3,4,3,18,1,1,0
43,59,3,4,5,3,4,3,18,1,1,0
43,59,3,4,5,3,4,3,18,1,1,0
43,60,3,4,5,3,5,4,18,1,1,0
43,60,3,4,5,3,5,4,18,1,1,0
43,60,3,4,5,3,5,4,18,1,1,0
43,72,3,4,2,3,2,2,18,1,2,0
43,72,3,4,2,3,2,2,18,1,2,0
43,72,3,4,2,3,2,2,18,1,2,0
43,72,3,4,2,3,2,2,18,1,2,0
43,72,3,4,2,3,2,2,18,1,2,0
43,73,3,4,2,3,4,2,18,1,2,0
43,73,3,4,2,3,4,2,18,1,2,0
43,73,3,4,2,3,4,2,18,1,2,0
43,99,3,4,3,3,3,2,18,1,2,0
43,99,3,4,3,3,3,2,18,1,2,0
43,99,3,4,3,3,3,2,18,1,2,0
43,99,3,4,3,3,3,2,18,1,2,0
43,99,3,4,3,3,3,2,18,1,2,0
43,100,3,4,3,3,5,2,18,1,2,0
43,100,3,4,3,3,5,2,18,1,2,0
43,100,3,4,3,3,5,2,18,1,2,0
43,101,3,4,3,3,4,3,18,1,2,0
43,101,3,4,3,3,4,3,18,1,2,0
43,101,3,4,3,3,4,3,18,1,2,0
44,3,4,5,4,3,4,4,18,1,0,0
44,11,4,5,5,3,5,4,18,1,0,0
44,18,4,5,2,3,4,2,18,1,1,0
44,18,4,5,2,3,4,2,18,1,1,0
44,18,4,5,2,3,4,2,18,1,1,0
44,20,4,5,4,3,4,2,18,1,1,0
44,20,4,5,4,3,4,2,18,1,1,0
44,20,4,5,4,3,4,2,18,1,1,0
44,41,4,5,3,3,3,2,18,1,1,0
44,41,4,5,3,3,3,2,18,1,1,0
44,41,4,5,3,3,3,2,18,1,1,0
44,41,4,5,3,3,3,2,18,1,1,0
44,41,4,5,3,3,3,2,18,1,1,0
44,42,4,5,3,3,5,2,18,1,1,0
44,42,4,5,3,3,5,2,18,1,1,0
44,42,4,5,3,3,5,2,18,1,1,0
44,43,4,5,3,3,4,3,18,1,1,0
44,43,4,5,3,3,4,3,18,1,1,0
44,43,4,5,3,3,4,3,18,1,1,0
44,44,4,5,3,3,5,4,18,1,1,0
44,44,4,5,3,3,5,4,18,1,1,0
44,44,4,5,3,3,5,4,18,1,1,0
44,57,4,5,5,3,3,2,18,1,1,0
44,57,4,5,5,3,3,2,18,1,1,0
44,57,4,5,5,3,3,2,18,1,1,0
44,57,4,5,5,3,3,2,18,1,1,0
44,57,4,5,5,3,3,2,18,1,1,0
44,58,4,5,5,3,5,2,18,1,1,0
44,58,4,5,5,3,5,2,18,1,1,0
44,58,4,5,5,3,5,2,18,1,1,0
44,59,4,5,5,3,4,3,18,1,1,0
44,59,4,5,5,3,4,3,18,1,1,0
44,59,4,5,5,3,4,3,18,1,1,0
44,60,4,5,5,3,5,4,18,1,1,0
44,60,4,5,5,3,5,4,18,1,1,0
44,60,4,5,5,3,5,4,18,1,1,0
44,72,4,5,2,3,2,2,18,1,2,0
44,72,4,5,2,3,2,2,18,1,2,0
44,72,4,5,2,3,2,2,18,1,2,0
44,72,4,5,2,3,2,2,18,1,2,0
44,72,4,5,2,3,2,2,18,1,2,0
44,73,4,5,2,3,4,2,18,1,2,0
44,73,4,5,2,3,4,2,18,1,2,0
44,73,4,5,2,3,4,2,18,1,2,0
44,99,4,5,3,3,3,2,18,1,2,0
44,99,4,5,3,3,3,2,18,1,2,0
44,99,4,5,3,3,3,2,18,1,2,0
44,99,4,5,3,3,3,2,18,1,2,0
44,99,4,5,3,3,3,2,18,1,2,0
44,100,4,5,3,3,5,2,18,1,2,0
44,100,4,5,3,3,5,2,18,1,2,0
44,100,4,5,3,3,5,2,18,1,2,0
44,101,4,5,3,3,4,3,18,1,2,0
44,101,4,5,3,3,4,3,18,1,2,0
44,101,4,5,3,3,4,3,18,1,2,0
45,4,2,3,2,4,3,2,17,1,0,0
45,12,2,3,3,4,3,3,17,1,0,0
45,25,2,3,2,4,3,2,17,1,1,0
45,25,2,3,2,4,3,2,17,1,1,0
45,25,2,3,2,4,3,2,17,1,1,0
45,26,2,3,2,4,5,2,17,1,1,0
45,26,2,3,2,4,5,2,17,1,1,0
45,26,2,3,2,4,5,2,17,1,1,0
45,27,2,3,2,4,4,3,17,1,1,0
45,27,2,3,2,4,4,3,17,1,1,0
45,27,2,3,2,4,4,3,17,1,1,0
45,28,2,3,2,4,5,4,17,1,1,0
45,28,2,3,2,4,5,4,17,1,1,0
45,28,2,3,2,4,5,4,17,1,1,0
45,45,2,3,4,4,3,2,17,1,1,0
45,45,2,3,4,4,3,2,17,1,1,0
45,45,2,3,4,4,3,2,17,1,1,0
45,46,2,3,4,4,5,2,17,1,1,0
45,46,2,3,4,4,5,2,17,1,1,0
45,46,2,3,4,4,5,2,17,1,1,0
45,47,2,3,4,4,4,3,17,1,1,0
45,47,2,3,4,4,4,3,17,1,1,0
45,47,2,3,4,4,4,3,17,1,1,0
45,48,2,3,4,4,5,4,17,1,1,0
45,48,2,3,4,4,5,4,17,1,1,0
45,48,2,3,4,4,5,4,17,1,1,0
45,62,2,3,3,4,5,3,17,1,1,0
45,62,2,3,3,4,5,3,17,1,1,0
45,62,2,3,3,4,5,3,17,1,1,0
45,64,2,3,5,4,5,3,17,1,1,0
45,64,2,3,5,4,5,3,17,1,1,0
45,64,2,3,5,4,5,3,17,1,1,0
45,84,2,3,2,4,3,2,17,1,2,0
45,84,2,3,2,4,3,2,17,1,2,0
45,84,2,3,2,4,3,2,17,1,2,0
45,85,2,3,2,4,5,2,17,1,2,0
45,86,2,3,2,4,4,3,17,1,2,0
45,105,2,3,4,4,3,2,17,1,2,0
45,105,2,3,4,4,3,2,17,1,2,0
45,105,2,3,4,4,3,2,17,1,2,0
45,106,2,3,4,4,5,2,17,1,2,0
45,107,2,3,4,4,4,3,17,1,2,0
45,118,2,3,3,4,3,3,17,1,2,0
45,118,2,3,3,4,3,3,17,1,2,0
45,118,2,3,3,4,3,3,17,1,2,0
45,119,2,3,3,4,5,3,17,1,2,0
45,124,2,3,5,4,3,3,17,1,2,0
45,124,2,3,5,4,3,3,17,1,2,0
45,124,2,3,5,4,3,3,17,1,2,0
45,125,2,3,5,4,5,3,17,1,2,0
45,128,2,3,2,4,3,2,17,1,3,0
46,4,2,5,2,4,3,2,17,1,0,0
46,12,2,5,3,4,3,3,17,1,0,0
46,25,2,5,2,4,3,2,17,1,1,0
46,25,2,5,2,4,3,2,17,1,1,0
46,25,2,5,2,4,3,2,17,1,1,0
46,26,2,5,2,4,5,2,17,1,1,0
46,26,2,5,2,4,5,2,17,1,1,0
46,26,2,5,2,4,5,2,17,1,1,0
46,27,2,5,2,4,4,3,17,1,1,0
46,27,2,5,2,4,4,3,17,1,1,0
46,27,2,5,2,4,4,3,17,1,1,0
46,28,2,5,2,4,5,4,17,1,1,0
46,28,2,5,2,4,5,4,17,1,1,0
46,28,2,5,2,4,5,4,17,1,1,0
46,45,2,5,4,4,3,2,17,1,1,0
46,45,2,5,4,4,3,2,17,1,1,0
46,45,2,5,4,4,3,2,17,1,1,0
46,46,2,5,4,4,5,2,17,1,1,0
46,46,2,5,4,4,5,2,17,1,1,0
46,46,2,5,4,4,5,2,17,1,1,0
46,47,2,5,4,4,4,3,17,1,1,0
46,47,2,5,4,4,4,3,17,1,1,0
46,47,2,5,4,4,4,3,17,1,1,0
46,48,2,5,4,4,5,4,17,1,1,0
46,48,2,5,4,4,5,4,17,1,1,0
46,48,2,5,4,4,5,4,17,1,1,0
46,62,2,5,3,4,5,3,17,1,1,0
46,62,2,5,3,4,5,3,17,1,1,0
46,62,2,5,3,4,5,3,17,1,1,0
46,64,2,5,5,4,5,3,17,1,1,0
46,64,2,5,5,4,5,3,17,1,1,0
46,64,2,5,5,4,5,3,17,1,1,0
46,84,2,5,2,4,3,2,17,1,2,0
46,84,2,5,2,4,3,2,17,1,2,0
46,84,2,5,2,4,3,2,17,1,2,0
46,85,2,5,2,4,5,2,17,1,2,0
46,86,2,5,2,4,4,3,17,1,2,0
46,105,2,5,4,4,3,2,17,1,2,0
46,105,2,5,4,4,3,2,17,1,2,0
46,105,2,5,4,4,3,2,17,1,2,0
46,106,2,5,4,4,5,2,17,1,2,0
46,107,2,5,4,4,4,3,17,1,2,0
46,118,2,5,3,4,3,3,17,1,2,0
46,118,2,5,3,4,3,3,17,1,2,0
46,118,2,5,3,4,3,3,17,1,2,0
46,119,2,5,3,4,5,3,17,1,2,0
46,124,2,5,5,4,3,3,17,1,2,0
46,124,2,5,5,4,3,3,17,1,2,0
46,124,2,5,5,4,3,3,17,1,2,0
46,125,2,5,5,4,5,3,17,1,2,0
46,128,2,5,2,4,3,2,17,1,3,0
47,4,3,4,2,4,3,2,17,1,0,0
47,12,3,4,3,4,3,3,17,1,0,0
47,25,3,4,2,4,3,2,17,1,1,0
47,25,3,4,2,4,3,2,17,1,1,0
47,25,3,4,2,4,3,2,17,1,1,0
47,26,3,4,2,4,5,2,17,1,1,0
47,26,3,4,2,4,5,2,17,1,1,0
47,26,3,4,2,4,5,2,17,1,1,0
47,27,3,4,2,4,4,3,17,1,1,0
47,27,3,4,2,4,4,3,17,1,1,0
47,27,3,4,2,4,4,3,17,1,1,0
47,28,3,4,2,4,5,4,17,1,1,0
47,28,3,4,2,4,5,4,17,1,1,0
47,28,3,4,2,4,5,4,17,1,1,0
47,45,3,4,4,4,3,2,17,1,1,0
47,45,3,4,4,4,3,2,17,1,1,0
47,45,3,4,4,4,3,2,17,1,1,0
47,46,3,4,4,4,5,2,17,1,1,0
47,46,3,4,4,4,5,2,17,1,1,0
47,46,3,4,4,4,5,2,17,1,1,0
47,47,3,4,4,4,4,3,17,1,1,0
47,47,3,4,4,4,4,3,17,1,1,0
47,47,3,4,4,4,4,3,17,1,1,0
47,48,3,4,4,4,5,4,17,1,1,0
47,48,3,4,4,4,5,4,17,1,1,0
47,48,3,4,4,4,5,4,17,1,1,0
47,62,3,4,3,4,5,3,17,1,1,0
47,62,3,4,3,4,5,3,17,1,1,0
47,62,3,4,3,4,5,3,17,1,1,0
47,64,3,4,5,4,5,3,17,1,1,0
47,64,3,4,5,4,5,3,17,1,1,0
47,64,3,4,5,4,5,3,17,1,1,0
47,84,3,4,2,4,3,2,17,1,2,0
47,84,3,4,2,4,3,2,17,1,2,0
47,84,3,4,2,4,3,2,17,1,2,0
47,85,3,4,2,4,5,2,17,1,2,0
47,86,3,4,2,4,4,3,17,1,2,0
47,105,3,4,4,4,3,2,17,1,2,0
47,105,3,4,4,4,3,2,17,1,2,0
47,105,3,4,4,4,3,2,17,1,2,0
47,106,3,4,4,4,5,2,17,1,2,0
47,107,3,4,4,4,4,3,17,1,2,0
47,118,3,4,3,4,3,3,17,1,2,0
47,118,3,4,3,4,3,3,17,1,2,0
47,118,3,4,3,4,3,3,17,1,2,0
47,119,3,4,3,4,5,3,17,1,2,0
47,124,3,4,5,4,3,3,17,1,2,0
47,124,3,4,5,4,3,3,17,1,2,0
47,124,3,4,5,4,3,3,17,1,2,0
47,125,3,4,5,4,5,3,17,1,2,0
47,128,3,4,2,4,3,2,17,1,3,0
48,4,4,5,2,4,3,2,17,1,0,0
48,12,4,5,3,4,3,3,17,1,0,0
48,25,4,5,2,4,3,2,17,1,1,0
48,25,4,5,2,4,3,2,17,1,1,0
48,25,4,5,2,4,3,2,17,1,1,0
48,26,4,5,2,4,5,2,17,1,1,0
48,26,4,5,2,4,5,2,17,1,1,0
48,26,4,5,2,4,5,2,17,1,1,0
48,27,4,5,2,4,4,3,17,1,1,0
48,27,4,5,2,4,4,3,17,1,1,0
48,27,4,5,2,4,4,3,17,1,1,0
48,28,4,5,2,4,5,4,17,1,1,0
48,28,4,5,2,4,5,4,17,1,1,0
48,28,4,5,2,4,5,4,17,1,1,0
48,45,4,5,4,4,3,2,17,1,1,0
48,45,4,5,4,4,3,2,17,1,1,0
48,45,4,5,4,4,3,2,17,1,1,0
48,46,4,5,4,4,5,2,17,1,1,0
48,46,4,5,4,4,5,2,17,1,1,0
48,46,4,5,4,4,5,2,17,1,1,0
48,47,4,5,4,4,4,3,17,1,1,0
48,47,4,5,4,4,4,3,17,1,1,0
48,47,4,5,4,4,4,3,17,1,1,0
48,48,4,5,4,4,5,4,17,1,1,0
48,48,4,5,4,4,5,4,17,1,1,0
48,48,4,5,4,4,5,4,17,1,1,0
48,62,4,5,3,4,5,3,17,1,1,0
48,62,4,5,3,4,5,3,17,1,1,0
48,62,4,5,3,4,5,3,17,1,1,0
48,64,4,5,5,4,5,3,17,1,1,0
48,64,4,5,5,4,5,3,17,1,1,0
48,64,4,5,5,4,5,3,17,1,1,0
48,84,4,5,2,4,3,2,17,1,2,0
48,84,4,5,2,4,3,2,17,1,2,0
48,84,4,5,2,4,3,2,17,1,2,0
48,85,4,5,2,4,5,2,17,1,2,0
48,86,4,5,2,4,4,3,17,1,2,0
48,105,4,5,4,4,3,2,17,1,2,0
48,105,4,5,4,4,3,2,17,1,2,0
48,105,4,5,4,4,3,2,17,1,2,0
48,106,4,5,4,4,5,2,17,1,2,0
48,107,4,5,4,4,4,3,17,1,2,0
48,118,4,5,3,4,3,3,17,1,2,0
48,118,4,5,3,4,3,3,17,1,2,0
48,118,4,5,3,4,3,3,17,1,2,0
48,119,4,5,3,4,5,3,17,1,2,0
48,124,4,5,5,4,3,3,17,1,2,0
48,124,4,5,5,4,3,3,17,1,2,0
48,124,4,5,5,4,3,3,17,1,2,0
48,125,4,5,5,4,5,3,17,1,2,0
48,128,4,5,2,4,3,2,17,1,3,0
49,9,2,3,4,4,5,4,19,1,0,0
49,15,2,3,5,4,5,5,19,1,0,0
49,29,2,3,2,4,3,2,19,1,1,0
49,29,2,3,2,4,3,2,19,1,1,0
49,29,2,3,2,4,3,2,19,1,1,0
49,30,2,3,2,4,5,2,19,1,1,0
49,30,2,3,2,4,5,2,19,1,1,0
49,30,2,3,2,4,5,2,19,1,1,0
49,31,2,3,2,4,4,3,19,1,1,0
49,31,2,3,2,4,4,3,19,1,1,0
49,31,2,3,2,4,4,3,19,1,1,0
49,32,2,3,2,4,5,4,19,1,1,0
49,32,2,3,2,4,5,4,19,1,1,0
49,32,2,3,2,4,5,4,19,1,1,0
49,49,2,3,4,4,3,2,19,1,1,0
49,49,2,3,4,4,3,2,19,1,1,0
49,49,2,3,4,4,3,2,19,1,1,0
49,50,2,3,4,4,5,2,19,1,1,0
49,50,2,3,4,4,5,2,19,1,1,0
49,50,2,3,4,4,5,2,19,1,1,0
49,51,2,3,4,4,4,3,19,1,1,0
49,51,2,3,4,4,4,3,19,1,1,0
49,51,2,3,4,4,4,3,19,1,1,0
49,52,2,3,4,4,5,4,19,1,1,0
49,52,2,3,4,4,5,4,19,1,1,0
49,52,2,3,4,4,5,4,19,1,1,0
49,63,2,3,3,4,5,3,19,1,1,0
49,63,2,3,3,4,5,3,19,1,1,0
49,63,2,3,3,4,5,3,19,1,1,0
49,65,2,3,5,4,5,3,19,1,1,0
49,65,2,3,5,4,5,3,19,1,1,0
49,65,2,3,5,4,5,3,19,1,1,0
49,87,2,3,2,4,3,2,19,1,2,0
49,87,2,3,2,4,3,2,19,1,2,0
49,87,2,3,2,4,3,2,19,1,2,0
49,88,2,3,2,4,5,2,19,1,2,0
49,89,2,3,2,4,4,3,19,1,2,0
49,120,2,3,3,4,3,3,19,1,2,0
49,120,2,3,3,4,3,3,19,1,2,0
49,120,2,3,3,4,3,3,19,1,2,0
49,121,2,3,3,4,5,3,19,1,2,0
50,9,2,5,4,4,5,4,19,1,0,0
50,15,2,5,5,4,5,5,19,1,0,0
50,29,2,5,2,4,3,2,19,1,1,0
50,29,2,5,2,4,3,2,19,1,1,0
50,29,2,5,2,4,3,2,19,1,1,0
50,30,2,5,2,4,5,2,19,1,1,0
50,30,2,5,2,4,5,2,19,1,1,0
50,30,2,5,2,4,5,2,19,1,1,0
50,31,2,5,2,4,4,3,19,1,1,0
50,31,2,5,2,4,4,3,19,1,1,0
50,31,2,5,2,4,4,3,19,1,1,0
50,32,2,5,2,4,5,4,19,1,1,0
50,32,2,5,2,4,5,4,19,1,1,0
50,32,2,5,2,4,5,4,19,1,1,0
50,49,2,5,4,4,3,2,19,1,1,0
50,49,2,5,4,4,3,2,19,1,1,0
50,49,2,5,4,4,3,2,19,1,1,0
50,50,2,5,4,4,5,2,19,1,1,0
50,50,2,5,4,4,5,2,19,1,1,0
50,50,2,5,4,4,5,2,19,1,1,0
50,51,2,5,4,4,4,3,19,1,1,0
50,51,2,5,4,4,4,3,19,1,1,0
50,51,2,5,4,4,4,3,19,1,1,0
50,52,2,5,4,4,5,4,19,1,1,0
50,52,2,5,4,4,5,4,19,1,1,0
50,52,2,5,4,4,5,4,19,1,1,0
50,63,2,5,3,4,5,3,19,1,1,0
50,63,2,5,3,4,5,3,19,1,1,0
50,63,2,5,3,4,5,3,19,1,1,0
50,65,2,5,5,4,5,3,19,1,1,0
50,65,2,5,5,4,5,3,19,1,1,0
50,65,2,5,5,4,5,3,19,1,1,0
50,87,2,5,2,4,3,2,19,1,2,0
50,87,2,5,2,4,3,2,19,1,2,0
50,87,2,5,2,4,3,2,19,1,2,0
50,88,2,5,2,4,5,2,19,1,2,0
50,89,2,5,2,4,4,3,19,1,2,0
50,120,2,5,3,4,3,3,19,1,2,0
50,120,2,5,3,4,3,3,19,1,2,0
50,120,2,5,3,4,3,3,19,1,2,0
50,121,2,5,3,4,5,3,19,1,2,0
51,9,3,4,4,4,5,4,19,1,0,0
51,15,3,4,5,4,5,5,19,1,0,0
51,29,3,4,2,4,3,2,19,1,1,0
51,29,3,4,2,4,3,2,19,1,1,0
51,29,3,4,2,4,3,2,19,1,1,0
51,30,3,4,2,4,5,2,19,1,1,0
51,30,3,4,2,4,5,2,19,1,1,0
51,30,3,4,2,4,5,2,19,1,1,0
51,31,3,4,2,4,4,3,19,1,1,0
51,31,3,4,2,4,4,3,19,1,1,0
51,31,3,4,2,4,4,3,19,1,1,0
51,32,3,4,2,4,5,4,19,1,1,0
51,32,3,4,2,4,5,4,19,1,1,0
51,32,3,4,2,4,5,4,19,1,1,0
51,49,3,4,4,4,3,2,19,1,1,0
51,49,3,4,4,4,3,2,19,1,1,0
51,49,3,4,4,4,3,2,19,1,1,0
51,50,3,4,4,4,5,2,19,1,1,0
51,50,3,4,4,4,5,2,19,1,1,0
51,50,3,4,4,4,5,2,19,1,1,0
51,51,3,4,4,4,4,3,19,1,1,0
51,51,3,4,4,4,4,3,19,1,1,0
51,51,3,4,4,4,4,3,19,1,1,0
51,52,3,4,4,4,5,4,19,1,1,0
51,52,3,4,4,4,5,4,19,1,1,0
51,52,3,4,4,4,5,4,19,1,1,0
51,63,3,4,3,4,5,3,19,1,1,0
51,63,3,4,3,4,5,3,19,1,1,0
51,63,3,4,3,4,5,3,19,1,1,0
51,65,3,4,5,4,5,3,19,1,1,0
51,65,3,4,5,4,5,3,19,1,1,0
51,65,3,4,5,4,5,3,19,1,1,0
51,87,3,4,2,4,3,2,19,1,2,0
51,87,3,4,2,4,3,2,19,1,2,0
51,87,3,4,2,4,3,2,19,1,2,0
51,88,3,4,2,4,5,2,19,1,2,0
51,89,3,4,2,4,4,3,19,1,2,0
51,120,3,4,3,4,3,3,19,1,2,0
51,120,3,4,3,4,3,3,19,1,2,0
51,120,3,4,3,4,3,3,19,1,2,0
51,121,3,4,3,4,5,3,19,1,2,0
52,9,4,5,4,4,5,4,19,1,0,0
52,15,4,5,5,4,5,5,19,1,0,0
52,29,4,5,2,4,3,2,19,1,1,0
52,29,4,5,2,4,3,2,19,1,1,0
52,29,4,5,2,4,3,2,19,1,1,0
52,30,4,5,2,4,5,2,19,1,1,0
52,30,4,5,2,4,5,2,19,1,1,0
52,30,4,5,2,4,5,2,19,1,1,0
52,31,4,5,2,4,4,3,19,1,1,0
52,31,4,5,2,4,4,3,19,1,1,0
52,31,4,5,2,4,4,3,19,1,1,0
52,32,4,5,2,4,5,4,19,1,1,0
52,32,4,5,2,4,5,4,19,1,1,0
52,32,4,5,2,4,5,4,19,1,1,0
52,49,4,5,4,4,3,2,19,1,1,0
52,49,4,5,4,4,3,2,19,1,1,0
52,49,4,5,4,4,3,2,19,1,1,0
52,50,4,5,4,4,5,2,19,1,1,0
52,50,4,5,4,4,5,2,19,1,1,0
52,50,4,5,4,4,5,2,19,1,1,0
52,51,4,5,4,4,4,3,19,1,1,0
52,51,4,5,4,4,4,3,19,1,1,0
52,51,4,5,4,4,4,3,19,1,1,0
52,52,4,5,4,4,5,4,19,1,1,0
52,52,4,5,4,4,5,4,19,1,1,0
52,52,4,5,4,4,5,4,19,1,1,0
52,63,4,5,3,4,5,3,19,1,1,0
52,63,4,5,3,4,5,3,19,1,1,0
52,63,4,5,3,4,5,3,19,1,1,0
52,65,4,5,5,4,5,3,19,1,1,0
52,65,4,5,5,4,5,3,19,1,1,0
52,65,4,5,5,4,5,3,19,1,1,0
52,87,4,5,2,4,3,2,19,1,2,0
52,87,4,5,2,4,3,2,19,1,2,0
52,87,4,5,2,4,3,2,19,1,2,0
52,88,4,5,2,4,5,2,19,1,2,0
52,89,4,5,2,4,4,3,19,1,2,0
52,120,4,5,3,4,3,3,19,1,2,0
52,120,4,5,3,4,3,3,19,1,2,0
52,120,4,5,3,4,3,3,19,1,2,0
52,121,4,5,3,4,5,3,19,1,2,0
53,0,2,3,2,5,2,2,16,1,0,0
53,6,2,3,3,5,3,2,16,1,0,0
53,17,2,3,2,5,4,2,16,1,1,0
53,17,2,3,2,5,4,2,16,1,1,0
53,17,2,3,2,5,4,2,16,1,1,0
53,19,2,3,4,5,4,2,16,1,1,0
53,19,2,3,4,5,4,2,16,1,1,0
53,19,2,3,4,5,4,2,16,1,1,0
53,37,2,3,3,5,3,2,16,1,1,0
53,37,2,3,3,5,3,2,16,1,1,0
53,37,2,3,3,5,3,2,16,1,1,0
53,38,2,3,3,5,5,2,16,1,1,0
53,38,2,3,3,5,5,2,16,1,1,0
53,38,2,3,3,5,5,2,16,1,1,0
53,39,2,3,3,5,4,3,16,1,1,0
53,39,2,3,3,5,4,3,16,1,1,0
53,39,2,3,3,5,4,3,16,1,1,0
53,40,2,3,3,5,5,4,16,1,1,0
53,40,2,3,3,5,5,4,16,1,1,0
53,40,2,3,3,5,5,4,16,1,1,0
53,53,2,3,5,5,3,2,16,1,1,0
53,53,2,3,5,5,3,2,16,1,1,0
53,53,2,3,5,5,3,2,16,1,1,0
53,54,2,3,5,5,5,2,16,1,1,0
53,54,2,3,5,5,5,2,16,1,1,0
53,54,2,3,5,5,5,2,16,1,1,0
53,55,2,3,5,5,4,3,16,1,1,0
53,55,2,3,5,5,4,3,16,1,1,0
53,55,2,3,5,5,4,3,16,1,1,0
53,56,2,3,5,5,5,4,16,1,1,0
53,56,2,3,5,5,5,4,16,1,1,0
53,56,2,3,5,5,5,4,16,1,1,0
53,70,2,3,2,5,2,2,16,1,2,0
53,70,2,3,2,5,2,2,16,1,2,0
53,70,2,3,2,5,2,2,16,1,2,0
53,71,2,3,2,5,4,2,16,1,2,0
53,76,2,3,4,5,2,2,16,1,2,0
53,76,2,3,4,5,2,2,16,1,2,0
53,76,2,3,4,5,2,2,16,1,2,0
53,77,2,3,4,5,4,2,16,1,2,0
53,96,2,3,3,5,3,2,16,1,2,0
53,96,2,3,3,5,3,2,16,1,2,0
53,96,2,3,3,5,3,2,16,1,2,0
53,97,2,3,3,5,5,2,16,1,2,0
53,98,2,3,3,5,4,3,16,1,2,0
53,111,2,3,5,5,3,2,16,1,2,0
53,111,2,3,5,5,3,2,16,1,2,0
53,111,2,3,5,5,3,2,16,1,2,0
53,112,2,3,5,5,5,2,16,1,2,0
53,113,2,3,5,5,4,3,16,1,2,0
53,131,2,3,3,5,3,2,16,1,3,0
54,0,2,5,2,5,2,2,16,1,0,0
54,6,2,5,3,5,3,2,16,1,0,0
54,17,2,5,2,5,4,2,16,1,1,0
54,17,2,5,2,5,4,2,16,1,1,0
54,17,2,5,2,5,4,2,16,1,1,0
54,19,2,5,4,5,4,2,16,1,1,0
54,19,2,5,4,5,4,2,16,1,1,0
54,19,2,5,4,5,4,2,16,1,1,0
54,37,2,5,3,5,3,2,16,1,1,0
54,37,2,5,3,5,3,2,16,1,1,0
54,37,2,5,3,5,3,2,16,1,1,0
54,38,2,5,3,5,5,2,16,1,1,0
54,38,2,5,3,5,5,2,16,1,1,0
54,38,2,5,3,5,5,2,16,1,1,0
54,39,2,5,3,5,4,3,16,1,1,0
54,39,2,5,3,5,4,3,16,1,1,0
54,39,2,5,3,5,4,3,16,1,1,0
54,40,2,5,3,5,5,4,16,1,1,0
54,40,2,5,3,5,5,4,16,1,1,0
54,40,2,5,3,5,5,4,16,1,1,0
54,53,2,5,5,5,3,2,16,1,1,0
54,53,2,5,5,5,3,2,16,1,1,0
54,53,2,5,5,5,3,2,16,1,1,0
54,54,2,5,5,5,5,2,16,1,1,0
54,54,2,5,5,5,5,2,16,1,1,0
54,54,2,5,5,5,5,2,16,1,1,0
54,55,2,5,5,5,4,3,16,1,1,0
54,55,2,5,5,5,4,3,16,1,1,0
54,55,2,5,5,5,4,3,16,1,1,0
54,56,2,5,5,5,5,4,16,1,1,0
54,56,2,5,5,5,5,4,16,1,1,0
54,56,2,5,5,5,5,4,16,1,1,0
54,70,2,5,2,5,2,2,16,1,2,0
54,70,2,5,2,5,2,2,16,1,2,0
54,70,2,5,2,5,2,2,16,1,2,0
54,71,2,5,2,5,4,2,16,1,2,0
54,76,2,5,4,5,2,2,16,1,2,0
54,76,2,5,4,5,2,2,16,1,2,0
54,76,2,5,4,5,2,2,16,1,2,0
54,77,2,5,4,5,4,2,16,1,2,0
54,96,2,5,3,5,3,2,16,1,2,0
54,96,2,5,3,5,3,2,16,1,2,0
54,96,2,5,3,5,3,2,16,1,2,0
54,97,2,5,3,5,5,2,16,1,2,0
54,98,2,5,3,5,4,3,16,1,2,0
54,111,2,5,5,5,3,2,16,1,2,0
54,111,2,5,5,5,3,2,16,1,2,0
54,111,2,5,5,5,3,2,16,1,2,0
54,112,2,5,5,5,5,2,16,1,2,0
54,113,2,5,5,5,4,3,16,1,2,0
54,131,2,5,3,5,3,2,16,1,3,0
55,0,3,4,2,5,2,2,16,1,0,0
55,6,3,4,3,5,3,2,16,1,0,0
55,17,3,4,2,5,4,2,16,1,1,0
55,17,3,4,2,5,4,2,16,1,1,0
55,17,3,4,2,5,4,2,16,1,1,0
55,19,3,4,4,5,4,2,16,1,1,0
55,19,3,4,4,5,4,2,16,1,1,0
55,19,3,4,4,5,4,2,16,1,1,0
55,37,3,4,3,5,3,2,16,1,1,0
55,37,3,4,3,5,3,2,16,1,1,0
55,37,3,4,3,5,3,2,16,1,1,0
55,38,3,4,3,5,5,2,16,1,1,0
55,38,3,4,3,5,5,2,16,1,1,0
55,38,3,4,3,5,5,2,16,1,1,0
55,39,3,4,3,5,4,3,16,1,1,0
55,39,3,4,3,5,4,3,16,1,1,0
55,39,3,4,3,5,4,3,16,1,1,0
55,40,3,4,3,5,5,4,16,1,1,0
55,40,3,4,3,5,5,4,16,1,1,0
55,40,3,4,3,5,5,4,16,1,1,0
55,53,3,4,5,5,3,2,16,1,1,0
55,53,3,4,5,5,3,2,16,1,1,0
55,53,3,4,5,5,3,2,16,1,1,0
55,54,3,4,5,5,5,2,16,1,1,0
55,54,3,4,5,5,5,2,16,1,1,0
55,54,3,4,5,5,5,2,16,1,1,0
55,55,3,4,5,5,4,3,16,1,1,0
55,55,3,4,5,5,4,3,16,1,1,0
55,55,3,4,5,5,4,3,16,1,1,0
55,56,3,4,5,5,5,4,16,1,1,0
55,56,3,4,5,5,5,4,16,1,1,0
55,56,3,4,5,5,5,4,16,1,1,0
55,70,3,4,2,5,2,2,16,1,2,0
55,70,3,4,2,5,2,2,16,1,2,0
55,70,3,4,2,5,2,2,16,1,2,0
55,71,3,4,2,5,4,2,16,1,2,0
55,76,3,4,4,5,2,2,16,1,2,0
55,76,3,4,4,5,2,2,16,1,2,0
55,76,3,4,4,5,2,2,16,1,2,0
55,77,3,4,4,5,4,2,16,1,2,0
55,96,3,4,3,5,3,2,16,1,2,0
55,96,3,4,3,5,3,2,16,1,2,0
55,96,3,4,3,5,3,2,16,1,2,0
55,97,3,4,3,5,5,2,16,1,2,0
55,98,3,4,3,5,4,3,16,1,2,0
55,111,3,4,5,5,3,2,16,1,2,0
55,111,3,4,5,5,3,2,16,1,2,0
55,111,3,4,5,5,3,2,16,1,2,0
55,112,3,4,5,5,5,2,16,1,2,0
55,113,3,4,5,5,4,3,16,1,2,0
55,131,3,4,3,5,3,2,16,1,3,0
56,0,4,5,2,5,2,2,16,1,0,0
56,6,4,5,3,5,3,2,16,1,0,0
56,17,4,5,2,5,4,2,16,1,1,0
56,17,4,5,2,5,4,2,16,1,1,0
56,17,4,5,2,5,4,2,16,1,1,0
56,19,4,5,4,5,4,2,16,1,1,0
56,19,4,5,4,5,4,2,16,1,1,0
56,19,4,5,4,5,4,2,16,1,1,0
56,37,4,5,3,5,3,2,16,1,1,0
56,37,4,5,3,5,3,2,16,1,1,0
56,37,4,5,3,5,3,2,16,1,1,0
56,38,4,5,3,5,5,2,16,1,1,0
56,38,4,5,3,5,5,2,16,1,1,0
56,38,4,5,3,5,5,2,16,1,1,0
56,39,4,5,3,5,4,3,16,1,1,0
56,39,4,5,3,5,4,3,16,1,1,0
56,39,4,5,3,5,4,3,16,1,1,0
56,40,4,5,3,5,5,4,16,1,1,0
56,40,4,5,3,5,5,4,16,1,1,0
56,40,4,5,3,5,5,4,16,1,1,0
56,53,4,5,5,5,3,2,16,1,1,0
56,53,4,5,5,5,3,2,16,1,1,0
56,53,4,5,5,5,3,2,16,1,1,0
56,54,4,5,5,5,5,2,16,1,1,0
56,54,4,5,5,5,5,2,16,1,1,0
56,54,4,5,5,5,5,2,16,1,1,0
56,55,4,5,5,5,4,3,16,1,1,0
56,55,4,5,5,5,4,3,16,1,1,0
56,55,4,5,5,5,4,3,16,1,1,0
56,56,4,5,5,5,5,4,16,1,1,0
56,56,4,5,5,5,5,4,16,1,1,0
56,56,4,5,5,5,5,4,16,1,1,0
56,70,4,5,2,5,2,2,16,1,2,0
56,70,4,5,2,5,2,2,16,1,2,0
56,70,4,5,2,5,2,2,16,1,2,0
56,71,4,5,2,5,4,2,16,1,2,0
56,76,4,5,4,5,2,2,16,1,2,0
56,76,4,5,4,5,2,2,16,1,2,0
56,76,4,5,4,5,2,2,16,1,2,0
56,77,4,5,4,5,4,2,16,1,2,0
56,96,4,5,3,5,3,2,16,1,2,0
56,96,4,5,3,5,3,2,16,1,2,0
56,96,4,5,3,5,3,2,16,1,2,0
56,97,4,5,3,5,5,2,16,1,2,0
56,98,4,5,3,5,4,3,16,1,2,0
56,111,4,5,5,5,3,2,16,1,2,0
56,111,4,5,5,5,3,2,16,1,2,0
56,111,4,5,5,5,3,2,16,1,2,0
56,112,4,5,5,5,5,2,16,1,2,0
56,113,4,5,5,5,4,3,16,1,2,0
56,131,4,5,3,5,3,2,16,1,3,0
57,3,2,3,4,5,4,4,18,1,0,0
57,11,2,3,5,5,5,4,18,1,0,0
57,18,2,3,2,5,4,2,18,1,1,0
57,18,2,3,2,5,4,2,18,1,1,0
57,18,2,3,2,5,4,2,18,1,1,0
57,20,2,3,4,5,4,2,18,1,1,0
57,20,2,3,4,5,4,2,18,1,1,0
57,20,2,3,4,5,4,2,18,1,1,0
57,41,2,3,3,5,3,2,18,1,1,0
57,41,2,3,3,5,3,2,18,1,1,0
57,41,2,3,3,5,3,2,18,1,1,0
57,42,2,3,3,5,5,2,18,1,1,0
57,42,2,3,3,5,5,2,18,1,1,0
57,42,2,3,3,5,5,2,18,1,1,0
57,43,2,3,3,5,4,3,18,1,1,0
57,43,2,3,3,5,4,3,18,1,1,0
57,43,2,3,3,5,4,3,18,1,1,0
57,44,2,3,3,5,5,4,18,1,1,0
57,44,2,3,3,5,5,4,18,1,1,0
57,44,2,3,3,5,5,4,18,1,1,0
57,57,2,3,5,5,3,2,18,1,1,0
57,57,2,3,5,5,3,2,18,1,1,0
57,57,2,3,5,5,3,2,18,1,1,0
57,58,2,3,5,5,5,2,18,1,1,0
57,58,2,3,5,5,5,2,18,1,1,0
57,58,2,3,5,5,5,2,18,1,1,0
57,59,2,3,5,5,4,3,18,1,1,0
57,59,2,3,5,5,4,3,18,1,1,0
57,59,2,3,5,5,4,3,18,1,1,0
57,60,2,3,5,5,5,4,18,1,1,0
57,60,2,3,5,5,5,4,18,1,1,0
57,60,2,3,5,5,5,4,18,1,1,0
57,72,2,3,2,5,2,2,18,1,2,0
57,72,2,3,2,5,2,2,18,1,2,0
57,72,2,3,2,5,2,2,18,1,2,0
57,73,2,3,2,5,4,2,18,1,2,0
57,99,2,3,3,5,3,2,18,1,2,0
57,99,2,3,3,5,3,2,18,1,2,0
57,99,2,3,3,5,3,2,18,1,2,0
57,100,2,3,3,5,5,2,18,1,2,0
57,101,2,3,3,5,4,3,18,1,2,0
58,3,2,5,4,5,4,4,18,1,0,0
58,11,2,5,5,5,5,4,18,1,0,0
58,18,2,5,2,5,4,2,18,1,1,0
58,18,2,5,2,5,4,2,18,1,1,0
58,18,2,5,2,5,4,2,18,1,1,0
58,20,2,5,4,5,4,2,18,1,1,0
58,20,2,5,4,5,4,2,18,1,1,0
58,20,2,5,4,5,4,2,18,1,1,0
58,41,2,5,3,5,3,2,18,1,1,0
58,41,2,5,3,5,3,2,18,1,1,0
58,41,2,5,3,5,3,2,18,1,1,0
58,42,2,5,3,5,5,2,18,1,1,0
58,42,2,5,3,5,5,2,18,1,1,0
58,42,2,5,3,5,5,2,18,1,1,0
58,43,2,5,3,5,4,3,18,1,1,0
58,43,2,5,3,5,4,3,18,1,1,0
58,43,2,5,3,5,4,3,18,1,1,0
58,44,2,5,3,5,5,4,18,1,1,0
58,44,2,5,3,5,5,4,18,1,1,0
58,44,2,5,3,5,5,4,18,1,1,0
58,57,2,5,5,5,3,2,18,1,1,0
58,57,2,5,5,5,3,2,18,1,1,0
58,57,2,5,5,5,3,2,18,1,1,0
58,58,2,5,5,5,5,2,18,1,1,0
58,58,2,5,5,5,5,2,18,1,1,0
58,58,2,5,5,5,5,2,18,1,1,0
58,59,2,5,5,5,4,3,18,1,1,0
58,59,2,5,5,5,4,3,18,1,1,0
58,59,2,5,5,5,4,3,18,1,1,0
58,60,2,5,5,5,5,4,18,1,1,0
58,60,2,5,5,5,5,4,18,1,1,0
58,60,2,5,5,5,5,4,18,1,1,0
58,72,2,5,2,5,2,2,18,1,2,0
58,72,2,5,2,5,2,2,18,1,2,0
58,72,2,5,2,5,2,2,18,1,2,0
58,73,2,5,2,5,4,2,18,1,2,0
58,99,2,5,3,5,3,2,18,1,2,0
58,99,2,5,3,5,3,2,18,1,2,0
58,99,2,5,3,5,3,2,18,1,2,0
58,100,2,5,3,5,5,2,18,1,2,0
58,101,2,5,3,5,4,3,18,1,2,0
59,3,3,4,4,5,4,4,18,1,0,0
59,11,3,4,5,5,5,4,18,1,0,0
59,18,3,4,2,5,4,2,18,1,1,0
59,18,3,4,2,5,4,2,18,1,1,0
59,18,3,4,2,5,4,2,18,1,1,0
59,20,3,4,4,5,4,2,18,1,1,0
59,20,3,4,4,5,4,2,18,1,1,0
59,20,3,4,4,5,4,2,18,1,1,0
59,41,3,4,3,5,3,2,18,1,1,0
59,41,3,4,3,5,3,2,18,1,1,0
59,41,3,4,3,5,3,2,18,1,1,0
59,42,3,4,3,5,5,2,18,1,1,0
59,42,3,4,3,5,5,2,18,1,1,0
59,42,3,4,3,5,5,2,18,1,1,0
59,43,3,4,3,5,4,3,18,1,1,0
59,43,3,4,3,5,4,3,18,1,1,0
59,43,3,4,3,5,4,3,18,1,1,0
59,44,3,4,3,5,5,4,18,1,1,0
59,44,3,4,3,5,5,4,18,1,1,0
59,44,3,4,3,5,5,4,18,1,1,0
59,57,3,4,5,5,3,2,18,1,1,0
59,57,3,4,5,5,3,2,18,1,1,0
59,57,3,4,5,5,3,2,18,1,1,0
59,58,3,4,5,5,5,2,18,1,1,0
59,58,3,4,5,5,5,2,18,1,1,0
59,58,3,4,5,5,5,2,18,1,1,0
59,59,3,4,5,5,4,3,18,1,1,0
59,59,3,4,5,5,4,3,18,1,1,0
59,59,3,4,5,5,4,3,18,1,1,0
59,60,3,4,5,5,5,4,18,1,1,0
59,60,3,4,5,5,5,4,18,1,1,0
59,60,3,4,5,5,5,4,18,1,1,0
59,72,3,4,2,5,2,2,18,1,2,0
59,72,3,4,2,5,2,2,18,1,2,0
59,72,3,4,2,5,2,2,18,1,2,0
59,73,3,4,2,5,4,2,18,1,2,0
59,99,3,4,3,5,3,2,18,1,2,0
59,99,3,4,3,5,3,2,18,1,2,0
59,99,3,4,3,5,3,2,18,1,2,0
59,100,3,4,3,5,5,2,18,1,2,0
59,101,3,4,3,5,4,3,18,1,2,0
60,3,4,5,4,5,4,4,18,1,0,0
60,11,4,5,5,5,5,4,18,1,0,0
60,18,4,5,2,5,4,2,18,1,1,0
60,18,4,5,2,5,4,2,18,1,1,0
60,18,4,5,2,5,4,2,18,1,1,0
60,20,4,5,4,5,4,2,18,1,1,0
60,20,4,5,4,5,4,2,18,1,1,0
60,20,4,5,4,5,4,2,18,1,1,0
60,41,4,5,3,5,3,2,18,1,1,0
60,41,4,5,3,5,3,2,18,1,1,0
60,41,4,5,3,5,3,2,18,1,1,0
60,42,4,5,3,5,5,2,18,1,1,0
60,42,4,5,3,5,5,2,18,1,1,0
60,42,4,5,3,5,5,2,18,1,1,0
60,43,4,5,3,5,4,3,18,1,1,0
60,43,4,5,3,5,4,3,18,1,1,0
60,43,4,5,3,5,4,3,18,1,1,0
60,44,4,5,3,5,5,4,18,1,1,0
60,44,4,5,3,5,5,4,18,1,1,0
60,44,4,5,3,5,5,4,18,1,1,0
60,57,4,5,5,5,3,2,18,1,1,0
60,57,4,5,5,5,3,2,18,1,1,0
60,57,4,5,5,5,3,2,18,1,1,0
60,58,4,5,5,5,5,2,18,1,1,0
60,58,4,5,5,5,5,2,18,1,1,0
60,58,4,5,5,5,5,2,18,1,1,0
60,59,4,5,5,5,4,3,18,1,1,0
60,59,4,5,5,5,4,3,18,1,1,0
60,59,4,5,5,5,4,3,18,1,1,0
60,60,4,5,5,5,5,4,18,1,1,0
60,60,4,5,5,5,5,4,18,1,1,0
60,60,4,5,5,5,5,4,18,1,1,0
60,72,4,5,2,5,2,2,18,1,2,0
60,72,4,5,2,5,2,2,18,1,2,0
60,72,4,5,2,5,2,2,18,1,2,0
60,73,4,5,2,5,4,2,18,1,2,0
60,99,4,5,3,5,3,2,18,1,2,0
60,99,4,5,3,5,3,2,18,1,2,0
60,99,4,5,3,5,3,2,18,1,2,0
60,100,4,5,3,5,5,2,18,1,2,0
60,101,4,5,3,5,4,3,18,1,2,0
61,21,3,5,2,3,3,2,15,1,1,0
61,21,3,5,2,3,3,2,15,1,1,0
61,21,3,5,2,3,3,2,15,1,1,0
61,21,3,5,2,3,3,2,15,1,1,0
61,21,3,5,2,3,3,2,15,1,1,0
61,22,3,5,2,3,5,2,15,1,1,0
61,22,3,5,2,3,5,2,15,1,1,0
61,22,3,5,2,3,5,2,15,1,1,0
61,23,3,5,2,3,4,3,15,1,1,0
61,23,3,5,2,3,4,3,15,1,1,0
61,23,3,5,2,3,4,3,15,1,1,0
61,24,3,5,2,3,5,4,15,1,1,0
61,24,3,5,2,3,5,4,15,1,1,0
61,24,3,5,2,3,5,4,15,1,1,0
61,61,3,5,3,3,5,3,15,1,1,-2.1839077789760251
61,61,3,5,3,3,5,3,15,1,1,-2.1839077789760251
61,61,3,5,3,3,5,3,15,1,1,-2.1839077789760251
61,81,3,5,2,3,3,2,15,1,2,0
61,81,3,5,2,3,3,2,15,1,2,0
61,81,3,5,2,3,3,2,15,1,2,0
61,81,3,5,2,3,3,2,15,1,2,0
61,81,3,5,2,3,3,2,15,1,2,0
61,82,3,5,2,3,5,2,15,1,2,0
61,82,3,5,2,3,5,2,15,1,2,0
61,82,3,5,2,3,5,2,15,1,2,0
61,83,3,5,2,3,4,3,15,1,2,0
61,83,3,5,2,3,4,3,15,1,2,0
61,83,3,5,2,3,4,3,15,1,2,0
61,102,3,5,4,3,3,2,15,1,2,0
61,102,3,5,4,3,3,2,15,1,2,0
61,102,3,5,4,3,3,2,15,1,2,0
61,102,3,5,4,3,3,2,15,1,2,0
61,102,3,5,4,3,3,2,15,1,2,0
61,103,3,5,4,3,5,2,15,1,2,0
61,103,3,5,4,3,5,2,15,1,2,0
61,103,3,5,4,3,5,2,15,1,2,0
61,104,3,5,4,3,4,3,15,1,2,0
61,104,3,5,4,3,4,3,15,1,2,0
61,104,3,5,4,3,4,3,15,1,2,0
61,116,3,5,3,3,3,3,15,1,2,0
61,116,3,5,3,3,3,3,15,1,2,0
61,116,3,5,3,3,3,3,15,1,2,0
61,116,3,5,3,3,3,3,15,1,2,0
61,116,3,5,3,3,3,3,15,1,2,0
61,117,3,5,3,3,5,3,15,1,2,2.4864883876181669
61,117,3,5,3,3,5,3,15,1,2,2.4864883876181669
61,117,3,5,3,3,5,3,15,1,2,2.4864883876181669
61,122,3,5,5,3,3,3,15,1,2,-12.390090456993622
61,122,3,5,5,3,3,3,15,1,2,-12.390090456993622
61,122,3,5,5,3,3,3,15,1,2,-12.390090456993622
61,122,3,5,5,3,3,3,15,1,2,-12.390090456993622
61,122,3,5,5,3,3,3,15,1,2,-12.390090456993622
61,123,3,5,5,3,5,3,15,1,2,0
61,123,3,5,5,3,5,3,15,1,2,0
61,123,3,5,5,3,5,3,15,1,2,0
61,127,3,5,2,3,3,2,15,1,3,0
61,127,3,5,2,3,3,2,15,1,3,0
61,127,3,5,2,3,3,2,15,1,3,0
62,4,3,5,2,3,3,2,17,1,0,0
62,12,3,5,3,3,3,3,17,1,0,0
62,25,3,5,2,3,3,2,17,1,1,0
62,25,3,5,2,3,3,2,17,1,1,0
62,25,3,5,2,3,3,2,17,1,1,0
62,25,3,5,2,3,3,2,17,1,1,0
62,25,3,5,2,3,3,2,17,1,1,0
62,26,3,5,2,3,5,2,17,1,1,0
62,26,3,5,2,3,5,2,17,1,1,0
62,26,3,5,2,3,5,2,17,1,1,0
62,27,3,5,2,3,4,3,17,1,1,0
62,27,3,5,2,3,4,3,17,1,1,0
62,27,3,5,2,3,4,3,17,1,1,0
62,28,3,5,2,3,5,4,17,1,1,0
62,28,3,5,2,3,5,4,17,1,1,0
62,28,3,5,2,3,5,4,17,1,1,0
62,45,3,5,4,3,3,2,17,1,1,0
62,45,3,5,4,3,3,2,17,1,1,0
62,45,3,5,4,3,3,2,17,1,1,0
62,45,3,5,4,3,3,2,17,1,1,0
62,45,3,5,4,3,3,2,17,1,1,0
62,46,3,5,4,3,5,2,17,1,1,0
62,46,3,5,4,3,5,2,17,1,1,0
62,46,3,5,4,3,5,2,17,1,1,0
62,47,3,5,4,3,4,3,17,1,1,0
62,47,3,5,4,3,4,3,17,1,1,0
62,47,3,5,4,3,4,3,17,1,1,0
62,48,3,5,4,3,5,4,17,1,1,0
62,48,3,5,4,3,5,4,17,1,1,0
62,48,3,5,4,3,5,4,17,1,1,0
62,62,3,5,3,3,5,3,17,1,1,1.4559385193173502
62,62,3,5,3,3,5,3,17,1,1,1.4559385193173502
62,62,3,5,3,3,5,3,17,1,1,1.4559385193173502
62,64,3,5,5,3,5,3,17,1,1,0
62,64,3,5,5,3,5,3,17,1,1,0
62,64,3,5,5,3,5,3,17,1,1,0
62,84,3,5,2,3,3,2,17,1,2,0
62,84,3,5,2,3,3,2,17,1,2,0
62,84,3,5,2,3,3,2,17,1,2,0
62,84,3,5,2,3,3,2,17,1,2,0
62,84,3,5,2,3,3,2,17,1,2,0
62,85,3,5,2,3,5,2,17,1,2,0
62,85,3,5,2,3,5,2,17,1,2,0
62,85,3,5,2,3,5,2,17,1,2,0
62,86,3,5,2,3,4,3,17,1,2,0
62,86,3,5,2,3,4,3,17,1,2,0
62,86,3,5,2,3,4,3,17,1,2,0
62,105,3,5,4,3,3,2,17,1,2,0
62,105,3,5,4,3,3,2,17,1,2,0
62,105,3,5,4,3,3,2,17,1,2,0
62,105,3,5,4,3,3,2,17,1,2,0
62,105,3,5,4,3,3,2,17,1,2,0
62,106,3,5,4,3,5,2,17,1,2,0
62,106,3,5,4,3,5,2,17,1,2,0
62,106,3,5,4,3,5,2,17,1,2,0
62,107,3,5,4,3,4,3,17,1,2,0
62,107,3,5,4,3,4,3,17,1,2,0
62,107,3,5,4,3,4,3,17,1,2,0
62,118,3,5,3,3,3,3,17,1,2,0
62,118,3,5,3,3,3,3,17,1,2,0
62,118,3,5,3,3,3,3,17,1,2,0
62,118,3,5,3,3,3,3,17,1,2,0
62,118,3,5,3,3,3,3,17,1,2,0
62,119,3,5,3,3,5,3,17,1,2,-3.2555775002539842
62,119,3,5,3,3,5,3,17,1,2,-3.2555775002539842
62,119,3,5,3,3,5,3,17,1,2,-3.2555775002539842
62,124,3,5,5,3,3,3,17,1,2,-30.349399486561619
62,124,3,5,5,3,3,3,17,1,2,-30.349399486561619
62,124,3,5,5,3,3,3,17,1,2,-30.349399486561619
62,124,3,5,5,3,3,3,17,1,2,-30.349399486561619
62,124,3,5,5,3,3,3,17,1,2,-30.349399486561619
62,125,3,5,5,3,5,3,17,1,2,0
62,125,3,5,5,3,5,3,17,1,2,0
62,125,3,5,5,3,5,3,17,1,2,0
62,128,3,5,2,3,3,2,17,1,3,0
62,128,3,5,2,3,3,2,17,1,3,0
62,128,3,5,2,3,3,2,17,1,3,0
63,9,3,5,4,3,5,4,19,1,0,0
63,15,3,5,5,3,5,5,19,1,0,2.9118770910606777
63,29,3,5,2,3,3,2,19,1,1,0
63,29,3,5,2,3,3,2,19,1,1,0
63,29,3,5,2,3,3,2,19,1,1,0
63,29,3,5,2,3,3,2,19,1,1,0
63,29,3,5,2,3,3,2,19,1,1,0
63,30,3,5,2,3,5,2,19,1,1,0
63,30,3,5,2,3,5,2,19,1,1,0
63,30,3,5,2,3,5,2,19,1,1,0
63,31,3,5,2,3,4,3,19,1,1,0
63,31,3,5,2,3,4,3,19,1,1,0
63,31,3,5,2,3,4,3,19,1,1,0
63,32,3,5,2,3,5,4,19,1,1,0
63,32,3,5,2,3,5,4,19,1,1,0
63,32,3,5,2,3,5,4,19,1,1,0
63,49,3,5,4,3,3,2,19,1,1,0
63,49,3,5,4,3,3,2,19,1,1,0
63,49,3,5,4,3,3,2,19,1,1,0
63,49,3,5,4,3,3,2,19,1,1,0
63,49,3,5,4,3,3,2,19,1,1,0
63,50,3,5,4,3,5,2,19,1,1,0
63,50,3,5,4,3,5,2,19,1,1,0
63,50,3,5,4,3,5,2,19,1,1,0
63,51,3,5,4,3,4,3,19,1,1,0
63,51,3,5,4,3,4,3,19,1,1,0
63,51,3,5,4,3,4,3,19,1,1,0
63,52,3,5,4,3,5,4,19,1,1,0
63,52,3,5,4,3,5,4,19,1,1,0
63,52,3,5,4,3,5,4,19,1,1,0
63,63,3,5,3,3,5,3,19,1,1,-0.72796925965867509
63,63,3,5,3,3,5,3,19,1,1,-0.72796925965867509
63,63,3,5,3,3,5,3,19,1,1,-0.72796925965867509
63,65,3,5,5,3,5,3,19,1,1,0
63,65,3,5,5,3,5,3,19,1,1,0
63,65,3,5,5,3,5,3,19,1,1,0
63,87,3,5,2,3,3,2,19,1,2,0
63,87,3,5,2,3,3,2,19,1,2,0
63,87,3,5,2,3,3,2,19,1,2,0
63,87,3,5,2,3,3,2,19,1,2,0
63,87,3,5,2,3,3,2,19,1,2,0
63,88,3,5,2,3,5,2,19,1,2,0
63,88,3,5,2,3,5,2,19,1,2,0
63,88,3,5,2,3,5,2,19,1,2,0
63,89,3,5,2,3,4,3,19,1,2,0
63,89,3,5,2,3,4,3,19,1,2,0
63,89,3,5,2,3,4,3,19,1,2,0
63,120,3,5,3,3,3,3,19,1,2,0
63,120,3,5,3,3,3,3,19,1,2,0
63,120,3,5,3,3,3,3,19,1,2,0
63,120,3,5,3,3,3,3,19,1,2,0
63,120,3,5,3,3,3,3,19,1,2,0
63,121,3,5,3,3,5,3,19,1,2,3.6398462982933748
63,121,3,5,3,3,5,3,19,1,2,3.6398462982933748
63,121,3,5,3,3,5,3,19,1,2,3.6398462982933748
64,4,3,5,2,5,3,2,17,1,0,0
64,12,3,5,3,5,3,3,17,1,0,2.0590079999999995
64,25,3,5,2,5,3,2,17,1,1,0
64,25,3,5,2,5,3,2,17,1,1,0
64,25,3,5,2,5,3,2,17,1,1,0
64,26,3,5,2,5,5,2,17,1,1,0
64,26,3,5,2,5,5,2,17,1,1,0
64,26,3,5,2,5,5,2,17,1,1,0
64,27,3,5,2,5,4,3,17,1,1,0
64,27,3,5,2,5,4,3,17,1,1,0
64,27,3,5,2,5,4,3,17,1,1,0
64,28,3,5,2,5,5,4,17,1,1,0
64,28,3,5,2,5,5,4,17,1,1,0
64,28,3,5,2,5,5,4,17,1,1,0
64,45,3,5,4,5,3,2,17,1,1,0
64,45,3,5,4,5,3,2,17,1,1,0
64,45,3,5,4,5,3,2,17,1,1,0
64,46,3,5,4,5,5,2,17,1,1,0
64,46,3,5,4,5,5,2,17,1,1,0
64,46,3,5,4,5,5,2,17,1,1,0
64,47,3,5,4,5,4,3,17,1,1,0
64,47,3,5,4,5,4,3,17,1,1,0
64,47,3,5,4,5,4,3,17,1,1,0
64,48,3,5,4,5,5,4,17,1,1,0
64,48,3,5,4,5,5,4,17,1,1,0
64,48,3,5,4,5,5,4,17,1,1,0
64,62,3,5,3,5,5,3,17,1,1,0
64,62,3,5,3,5,5,3,17,1,1,0
64,62,3,5,3,5,5,3,17,1,1,0
64,64,3,5,5,5,5,3,17,1,1,-1.0295040185353814
64,64,3,5,5,5,5,3,17,1,1,-1.0295040185353814
64,64,3,5,5,5,5,3,17,1,1,-1.0295040185353814
64,84,3,5,2,5,3,2,17,1,2,0
64,84,3,5,2,5,3,2,17,1,2,0
64,84,3,5,2,5,3,2,17,1,2,0
64,85,3,5,2,5,5,2,17,1,2,0
64,86,3,5,2,5,4,3,17,1,2,0
64,105,3,5,4,5,3,2,17,1,2,0
64,105,3,5,4,5,3,2,17,1,2,0
64,105,3,5,4,5,3,2,17,1,2,0
64,106,3,5,4,5,5,2,17,1,2,0
64,107,3,5,4,5,4,3,17,1,2,0
64,118,3,5,3,5,3,3,17,1,2,0
64,118,3,5,3,5,3,3,17,1,2,0
64,118,3,5,3,5,3,3,17,1,2,0
64,119,3,5,3,5,5,3,17,1,2,0
64,124,3,5,5,5,3,3,17,1,2,0
64,124,3,5,5,5,3,3,17,1,2,0
64,124,3,5,5,5,3,3,17,1,2,0
64,125,3,5,5,5,5,3,17,1,2,-5.1475200926769062
64,128,3,5,2,5,3,2,17,1,3,0
65,9,3,5,4,5,5,4,19,1,0,0
65,15,3,5,5,5,5,5,19,1,0,0
65,29,3,5,2,5,3,2,19,1,1,0
65,29,3,5,2,5,3,2,19,1,1,0
65,29,3,5,2,5,3,2,19,1,1,0
65,30,3,5,2,5,5,2,19,1,1,0
65,30,3,5,2,5,5,2,19,1,1,0
65,30,3,5,2,5,5,2,19,1,1,0
65,31,3,5,2,5,4,3,19,1,1,0
65,31,3,5,2,5,4,3,19,1,1,0
65,31,3,5,2,5,4,3,19,1,1,0
65,32,3,5,2,5,5,4,19,1,1,0
65,32,3,5,2,5,5,4,19,1,1,0
65,32,3,5,2,5,5,4,19,1,1,0
65,49,3,5,4,5,3,2,19,1,1,0
65,49,3,5,4,5,3,2,19,1,1,0
65,49,3,5,4,5,3,2,19,1,1,0
65,50,3,5,4,5,5,2,19,1,1,0
65,50,3,5,4,5,5,2,19,1,1,0
65,50,3,5,4,5,5,2,19,1,1,0
65,51,3,5,4,5,4,3,19,1,1,0
65,51,3,5,4,5,4,3,19,1,1,0
65,51,3,5,4,5,4,3,19,1,1,0
65,52,3,5,4,5,5,4,19,1,1,0
65,52,3,5,4,5,5,4,19,1,1,0
65,52,3,5,4,5,5,4,19,1,1,0
65,63,3,5,3,5,5,3,19,1,1,0
65,63,3,5,3,5,5,3,19,1,1,0
65,63,3,5,3,5,5,3,19,1,1,0
65,65,3,5,5,5,5,3,19,1,1,-4.1180160741415266
65,65,3,5,5,5,5,3,19,1,1,-4.1180160741415266
65,65,3,5,5,5,5,3,19,1,1,-4.1180160741415266
65,87,3,5,2,5,3,2,19,1,2,0
65,87,3,5,2,5,3,2,19,1,2,0
65,87,3,5,2,5,3,2,19,1,2,0
65,88,3,5,2,5,5,2,19,1,2,0
65,89,3,5,2,5,4,3,19,1,2,0
65,120,3,5,3,5,3,3,19,1,2,0
65,120,3,5,3,5,3,3,19,1,2,0
65,120,3,5,3,5,3,3,19,1,2,0
65,121,3,5,3,5,5,3,19,1,2,0
66,66,2,2,2,2,2,2,12,2,2,0
66,66,2,2,2,2,2,2,12,2,2,0
66,66,2,2,2,2,2,2,12,2,2,0
66,66,2,2,2,2,2,2,12,2,2,0
66,66,2,2,2,2,2,2,12,2,2,0
66,66,2,2,2,2,2,2,12,2,2,0
66,66,2,2,2,2,2,2,12,2,2,0
66,67,2,2,2,2,4,2,12,2,2,0
66,67,2,2,2,2,4,2,12,2,2,0
66,67,2,2,2,2,4,2,12,2,2,0
66,90,2,2,3,2,3,2,12,2,2,0
66,90,2,2,3,2,3,2,12,2,2,0
66,90,2,2,3,2,3,2,12,2,2,0
66,90,2,2,3,2,3,2,12,2,2,0
66,90,2,2,3,2,3,2,12,2,2,0
66,90,2,2,3,2,3,2,12,2,2,0
66,90,2,2,3,2,3,2,12,2,2,0
66,91,2,2,3,2,5,2,12,2,2,0
66,91,2,2,3,2,5,2,12,2,2,0
66,91,2,2,3,2,5,2,12,2,2,0
66,92,2,2,3,2,4,3,12,2,2,0
66,92,2,2,3,2,4,3,12,2,2,0
66,92,2,2,3,2,4,3,12,2,2,0
66,129,2,2,3,2,3,2,12,2,3,0
66,129,2,2,3,2,3,2,12,2,3,0
66,129,2,2,3,2,3,2,12,2,3,0
66,129,2,2,3,2,3,2,12,2,3,0
66,129,2,2,3,2,3,2,12,2,3,0
67,66,2,4,2,2,2,2,12,2,2,0
67,66,2,4,2,2,2,2,12,2,2,0
67,66,2,4,2,2,2,2,12,2,2,0
67,66,2,4,2,2,2,2,12,2,2,0
67,66,2,4,2,2,2,2,12,2,2,0
67,66,2,4,2,2,2,2,12,2,2,0
67,66,2,4,2,2,2,2,12,2,2,0
67,67,2,4,2,2,4,2,12,2,2,0
67,67,2,4,2,2,4,2,12,2,2,0
67,67,2,4,2,2,4,2,12,2,2,0
67,90,2,4,3,2,3,2,12,2,2,0
67,90,2,4,3,2,3,2,12,2,2,0
67,90,2,4,3,2,3,2,12,2,2,0
67,90,2,4,3,2,3,2,12,2,2,0
67,90,2,4,3,2,3,2,12,2,2,0
67,90,2,4,3,2,3,2,12,2,2,0
67,90,2,4,3,2,3,2,12,2,2,0
67,91,2,4,3,2,5,2,12,2,2,0
67,91,2,4,3,2,5,2,12,2,2,0
67,91,2,4,3,2,5,2,12,2,2,0
67,92,2,4,3,2,4,3,12,2,2,0
67,92,2,4,3,2,4,3,12,2,2,0
67,92,2,4,3,2,4,3,12,2,2,0
67,129,2,4,3,2,3,2,12,2,3,0
67,129,2,4,3,2,3,2,12,2,3,0
67,129,2,4,3,2,3,2,12,2,3,0
67,129,2,4,3,2,3,2,12,2,3,0
67,129,2,4,3,2,3,2,12,2,3,0
68,16,2,2,2,2,4,2,14,2,1,0
68,16,2,2,2,2,4,2,14,2,1,0
68,16,2,2,2,2,4,2,14,2,1,0
68,33,2,2,3,2,3,2,14,2,1,0
68,33,2,2,3,2,3,2,14,2,1,0
68,33,2,2,3,2,3,2,14,2,1,0
68,33,2,2,3,2,3,2,14,2,1,0
68,33,2,2,3,2,3,2,14,2,1,0
68,34,2,2,3,2,5,2,14,2,1,0
68,34,2,2,3,2,5,2,14,2,1,0
68,34,2,2,3,2,5,2,14,2,1,0
68,35,2,2,3,2,4,3,14,2,1,0
68,35,2,2,3,2,4,3,14,2,1,0
68,35,2,2,3,2,4,3,14,2,1,0
68,36,2,2,3,2,5,4,14,2,1,0
68,36,2,2,3,2,5,4,14,2,1,0
68,36,2,2,3,2,5,4,14,2,1,0
68,68,2,2,2,2,2,2,14,2,2,0
68,68,2,2,2,2,2,2,14,2,2,0
68,68,2,2,2,2,2,2,14,2,2,0
68,68,2,2,2,2,2,2,14,2,2,0
68,68,2,2,2,2,2,2,14,2,2,0
68,68,2,2,2,2,2,2,14,2,2,0
68,68,2,2,2,2,2,2,14,2,2,0
68,69,2,2,2,2,4,2,14,2,2,0
68,69,2,2,2,2,4,2,14,2,2,0
68,69,2,2,2,2,4,2,14,2,2,0
68,74,2,2,4,2,2,2,14,2,2,0
68,74,2,2,4,2,2,2,14,2,2,0
68,74,2,2,4,2,2,2,14,2,2,0
68,74,2,2,4,2,2,2,14,2,2,0
68,74,2,2,4,2,2,2,14,2,2,0
68,74,2,2,4,2,2,2,14,2,2,0
68,74,2,2,4,2,2,2,14,2,2,0
68,75,2,2,4,2,4,2,14,2,2,0
68,75,2,2,4,2,4,2,14,2,2,0
68,75,2,2,4,2,4,2,14,2,2,0
68,93,2,2,3,2,3,2,14,2,2,0
68,93,2,2,3,2,3,2,14,2,2,0
68,93,2,2,3,2,3,2,14,2,2,0
68,93,2,2,3,2,3,2,14,2,2,0
68,93,2,2,3,2,3,2,14,2,2,0
68,93,2,2,3,2,3,2,14,2,2,0
68,93,2,2,3,2,3,2,14,2,2,0
68,94,2,2,3,2,5,2,14,2,2,0
68,94,2,2,3,2,5,2,14,2,2,0
68,94,2,2,3,2,5,2,14,2,2,0
68,95,2,2,3,2,4,3,14,2,2,0
68,95,2,2,3,2,4,3,14,2,2,0
68,95,2,2,3,2,4,3,14,2,2,0
68,108,2,2,5,2,3,2,14,2,2,0
68,108,2,2,5,2,3,2,14,2,2,0
68,108,2,2,5,2,3,2,14,2,2,0
68,108,2,2,5,2,3,2,14,2,2,0
68,108,2,2,5,2,3,2,14,2,2,0
68,108,2,2,5,2,3,2,14,2,2,0
68,108,2,2,5,2,3,2,14,2,2,0
68,109,2,2,5,2,5,2,14,2,2,0
68,109,2,2,5,2,5,2,14,2,2,0
68,109,2,2,5,2,5,2,14,2,2,0
68,110,2,2,5,2,4,3,14,2,2,0
68,110,2,2,5,2,4,3,14,2,2,0
68,110,2,2,5,2,4,3,14,2,2,0
68,130,2,2,3,2,3,2,14,2,3,0
68,130,2,2,3,2,3,2,14,2,3,0
68,130,2,2,3,2,3,2,14,2,3,0
68,130,2,2,3,2,3,2,14,2,3,0
68,130,2,2,3,2,3,2,14,2,3,0
69,16,2,4,2,2,4,2,14,2,1,0
69,16,2,4,2,2,4,2,14,2,1,0
69,16,2,4,2,2,4,2,14,2,1,0
69,33,2,4,3,2,3,2,14,2,1,0
69,33,2,4,3,2,3,2,14,2,1,0
69,33,2,4,3,2,3,2,14,2,1,0
69,33,2,4,3,2,3,2,14,2,1,0
69,33,2,4,3,2,3,2,14,2,1,0
69,34,2,4,3,2,5,2,14,2,1,0
69,34,2,4,3,2,5,2,14,2,1,0
69,34,2,4,3,2,5,2,14,2,1,0
69,35,2,4,3,2,4,3,14,2,1,0
69,35,2,4,3,2,4,3,14,2,1,0
69,35,2,4,3,2,4,3,14,2,1,0
69,36,2,4,3,2,5,4,14,2,1,0
69,36,2,4,3,2,5,4,14,2,1,0
69,36,2,4,3,2,5,4,14,2,1,0
69,68,2,4,2,2,2,2,14,2,2,0
69,68,2,4,2,2,2,2,14,2,2,0
69,68,2,4,2,2,2,2,14,2,2,0
69,68,2,4,2,2,2,2,14,2,2,0
69,68,2,4,2,2,2,2,14,2,2,0
69,68,2,4,2,2,2,2,14,2,2,0
69,68,2,4,2,2,2,2,14,2,2,0
69,69,2,4,2,2,4,2,14,2,2,0
69,69,2,4,2,2,4,2,14,2,2,0
69,69,2,4,2,2,4,2,14,2,2,0
69,74,2,4,4,2,2,2,14,2,2,0
69,74,2,4,4,2,2,2,14,2,2,0
69,74,2,4,4,2,2,2,14,2,2,0
69,74,2,4,4,2,2,2,14,2,2,0
69,74,2,4,4,2,2,2,14,2,2,0
69,74,2,4,4,2,2,2,14,2,2,0
69,74,2,4,4,2,2,2,14,2,2,0
69,75,2,4,4,2,4,2,14,2,2,0
69,75,2,4,4,2,4,2,14,2,2,0
69,75,2,4,4,2,4,2,14,2,2,0
69,93,2,4,3,2,3,2,14,2,2,0
69,93,2,4,3,2,3,2,14,2,2,0
69,93,2,4,3,2,3,2,14,2,2,0
69,93,2,4,3,2,3,2,14,2,2,0
69,93,2,4,3,2,3,2,14,2,2,0
69,93,2,4,3,2,3,2,14,2,2,0
69,93,2,4,3,2,3,2,14,2,2,0
69,94,2,4,3,2,5,2,14,2,2,0
69,94,2,4,3,2,5,2,14,2,2,0
69,94,2,4,3,2,5,2,14,2,2,0
69,95,2,4,3,2,4,3,14,2,2,0
69,95,2,4,3,2,4,3,14,2,2,0
69,95,2,4,3,2,4,3,14,2,2,0
69,108,2,4,5,2,3,2,14,2,2,0
69,108,2,4,5,2,3,2,14,2,2,0
69,108,2,4,5,2,3,2,14,2,2,0
69,108,2,4,5,2,3,2,14,2,2,0
69,108,2,4,5,2,3,2,14,2,2,0
69,108,2,4,5,2,3,2,14,2,2,0
69,108,2,4,5,2,3,2,14,2,2,0
69,109,2,4,5,2,5,2,14,2,2,0
69,109,2,4,5,2,5,2,14,2,2,0
69,109,2,4,5,2,5,2,14,2,2,0
69,110,2,4,5,2,4,3,14,2,2,0
69,110,2,4,5,2,4,3,14,2,2,0
69,110,2,4,5,2,4,3,14,2,2,0
69,130,2,4,3,2,3,2,14,2,3,0
69,130,2,4,3,2,3,2,14,2,3,0
69,130,2,4,3,2,3,2,14,2,3,0
69,130,2,4,3,2,3,2,14,2,3,0
69,130,2,4,3,2,3,2,14,2,3,0
70,0,2,2,2,2,2,2,16,2,0,0
70,6,2,2,3,2,3,2,16,2,0,0
70,17,2,2,2,2,4,2,16,2,1,0
70,17,2,2,2,2,4,2,16,2,1,0
70,17,2,2,2,2,4,2,16,2,1,0
70,19,2,2,4,2,4,2,16,2,1,0
70,19,2,2,4,2,4,2,16,2,1,0
70,19,2,2,4,2,4,2,16,2,1,0
70,37,2,2,3,2,3,2,16,2,1,0
70,37,2,2,3,2,3,2,16,2,1,0
70,37,2,2,3,2,3,2,16,2,1,0
70,37,2,2,3,2,3,2,16,2,1,0
70,37,2,2,3,2,3,2,16,2,1,0
70,38,2,2,3,2,5,2,16,2,1,0
70,38,2,2,3,2,5,2,16,2,1,0
70,38,2,2,3,2,5,2,16,2,1,0
70,39,2,2,3,2,4,3,16,2,1,0
70,39,2,2,3,2,4,3,16,2,1,0
70,39,2,2,3,2,4,3,16,2,1,0
70,40,2,2,3,2,5,4,16,2,1,0
70,40,2,2,3,2,5,4,16,2,1,0
70,40,2,2,3,2,5,4,16,2,1,0
70,53,2,2,5,2,3,2,16,2,1,0
70,53,2,2,5,2,3,2,16,2,1,0
70,53,2,2,5,2,3,2,16,2,1,0
70,53,2,2,5,2,3,2,16,2,1,0
70,53,2,2,5,2,3,2,16,2,1,0
70,54,2,2,5,2,5,2,16,2,1,0
70,54,2,2,5,2,5,2,16,2,1,0
70,54,2,2,5,2,5,2,16,2,1,0
70,55,2,2,5,2,4,3,16,2,1,0
70,55,2,2,5,2,4,3,16,2,1,0
70,55,2,2,5,2,4,3,16,2,1,0
70,56,2,2,5,2,5,4,16,2,1,0
70,56,2,2,5,2,5,4,16,2,1,0
70,56,2,2,5,2,5,4,16,2,1,0
70,70,2,2,2,2,2,2,16,2,2,0
70,70,2,2,2,2,2,2,16,2,2,0
70,70,2,2,2,2,2,2,16,2,2,0
70,70,2,2,2,2,2,2,16,2,2,0
70,70,2,2,2,2,2,2,16,2,2,0
70,70,2,2,2,2,2,2,16,2,2,0
70,70,2,2,2,2,2,2,16,2,2,0
70,71,2,2,2,2,4,2,16,2,2,0
70,71,2,2,2,2,4,2,16,2,2,0
70,71,2,2,2,2,4,2,16,2,2,0
70,76,2,2,4,2,2,2,16,2,2,0
70,76,2,2,4,2,2,2,16,2,2,0
70,76,2,2,4,2,2,2,16,2,2,0
70,76,2,2,4,2,2,2,16,2,2,0
70,76,2,2,4,2,2,2,16,2,2,0
70,76,2,2,4,2,2,2,16,2,2,0
70,76,2,2,4,2,2,2,16,2,2,0
70,77,2,2,4,2,4,2,16,2,2,0
70,77,2,2,4,2,4,2,16,2,2,0
70,77,2,2,4,2,4,2,16,2,2,0
70,96,2,2,3,2,3,2,16,2,2,0
70,96,2,2,3,2,3,2,16,2,2,0
70,96,2,2,3,2,3,2,16,2,2,0
70,96,2,2,3,2,3,2,16,2,2,0
70,96,2,2,3,2,3,2,16,2,2,0
70,96,2,2,3,2,3,2,16,2,2,0
70,96,2,2,3,2,3,2,16,2,2,0
70,97,2,2,3,2,5,2,16,2,2,0
70,97,2,2,3,2,5,2,16,2,2,0
70,97,2,2,3,2,5,2,16,2,2,0
70,98,2,2,3,2,4,3,16,2,2,0
70,98,2,2,3,2,4,3,16,2,2,0
70,98,2,2,3,2,4,3,16,2,2,0
70,111,2,2,5,2,3,2,16,2,2,0
70,111,2,2,5,2,3,2,16,2,2,0
70,111,2,2,5,2,3,2,16,2,2,0
70,111,2,2,5,2,3,2,16,2,2,0
70,111,2,2,5,2,3,2,16,2,2,0
70,111,2,2,5,2,3,2,16,2,2,0
70,111,2,2,5,2,3,2,16,2,2,0
70,112,2,2,5,2,5,2,16,2,2,0
70,112,2,2,5,2,5,2,16,2,2,0
70,112,2,2,5,2,5,2,16,2,2,0
70,113,2,2,5,2,4,3,16,2,2,0
70,113,2,2,5,2,4,3,16,2,2,0
70,113,2,2,5,2,4,3,16,2,2,0
70,131,2,2,3,2,3,2,16,2,3,0
70,131,2,2,3,2,3,2,16,2,3,0
70,131,2,2,3,2,3,2,16,2,3,0
70,131,2,2,3,2,3,2,16,2,3,0
70,131,2,2,3,2,3,2,16,2,3,0
71,0,2,4,2,2,2,2,16,2,0,0
71,6,2,4,3,2,3,2,16,2,0,0
71,17,2,4,2,2,4,2,16,2,1,0
71,17,2,4,2,2,4,2,16,2,1,0
71,17,2,4,2,2,4,2,16,2,1,0
71,19,2,4,4,2,4,2,16,2,1,0
71,19,2,4,4,2,4,2,16,2,1,0
71,19,2,4,4,2,4,2,16,2,1,0
71,37,2,4,3,2,3,2,16,2,1,0
71,37,2,4,3,2,3,2,16,2,1,0
71,37,2,4,3,2,3,2,16,2,1,0
71,37,2,4,3,2,3,2,16,2,1,0
71,37,2,4,3,2,3,2,16,2,1,0
71,38,2,4,3,2,5,2,16,2,1,0
71,38,2,4,3,2,5,2,16,2,1,0
71,38,2,4,3,2,5,2,16,2,1,0
71,39,2,4,3,2,4,3,16,2,1,0
71,39,2,4,3,2,4,3,16,2,1,0
71,39,2,4,3,2,4,3,16,2,1,0
71,40,2,4,3,2,5,4,16,2,1,0
71,40,2,4,3,2,5,4,16,2,1,0
71,40,2,4,3,2,5,4,16,2,1,0
71,53,2,4,5,2,3,2,16,2,1,0
71,53,2,4,5,2,3,2,16,2,1,0
71,53,2,4,5,2,3,2,16,2,1,0
71,53,2,4,5,2,3,2,16,2,1,0
71,53,2,4,5,2,3,2,16,2,1,0
71,54,2,4,5,2,5,2,16,2,1,0
71,54,2,4,5,2,5,2,16,2,1,0
71,54,2,4,5,2,5,2,16,2,1,0
71,55,2,4,5,2,4,3,16,2,1,0
71,55,2,4,5,2,4,3,16,2,1,0
71,55,2,4,5,2,4,3,16,2,1,0
71,56,2,4,5,2,5,4,16,2,1,0
71,56,2,4,5,2,5,4,16,2,1,0
71,56,2,4,5,2,5,4,16,2,1,0
71,70,2,4,2,2,2,2,16,2,2,0
71,70,2,4,2,2,2,2,16,2,2,0
71,70,2,4,2,2,2,2,16,2,2,0
71,70,2,4,2,2,2,2,16,2,2,0
71,70,2,4,2,2,2,2,16,2,2,0
71,70,2,4,2,2,2,2,16,2,2,0
71,70,2,4,2,2,2,2,16,2,2,0
71,71,2,4,2,2,4,2,16,2,2,0
71,71,2,4,2,2,4,2,16,2,2,0
71,71,2,4,2,2,4,2,16,2,2,0
71,76,2,4,4,2,2,2,16,2,2,0
71,76,2,4,4,2,2,2,16,2,2,0
71,76,2,4,4,2,2,2,16,2,2,0
71,76,2,4,4,2,2,2,16,2,2,0
71,76,2,4,4,2,2,2,16,2,2,0
71,76,2,4,4,2,2,2,16,2,2,0
71,76,2,4,4,2,2,2,16,2,2,0
71,77,2,4,4,2,4,2,16,2,2,0
71,77,2,4,4,2,4,2,16,2,2,0
71,77,2,4,4,2,4,2,16,2,2,0
71,96,2,4,3,2,3,2,16,2,2,0
71,96,2,4,3,2,3,2,16,2,2,0
71,96,2,4,3,2,3,2,16,2,2,0
71,96,2,4,3,2,3,2,16,2,2,0
71,96,2,4,3,2,3,2,16,2,2,0
71,96,2,4,3,2,3,2,16,2,2,0
71,96,2,4,3,2,3,2,16,2,2,0
71,97,2,4,3,2,5,2,16,2,2,0
71,97,2,4,3,2,5,2,16,2,2,0
71,97,2,4,3,2,5,2,16,2,2,0
71,98,2,4,3,2,4,3,16,2,2,0
71,98,2,4,3,2,4,3,16,2,2,0
71,98,2,4,3,2,4,3,16,2,2,0
71,111,2,4,5,2,3,2,16,2,2,0
71,111,2,4,5,2,3,2,16,2,2,0
71,111,2,4,5,2,3,2,16,2,2,0
71,111,2,4,5,2,3,2,16,2,2,0
71,111,2,4,5,2,3,2,16,2,2,0
71,111,2,4,5,2,3,2,16,2,2,0
71,111,2,4,5,2,3,2,16,2,2,0
71,112,2,4,5,2,5,2,16,2,2,0
71,112,2,4,5,2,5,2,16,2,2,0
71,112,2,4,5,2,5,2,16,2,2,0
71,113,2,4,5,2,4,3,16,2,2,0
71,113,2,4,5,2,4,3,16,2,2,0
71,113,2,4,5,2,4,3,16,2,2,0
71,131,2,4,3,2,3,2,16,2,3,0
71,131,2,4,3,2,3,2,16,2,3,0
71,131,2,4,3,2,3,2,16,2,3,0
71,131,2,4,3,2,3,2,16,2,3,0
71,131,2,4,3,2,3,2,16,2,3,0
72,3,2,2,4,2,4,4,18,2,0,0
72,11,2,2,5,2,5,4,18,2,0,0
72,18,2,2,2,2,4,2,18,2,1,0
72,18,2,2,2,2,4,2,18,2,1,0
72,18,2,2,2,2,4,2,18,2,1,0
72,20,2,2,4,2,4,2,18,2,1,0
72,20,2,2,4,2,4,2,18,2,1,0
72,20,2,2,4,2,4,2,18,2,1,0
72,41,2,2,3,2,3,2,18,2,1,0
72,41,2,2,3,2,3,2,18,2,1,0
72,41,2,2,3,2,3,2,18,2,1,0
72,41,2,2,3,2,3,2,18,2,1,0
72,41,2,2,3,2,3,2,18,2,1,0
72,42,2,2,3,2,5,2,18,2,1,0
72,42,2,2,3,2,5,2,18,2,1,0
72,42,2,2,3,2,5,2,18,2,1,0
72,43,2,2,3,2,4,3,18,2,1,0
72,43,2,2,3,2,4,3,18,2,1,0
72,43,2,2,3,2,4,3,18,2,1,0
72,44,2,2,3,2,5,4,18,2,1,0
72,44,2,2,3,2,5,4,18,2,1,0
72,44,2,2,3,2,5,4,18,2,1,0
72,57,2,2,5,2,3,2,18,2,1,0
72,57,2,2,5,2,3,2,18,2,1,0
72,57,2,2,5,2,3,2,18,2,1,0
72,57,2,2,5,2,3,2,18,2,1,0
72,57,2,2,5,2,3,2,18,2,1,0
72,58,2,2,5,2,5,2,18,2,1,0
72,58,2,2,5,2,5,2,18,2,1,0
72,58,2,2,5,2,5,2,18,2,1,0
72,59,2,2,5,2,4,3,18,2,1,0
72,59,2,2,5,2,4,3,18,2,1,0
72,59,2,2,5,2,4,3,18,2,1,0
72,60,2,2,5,2,5,4,18,2,1,0
72,60,2,2,5,2,5,4,18,2,1,0
72,60,2,2,5,2,5,4,18,2,1,0
72,72,2,2,2,2,2,2,18,2,2,0
72,72,2,2,2,2,2,2,18,2,2,0
72,72,2,2,2,2,2,2,18,2,2,0
72,72,2,2,2,2,2,2,18,2,2,0
72,72,2,2,2,2,2,2,18,2,2,0
72,72,2,2,2,2,2,2,18,2,2,0
72,72,2,2,2,2,2,2,18,2,2,0
72,73,2,2,2,2,4,2,18,2,2,0
72,73,2,2,2,2,4,2,18,2,2,0
72,73,2,2,2,2,4,2,18,2,2,0
72,99,2,2,3,2,3,2,18,2,2,0
72,99,2,2,3,2,3,2,18,2,2,0
72,99,2,2,3,2,3,2,18,2,2,0
72,99,2,2,3,2,3,2,18,2,2,0
72,99,2,2,3,2,3,2,18,2,2,0
72,99,2,2,3,2,3,2,18,2,2,0
72,99,2,2,3,2,3,2,18,2,2,0
72,100,2,2,3,2,5,2,18,2,2,0
72,100,2,2,3,2,5,2,18,2,2,0
72,100,2,2,3,2,5,2,18,2,2,0
72,101,2,2,3,2,4,3,18,2,2,0
72,101,2,2,3,2,4,3,18,2,2,0
72,101,2,2,3,2,4,3,18,2,2,0
73,3,2,4,4,2,4,4,18,2,0,0
73,11,2,4,5,2,5,4,18,2,0,0
73,18,2,4,2,2,4,2,18,2,1,0
73,18,2,4,2,2,4,2,18,2,1,0
73,18,2,4,2,2,4,2,18,2,1,0
73,20,2,4,4,2,4,2,18,2,1,0
73,20,2,4,4,2,4,2,18,2,1,0
73,20,2,4,4,2,4,2,18,2,1,0
73,41,2,4,3,2,3,2,18,2,1,0
73,41,2,4,3,2,3,2,18,2,1,0
73,41,2,4,3,2,3,2,18,2,1,0
73,41,2,4,3,2,3,2,18,2,1,0
73,41,2,4,3,2,3,2,18,2,1,0
73,42,2,4,3,2,5,2,18,2,1,0
73,42,2,4,3,2,5,2,18,2,1,0
73,42,2,4,3,2,5,2,18,2,1,0
73,43,2,4,3,2,4,3,18,2,1,0
73,43,2,4,3,2,4,3,18,2,1,0
73,43,2,4,3,2,4,3,18,2,1,0
73,44,2,4,3,2,5,4,18,2,1,0
73,44,2,4,3,2,5,4,18,2,1,0
73,44,2,4,3,2,5,4,18,2,1,0
73,57,2,4,5,2,3,2,18,2,1,0
73,57,2,4,5,2,3,2,18,2,1,0
73,57,2,4,5,2,3,2,18,2,1,0
73,57,2,4,5,2,3,2,18,2,1,0
73,57,2,4,5,2,3,2,18,2,1,0
73,58,2,4,5,2,5,2,18,2,1,0
73,58,2,4,5,2,5,2,18,2,1,0
73,58,2,4,5,2,5,2,18,2,1,0
73,59,2,4,5,2,4,3,18,2,1,0
73,59,2,4,5,2,4,3,18,2,1,0
73,59,2,4,5,2,4,3,18,2,1,0
73,60,2,4,5,2,5,4,18,2,1,0
73,60,2,4,5,2,5,4,18,2,1,0
73,60,2,4,5,2,5,4,18,2,1,0
73,72,2,4,2,2,2,2,18,2,2,0
73,72,2,4,2,2,2,2,18,2,2,0
73,72,2,4,2,2,2,2,18,2,2,0
73,72,2,4,2,2,2,2,18,2,2,0
73,72,2,4,2,2,2,2,18,2,2,0
73,72,2,4,2,2,2,2,18,2,2,0
73,72,2,4,2,2,2,2,18,2,2,0
73,73,2,4,2,2,4,2,18,2,2,0
73,73,2,4,2,2,4,2,18,2,2,0
73,73,2,4,2,2,4,2,18,2,2,0
73,99,2,4,3,2,3,2,18,2,2,0
73,99,2,4,3,2,3,2,18,2,2,0
73,99,2,4,3,2,3,2,18,2,2,0
73,99,2,4,3,2,3,2,18,2,2,0
73,99,2,4,3,2,3,2,18,2,2,0
73,99,2,4,3,2,3,2,18,2,2,0
73,99,2,4,3,2,3,2,18,2,2,0
73,100,2,4,3,2,5,2,18,2,2,0
73,100,2,4,3,2,5,2,18,2,2,0
73,100,2,4,3,2,5,2,18,2,2,0
73,101,2,4,3,2,4,3,18,2,2,0
73,101,2,4,3,2,4,3,18,2,2,0
73,101,2,4,3,2,4,3,18,2,2,0
74,16,2,2,2,4,4,2,14,2,1,0
74,33,2,2,3,4,3,2,14,2,1,0
74,33,2,2,3,4,3,2,14,2,1,0
74,33,2,2,3,4,3,2,14,2,1,0
74,34,2,2,3,4,5,2,14,2,1,0
74,35,2,2,3,4,4,3,14,2,1,0
74,36,2,2,3,4,5,4,14,2,1,0
74,68,2,2,2,4,2,2,14,2,2,0
74,68,2,2,2,4,2,2,14,2,2,0
74,68,2,2,2,4,2,2,14,2,2,0
74,69,2,2,2,4,4,2,14,2,2,0
74,69,2,2,2,4,4,2,14,2,2,0
74,69,2,2,2,4,4,2,14,2,2,0
74,74,2,2,4,4,2,2,14,2,2,0
74,74,2,2,4,4,2,2,14,2,2,0
74,74,2,2,4,4,2,2,14,2,2,0
74,75,2,2,4,4,4,2,14,2,2,0
74,75,2,2,4,4,4,2,14,2,2,0
74,75,2,2,4,4,4,2,14,2,2,0
74,93,2,2,3,4,3,2,14,2,2,0
74,93,2,2,3,4,3,2,14,2,2,0
74,93,2,2,3,4,3,2,14,2,2,0
74,94,2,2,3,4,5,2,14,2,2,0
74,94,2,2,3,4,5,2,14,2,2,0
74,94,2,2,3,4,5,2,14,2,2,0
74,95,2,2,3,4,4,3,14,2,2,0
74,95,2,2,3,4,4,3,14,2,2,0
74,95,2,2,3,4,4,3,14,2,2,0
74,108,2,2,5,4,3,2,14,2,2,0
74,108,2,2,5,4,3,2,14,2,2,0
74,108,2,2,5,4,3,2,14,2,2,0
74,109,2,2,5,4,5,2,14,2,2,0
74,109,2,2,5,4,5,2,14,2,2,0
74,109,2,2,5,4,5,2,14,2,2,0
74,110,2,2,5,4,4,3,14,2,2,0
74,110,2,2,5,4,4,3,14,2,2,0
74,110,2,2,5,4,4,3,14,2,2,0
74,130,2,2,3,4,3,2,14,2,3,0
74,130,2,2,3,4,3,2,14,2,3,0
74,130,2,2,3,4,3,2,14,2,3,0
75,16,2,4,2,4,4,2,14,2,1,0
75,33,2,4,3,4,3,2,14,2,1,0
75,33,2,4,3,4,3,2,14,2,1,0
75,33,2,4,3,4,3,2,14,2,1,0
75,34,2,4,3,4,5,2,14,2,1,0
75,35,2,4,3,4,4,3,14,2,1,0
75,36,2,4,3,4,5,4,14,2,1,0
75,68,2,4,2,4,2,2,14,2,2,0
75,68,2,4,2,4,2,2,14,2,2,0
75,68,2,4,2,4,2,2,14,2,2,0
75,69,2,4,2,4,4,2,14,2,2,0
75,69,2,4,2,4,4,2,14,2,2,0
75,69,2,4,2,4,4,2,14,2,2,0
75,74,2,4,4,4,2,2,14,2,2,0
75,74,2,4,4,4,2,2,14,2,2,0
75,74,2,4,4,4,2,2,14,2,2,0
75,75,2,4,4,4,4,2,14,2,2,0
75,75,2,4,4,4,4,2,14,2,2,0
75,75,2,4,4,4,4,2,14,2,2,0
75,93,2,4,3,4,3,2,14,2,2,0
75,93,2,4,3,4,3,2,14,2,2,0
75,93,2,4,3,4,3,2,14,2,2,0
75,94,2,4,3,4,5,2,14,2,2,0
75,94,2,4,3,4,5,2,14,2,2,0
75,94,2,4,3,4,5,2,14,2,2,0
75,95,2,4,3,4,4,3,14,2,2,0
75,95,2,4,3,4,4,3,14,2,2,0
75,95,2,4,3,4,4,3,14,2,2,0
75,108,2,4,5,4,3,2,14,2,2,0
75,108,2,4,5,4,3,2,14,2,2,0
75,108,2,4,5,4,3,2,14,2,2,0
75,109,2,4,5,4,5,2,14,2,2,0
75,109,2,4,5,4,5,2,14,2,2,0
75,109,2,4,5,4,5,2,14,2,2,0
75,110,2,4,5,4,4,3,14,2,2,0
75,110,2,4,5,4,4,3,14,2,2,0
75,110,2,4,5,4,4,3,14,2,2,0
75,130,2,4,3,4,3,2,14,2,3,0
75,130,2,4,3,4,3,2,14,2,3,0
75,130,2,4,3,4,3,2,14,2,3,0
76,0,2,2,2,4,2,2,16,2,0,0
76,6,2,2,3,4,3,2,16,2,0,0
76,17,2,2,2,4,4,2,16,2,1,0
76,19,2,2,4,4,4,2,16,2,1,0
76,37,2,2,3,4,3,2,16,2,1,0
76,37,2,2,3,4,3,2,16,2,1,0
76,37,2,2,3,4,3,2,16,2,1,0
76,38,2,2,3,4,5,2,16,2,1,0
76,39,2,2,3,4,4,3,16,2,1,0
76,40,2,2,3,4,5,4,16,2,1,0
76,53,2,2,5,4,3,2,16,2,1,0
76,53,2,2,5,4,3,2,16,2,1,0
76,53,2,2,5,4,3,2,16,2,1,0
76,54,2,2,5,4,5,2,16,2,1,0
76,55,2,2,5,4,4,3,16,2,1,0
76,56,2,2,5,4,5,4,16,2,1,0
76,70,2,2,2,4,2,2,16,2,2,0
76,70,2,2,2,4,2,2,16,2,2,0
76,70,2,2,2,4,2,2,16,2,2,0
76,71,2,2,2,4,4,2,16,2,2,0
76,71,2,2,2,4,4,2,16,2,2,0
76,71,2,2,2,4,4,2,16,2,2,0
76,76,2,2,4,4,2,2,16,2,2,0
76,76,2,2,4,4,2,2,16,2,2,0
76,76,2,2,4,4,2,2,16,2,2,0
76,77,2,2,4,4,4,2,16,2,2,0
76,77,2,2,4,4,4,2,16,2,2,0
76,77,2,2,4,4,4,2,16,2,2,0
76,96,2,2,3,4,3,2,16,2,2,0
76,96,2,2,3,4,3,2,16,2,2,0
76,96,2,2,3,4,3,2,16,2,2,0
76,97,2,2,3,4,5,2,16,2,2,0
76,97,2,2,3,4,5,2,16,2,2,0
76,97,2,2,3,4,5,2,16,2,2,0
76,98,2,2,3,4,4,3,16,2,2,0
76,98,2,2,3,4,4,3,16,2,2,0
76,98,2,2,3,4,4,3,16,2,2,0
76,111,2,2,5,4,3,2,16,2,2,0
76,111,2,2,5,4,3,2,16,2,2,0
76,111,2,2,5,4,3,2,16,2,2,0
76,112,2,2,5,4,5,2,16,2,2,0
76,112,2,2,5,4,5,2,16,2,2,0
76,112,2,2,5,4,5,2,16,2,2,0
76,113,2,2,5,4,4,3,16,2,2,0
76,113,2,2,5,4,4,3,16,2,2,0
76,113,2,2,5,4,4,3,16,2,2,0
76,131,2,2,3,4,3,2,16,2,3,0
76,131,2,2,3,4,3,2,16,2,3,0
76,131,2,2,3,4,3,2,16,2,3,0
77,0,2,4,2,4,2,2,16,2,0,0
77,6,2,4,3,4,3,2,16,2,0,0
77,17,2,4,2,4,4,2,16,2,1,0
77,19,2,4,4,4,4,2,16,2,1,0
77,37,2,4,3,4,3,2,16,2,1,0
77,37,2,4,3,4,3,2,16,2,1,0
77,37,2,4,3,4,3,2,16,2,1,0
77,38,2,4,3,4,5,2,16,2,1,0
77,39,2,4,3,4,4,3,16,2,1,0
77,40,2,4,3,4,5,4,16,2,1,0
77,53,2,4,5,4,3,2,16,2,1,0
77,53,2,4,5,4,3,2,16,2,1,0
77,53,2,4,5,4,3,2,16,2,1,0
77,54,2,4,5,4,5,2,16,2,1,0
77,55,2,4,5,4,4,3,16,2,1,0
77,56,2,4,5,4,5,4,16,2,1,0
77,70,2,4,2,4,2,2,16,2,2,0
77,70,2,4,2,4,2,2,16,2,2,0
77,70,2,4,2,4,2,2,16,2,2,0
77,71,2,4,2,4,4,2,16,2,2,0
77,71,2,4,2,4,4,2,16,2,2,0
77,71,2,4,2,4,4,2,16,2,2,0
77,76,2,4,4,4,2,2,16,2,2,0
77,76,2,4,4,4,2,2,16,2,2,0
77,76,2,4,4,4,2,2,16,2,2,0
77,77,2,4,4,4,4,2,16,2,2,0
77,77,2,4,4,4,4,2,16,2,2,0
77,77,2,4,4,4,4,2,16,2,2,0
77,96,2,4,3,4,3,2,16,2,2,0
77,96,2,4,3,4,3,2,16,2,2,0
77,96,2,4,3,4,3,2,16,2,2,0
77,97,2,4,3,4,5,2,16,2,2,0
77,97,2,4,3,4,5,2,16,2,2,0
77,97,2,4,3,4,5,2,16,2,2,0
77,98,2,4,3,4,4,3,16,2,2,0
77,98,2,4,3,4,4,3,16,2,2,0
77,98,2,4,3,4,4,3,16,2,2,0
77,111,2,4,5,4,3,2,16,2,2,0
77,111,2,4,5,4,3,2,16,2,2,0
77,111,2,4,5,4,3,2,16,2,2,0
77,112,2,4,5,4,5,2,16,2,2,0
77,112,2,4,5,4,5,2,16,2,2,0
77,112,2,4,5,4,5,2,16,2,2,0
77,113,2,4,5,4,4,3,16,2,2,0
77,113,2,4,5,4,4,3,16,2,2,0
77,113,2,4,5,4,4,3,16,2,2,0
77,131,2,4,3,4,3,2,16,2,3,0
77,131,2,4,3,4,3,2,16,2,3,0
77,131,2,4,3,4,3,2,16,2,3,0
78,78,2,3,2,2,3,2,13,2,2,0
78,78,2,3,2,2,3,2,13,2,2,0
78,78,2,3,2,2,3,2,13,2,2,0
78,78,2,3,2,2,3,2,13,2,2,0
78,78,2,3,2,2,3,2,13,2,2,0
78,78,2,3,2,2,3,2,13,2,2,0
78,78,2,3,2,2,3,2,13,2,2,0
78,79,2,3,2,2,5,2,13,2,2,0
78,79,2,3,2,2,5,2,13,2,2,0
78,79,2,3,2,2,5,2,13,2,2,0
78,80,2,3,2,2,4,3,13,2,2,0
78,80,2,3,2,2,4,3,13,2,2,0
78,80,2,3,2,2,4,3,13,2,2,0
78,114,2,3,3,2,3,3,13,2,2,0
78,114,2,3,3,2,3,3,13,2,2,0
78,114,2,3,3,2,3,3,13,2,2,0
78,114,2,3,3,2,3,3,13,2,2,0
78,114,2,3,3,2,3,3,13,2,2,0
78,114,2,3,3,2,3,3,13,2,2,0
78,114,2,3,3,2,3,3,13,2,2,0
78,115,2,3,3,2,5,3,13,2,2,0
78,115,2,3,3,2,5,3,13,2,2,0
78,115,2,3,3,2,5,3,13,2,2,0
78,126,2,3,2,2,3,2,13,2,3,0
78,126,2,3,2,2,3,2,13,2,3,0
78,126,2,3,2,2,3,2,13,2,3,0
78,126,2,3,2,2,3,2,13,2,3,0
78,126,2,3,2,2,3,2,13,2,3,0
79,78,2,5,2,2,3,2,13,2,2,0
79,78,2,5,2,2,3,2,13,2,2,0
79,78,2,5,2,2,3,2,13,2,2,0
79,78,2,5,2,2,3,2,13,2,2,0
79,78,2,5,2,2,3,2,13,2,2,0
79,78,2,5,2,2,3,2,13,2,2,0
79,78,2,5,2,2,3,2,13,2,2,0
79,79,2,5,2,2,5,2,13,2,2,0
79,79,2,5,2,2,5,2,13,2,2,0
79,79,2,5,2,2,5,2,13,2,2,0
79,80,2,5,2,2,4,3,13,2,2,0
79,80,2,5,2,2,4,3,13,2,2,0
79,80,2,5,2,2,4,3,13,2,2,0
79,114,2,5,3,2,3,3,13,2,2,0
79,114,2,5,3,2,3,3,13,2,2,0
79,114,2,5,3,2,3,3,13,2,2,0
79,114,2,5,3,2,3,3,13,2,2,0
79,114,2,5,3,2,3,3,13,2,2,0
79,114,2,5,3,2,3,3,13,2,2,0
79,114,2,5,3,2,3,3,13,2,2,0
79,115,2,5,3,2,5,3,13,2,2,0
79,115,2,5,3,2,5,3,13,2,2,0
79,115,2,5,3,2,5,3,13,2,2,0
79,126,2,5,2,2,3,2,13,2,3,0
79,126,2,5,2,2,3,2,13,2,3,0
79,126,2,5,2,2,3,2,13,2,3,0
79,126,2,5,2,2,3,2,13,2,3,0
79,126,2,5,2,2,3,2,13,2,3,0
80,78,3,4,2,2,3,2,13,2,2,0
80,78,3,4,2,2,3,2,13,2,2,0
80,78,3,4,2,2,3,2,13,2,2,0
80,78,3,4,2,2,3,2,13,2,2,0
80,78,3,4,2,2,3,2,13,2,2,0
80,78,3,4,2,2,3,2,13,2,2,0
80,78,3,4,2,2,3,2,13,2,2,0
80,79,3,4,2,2,5,2,13,2,2,0
80,79,3,4,2,2,5,2,13,2,2,0
80,79,3,4,2,2,5,2,13,2,2,0
80,80,3,4,2,2,4,3,13,2,2,0
80,80,3,4,2,2,4,3,13,2,2,0
80,80,3,4,2,2,4,3,13,2,2,0
80,114,3,4,3,2,3,3,13,2,2,0
80,114,3,4,3,2,3,3,13,2,2,0
80,114,3,4,3,2,3,3,13,2,2,0
80,114,3,4,3,2,3,3,13,2,2,0
80,114,3,4,3,2,3,3,13,2,2,0
80,114,3,4,3,2,3,3,13,2,2,0
80,114,3,4,3,2,3,3,13,2,2,0
80,115,3,4,3,2,5,3,13,2,2,0
80,115,3,4,3,2,5,3,13,2,2,0
80,115,3,4,3,2,5,3,13,2,2,0
80,126,3,4,2,2,3,2,13,2,3,0
80,126,3,4,2,2,3,2,13,2,3,0
80,126,3,4,2,2,3,2,13,2,3,0
80,126,3,4,2,2,3,2,13,2,3,0
80,126,3,4,2,2,3,2,13,2,3,0
81,21,2,3,2,2,3,2,15,2,1,0
81,21,2,3,2,2,3,2,15,2,1,0
81,21,2,3,2,2,3,2,15,2,1,0
81,21,2,3,2,2,3,2,15,2,1,0
81,21,2,3,2,2,3,2,15,2,1,0
81,22,2,3,2,2,5,2,15,2,1,0
81,22,2,3,2,2,5,2,15,2,1,0
81,22,2,3,2,2,5,2,15,2,1,0
81,23,2,3,2,2,4,3,15,2,1,0
81,23,2,3,2,2,4,3,15,2,1,0
81,23,2,3,2,2,4,3,15,2,1,0
81,24,2,3,2,2,5,4,15,2,1,0
81,24,2,3,2,2,5,4,15,2,1,0
81,24,2,3,2,2,5,4,15,2,1,0
81,61,2,3,3,2,5,3,15,2,1,0
81,61,2,3,3,2,5,3,15,2,1,0
81,61,2,3,3,2,5,3,15,2,1,0
81,81,2,3,2,2,3,2,15,2,2,0
81,81,2,3,2,2,3,2,15,2,2,0
81,81,2,3,2,2,3,2,15,2,2,0
81,81,2,3,2,2,3,2,15,2,2,0
81,81,2,3,2,2,3,2,15,2,2,0
81,81,2,3,2,2,3,2,15,2,2,0
81,81,2,3,2,2,3,2,15,2,2,0
81,82,2,3,2,2,5,2,15,2,2,0
81,82,2,3,2,2,5,2,15,2,2,0
81,82,2,3,2,2,5,2,15,2,2,0
81,83,2,3,2,2,4,3,15,2,2,0
81,83,2,3,2,2,4,3,15,2,2,0
81,83,2,3,2,2,4,3,15,2,2,0
81,102,2,3,4,2,3,2,15,2,2,0
81,102,2,3,4,2,3,2,15,2,2,0
81,102,2,3,4,2,3,2,15,2,2,0
81,102,2,3,4,2,3,2,15,2,2,0
81,102,2,3,4,2,3,2,15,2,2,0
81,102,2,3,4,2,3,2,15,2,2,0
81,102,2,3,4,2,3,2,15,2,2,0
81,103,2,3,4,2,5,2,15,2,2,0
81,103,2,3,4,2,5,2,15,2,2,0
81,103,2,3,4,2,5,2,15,2,2,0
81,104,2,3,4,2,4,3,15,2,2,0
81,104,2,3,4,2,4,3,15,2,2,0
81,104,2,3,4,2,4,3,15,2,2,0
81,116,2,3,3,2,3,3,15,2,2,0
81,116,2,3,3,2,3,3,15,2,2,0
81,116,2,3,3,2,3,3,15,2,2,0
81,116,2,3,3,2,3,3,15,2,2,0
81,116,2,3,3,2,3,3,15,2,2,0
81,116,2,3,3,2,3,3,15,2,2,0
81,116,2,3,3,2,3,3,15,2,2,0
81,117,2,3,3,2,5,3,15,2,2,0
81,117,2,3,3,2,5,3,15,2,2,0
81,117,2,3,3,2,5,3,15,2,2,0
81,122,2,3,5,2,3,3,15,2,2,0
81,122,2,3,5,2,3,3,15,2,2,0
81,122,2,3,5,2,3,3,15,2,2,0
81,122,2,3,5,2,3,3,15,2,2,0
81,122,2,3,5,2,3,3,15,2,2,0
81,122,2,3,5,2,3,3,15,2,2,0
81,122,2,3,5,2,3,3,15,2,2,0
81,123,2,3,5,2,5,3,15,2,2,0
81,123,2,3,5,2,5,3,15,2,2,0
81,123,2,3,5,2,5,3,15,2,2,0
81,127,2,3,2,2,3,2,15,2,3,0
81,127,2,3,2,2,3,2,15,2,3,0
81,127,2,3,2,2,3,2,15,2,3,0
81,127,2,3,2,2,3,2,15,2,3,0
81,127,2,3,2,2,3,2,15,2,3,0
82,21,2,5,2,2,3,2,15,2,1,0
82,21,2,5,2,2,3,2,15,2,1,0
82,21,2,5,2,2,3,2,15,2,1,0
82,21,2,5,2,2,3,2,15,2,1,0
82,21,2,5,2,2,3,2,15,2,1,0
82,22,2,5,2,2,5,2,15,2,1,0
82,22,2,5,2,2,5,2,15,2,1,0
82,22,2,5,2,2,5,2,15,2,1,0
82,23,2,5,2,2,4,3,15,2,1,0
82,23,2,5,2,2,4,3,15,2,1,0
82,23,2,5,2,2,4,3,15,2,1,0
82,24,2,5,2,2,5,4,15,2,1,0
82,24,2,5,2,2,5,4,15,2,1,0
82,24,2,5,2,2,5,4,15,2,1,0
82,61,2,5,3,2,5,3,15,2,1,0
82,61,2,5,3,2,5,3,15,2,1,0
82,61,2,5,3,2,5,3,15,2,1,0
82,81,2,5,2,2,3,2,15,2,2,0
82,81,2,5,2,2,3,2,15,2,2,0
82,81,2,5,2,2,3,2,15,2,2,0
82,81,2,5,2,2,3,2,15,2,2,0
82,81,2,5,2,2,3,2,15,2,2,0
82,81,2,5,2,2,3,2,15,2,2,0
82,81,2,5,2,2,3,2,15,2,2,0
82,82,2,5,2,2,5,2,15,2,2,0
82,82,2,5,2,2,5,2,15,2,2,0
82,82,2,5,2,2,5,2,15,2,2,0
82,83,2,5,2,2,4,3,15,2,2,0
82,83,2,5,2,2,4,3,15,2,2,0
82,83,2,5,2,2,4,3,15,2,2,0
82,102,2,5,4,2,3,2,15,2,2,0
82,102,2,5,4,2,3,2,15,2,2,0
82,102,2,5,4,2,3,2,15,2,2,0
82,102,2,5,4,2,3,2,15,2,2,0
82,102,2,5,4,2,3,2,15,2,2,0
82,102,2,5,4,2,3,2,15,2,2,0
82,102,2,5,4,2,3,2,15,2,2,0
82,103,2,5,4,2,5,2,15,2,2,0
82,103,2,5,4,2,5,2,15,2,2,0
82,103,2,5,4,2,5,2,15,2,2,0
82,104,2,5,4,2,4,3,15,2,2,0
82,104,2,5,4,2,4,3,15,2,2,0
82,104,2,5,4,2,4,3,15,2,2,0
82,116,2,5,3,2,3,3,15,2,2,0
82,116,2,5,3,2,3,3,15,2,2,0
82,116,2,5,3,2,3,3,15,2,2,0
82,116,2,5,3,2,3,3,15,2,2,0
82,116,2,5,3,2,3,3,15,2,2,0
82,116,2,5,3,2,3,3,15,2,2,0
82,116,2,5,3,2,3,3,15,2,2,0
82,117,2,5,3,2,5,3,15,2,2,0
82,117,2,5,3,2,5,3,15,2,2,0
82,117,2,5,3,2,5,3,15,2,2,0
82,122,2,5,5,2,3,3,15,2,2,0
82,122,2,5,5,2,3,3,15,2,2,0
82,122,2,5,5,2,3,3,15,2,2,0
82,122,2,5,5,2,3,3,15,2,2,0
82,122,2,5,5,2,3,3,15,2,2,0
82,122,2,5,5,2,3,3,15,2,2,0
82,122,2,5,5,2,3,3,15,2,2,0
82,123,2,5,5,2,5,3,15,2,2,0
82,123,2,5,5,2,5,3,15,2,2,0
82,123,2,5,5,2,5,3,15,2,2,0
82,127,2,5,2,2,3,2,15,2,3,0
82,127,2,5,2,2,3,2,15,2,3,0
82,127,2,5,2,2,3,2,15,2,3,0
82,127,2,5,2,2,3,2,15,2,3,0
82,127,2,5,2,2,3,2,15,2,3,0
83,21,3,4,2,2,3,2,15,2,1,0
83,21,3,4,2,2,3,2,15,2,1,0
83,21,3,4,2,2,3,2,15,2,1,0
83,21,3,4,2,2,3,2,15,2,1,0
83,21,3,4,2,2,3,2,15,2,1,0
83,22,3,4,2,2,5,2,15,2,1,0
83,22,3,4,2,2,5,2,15,2,1,0
83,22,3,4,2,2,5,2,15,2,1,0
83,23,3,4,2,2,4,3,15,2,1,0
83,23,3,4,2,2,4,3,15,2,1,0
83,23,3,4,2,2,4,3,15,2,1,0
83,24,3,4,2,2,5,4,15,2,1,0
83,24,3,4,2,2,5,4,15,2,1,0
83,24,3,4,2,2,5,4,15,2,1,0
83,61,3,4,3,2,5,3,15,2,1,0
83,61,3,4,3,2,5,3,15,2,1,0
83,61,3,4,3,2,5,3,15,2,1,0
83,81,3,4,2,2,3,2,15,2,2,0
83,81,3,4,2,2,3,2,15,2,2,0
83,81,3,4,2,2,3,2,15,2,2,0
83,81,3,4,2,2,3,2,15,2,2,0
83,81,3,4,2,2,3,2,15,2,2,0
83,81,3,4,2,2,3,2,15,2,2,0
83,81,3,4,2,2,3,2,15,2,2,0
83,82,3,4,2,2,5,2,15,2,2,0
83,82,3,4,2,2,5,2,15,2,2,0
83,82,3,4,2,2,5,2,15,2,2,0
83,83,3,4,2,2,4,3,15,2,2,0
83,83,3,4,2,2,4,3,15,2,2,0
83,83,3,4,2,2,4,3,15,2,2,0
83,102,3,4,4,2,3,2,15,2,2,0
83,102,3,4,4,2,3,2,15,2,2,0
83,102,3,4,4,2,3,2,15,2,2,0
83,102,3,4,4,2,3,2,15,2,2,0
83,102,3,4,4,2,3,2,15,2,2,0
83,102,3,4,4,2,3,2,15,2,2,0
83,102,3,4,4,2,3,2,15,2,2,0
83,103,3,4,4,2,5,2,15,2,2,0
83,103,3,4,4,2,5,2,15,2,2,0
83,103,3,4,4,2,5,2,15,2,2,0
83,104,3,4,4,2,4,3,15,2,2,0
83,104,3,4,4,2,4,3,15,2,2,0
83,104,3,4,4,2,4,3,15,2,2,0
83,116,3,4,3,2,3,3,15,2,2,0
83,116,3,4,3,2,3,3,15,2,2,0
83,116,3,4,3,2,3,3,15,2,2,0
83,116,3,4,3,2,3,3,15,2,2,0
83,116,3,4,3,2,3,3,15,2,2,0
83,116,3,4,3,2,3,3,15,2,2,0
83,116,3,4,3,2,3,3,15,2,2,0
83,117,3,4,3,2,5,3,15,2,2,0
83,117,3,4,3,2,5,3,15,2,2,0
83,117,3,4,3,2,5,3,15,2,2,0
83,122,3,4,5,2,3,3,15,2,2,0
83,122,3,4,5,2,3,3,15,2,2,0
83,122,3,4,5,2,3,3,15,2,2,0
83,122,3,4,5,2,3,3,15,2,2,0
83,122,3,4,5,2,3,3,15,2,2,0
83,122,3,4,5,2,3,3,15,2,2,0
83,122,3,4,5,2,3,3,15,2,2,0
83,123,3,4,5,2,5,3,15,2,2,0
83,123,3,4,5,2,5,3,15,2,2,0
83,123,3,4,5,2,5,3,15,2,2,0
83,127,3,4,2,2,3,2,15,2,3,0
83,127,3,4,2,2,3,2,15,2,3,0
83,127,3,4,2,2,3,2,15,2,3,0
83,127,3,4,2,2,3,2,15,2,3,0
83,127,3,4,2,2,3,2,15,2,3,0
84,4,2,3,2,2,3,2,17,2,0,0
84,12,2,3,3,2,3,3,17,2,0,0
84,25,2,3,2,2,3,2,17,2,1,0
84,25,2,3,2,2,3,2,17,2,1,0
84,25,2,3,2,2,3,2,17,2,1,0
84,25,2,3,2,2,3,2,17,2,1,0
84,25,2,3,2,2,3,2,17,2,1,0
84,26,2,3,2,2,5,2,17,2,1,0
84,26,2,3,2,2,5,2,17,2,1,0
84,26,2,3,2,2,5,2,17,2,1,0
84,27,2,3,2,2,4,3,17,2,1,0
84,27,2,3,2,2,4,3,17,2,1,0
84,27,2,3,2,2,4,3,17,2,1,0
84,28,2,3,2,2,5,4,17,2,1,0
84,28,2,3,2,2,5,4,17,2,1,0
84,28,2,3,2,2,5,4,17,2,1,0
84,45,2,3,4,2,3,2,17,2,1,0
84,45,2,3,4,2,3,2,17,2,1,0
84,45,2,3,4,2,3,2,17,2,1,0
84,45,2,3,4,2,3,2,17,2,1,0
84,45,2,3,4,2,3,2,17,2,1,0
84,46,2,3,4,2,5,2,17,2,1,0
84,46,2,3,4,2,5,2,17,2,1,0
84,46,2,3,4,2,5,2,17,2,1,0
84,47,2,3,4,2,4,3,17,2,1,0
84,47,2,3,4,2,4,3,17,2,1,0
84,47,2,3,4,2,4,3,17,2,1,0
84,48,2,3,4,2,5,4,17,2,1,0
84,48,2,3,4,2,5,4,17,2,1,0
84,48,2,3,4,2,5,4,17,2,1,0
84,62,2,3,3,2,5,3,17,2,1,0
84,62,2,3,3,2,5,3,17,2,1,0
84,62,2,3,3,2,5,3,17,2,1,0
84,64,2,3,5,2,5,3,17,2,1,0
84,64,2,3,5,2,5,3,17,2,1,0
84,64,2,3,5,2,5,3,17,2,1,0
84,84,2,3,2,2,3,2,17,2,2,0
84,84,2,3,2,2,3,2,17,2,2,0
84,84,2,3,2,2,3,2,17,2,2,0
84,84,2,3,2,2,3,2,17,2,2,0
84,84,2,3,2,2,3,2,17,2,2,0
84,84,2,3,2,2,3,2,17,2,2,0
84,84,2,3,2,2,3,2,17,2,2,0
84,85,2,3,2,2,5,2,17,2,2,0
84,85,2,3,2,2,5,2,17,2,2,0
84,85,2,3,2,2,5,2,17,2,2,0
84,86,2,3,2,2,4,3,17,2,2,0
84,86,2,3,2,2,4,3,17,2,2,0
84,86,2,3,2,2,4,3,17,2,2,0
84,105,2,3,4,2,3,2,17,2,2,0
84,105,2,3,4,2,3,2,17,2,2,0
84,105,2,3,4,2,3,2,17,2,2,0
84,105,2,3,4,2,3,2,17,2,2,0
84,105,2,3,4,2,3,2,17,2,2,0
84,105,2,3,4,2,3,2,17,2,2,0
84,105,2,3,4,2,3,2,17,2,2,0
84,106,2,3,4,2,5,2,17,2,2,0
84,106,2,3,4,2,5,2,17,2,2,0
84,106,2,3,4,2,5,2,17,2,2,0
84,107,2,3,4,2,4,3,17,2,2,0
84,107,2,3,4,2,4,3,17,2,2,0
84,107,2,3,4,2,4,3,17,2,2,0
84,118,2,3,3,2,3,3,17,2,2,0
84,118,2,3,3,2,3,3,17,2,2,0
84,118,2,3,3,2,3,3,17,2,2,0
84,118,2,3,3,2,3,3,17,2,2,0
84,118,2,3,3,2,3,3,17,2,2,0
84,118,2,3,3,2,3,3,17,2,2,0
84,118,2,3,3,2,3,3,17,2,2,0
84,119,2,3,3,2,5,3,17,2,2,0
84,119,2,3,3,2,5,3,17,2,2,0
84,119,2,3,3,2,5,3,17,2,2,0
84,124,2,3,5,2,3,3,17,2,2,0
84,124,2,3,5,2,3,3,17,2,2,0
84,124,2,3,5,2,3,3,17,2,2,0
84,124,2,3,5,2,3,3,17,2,2,0
84,124,2,3,5,2,3,3,17,2,2,0
84,124,2,3,5,2,3,3,17,2,2,0
84,124,2,3,5,2,3,3,17,2,2,0
84,125,2,3,5,2,5,3,17,2,2,0
84,125,2,3,5,2,5,3,17,2,2,0
84,125,2,3,5,2,5,3,17,2,2,0
84,128,2,3,2,2,3,2,17,2,3,0
84,128,2,3,2,2,3,2,17,2,3,0
84,128,2,3,2,2,3,2,17,2,3,0
84,128,2,3,2,2,3,2,17,2,3,0
84,128,2,3,2,2,3,2,17,2,3,0
85,4,2,5,2,2,3,2,17,2,0,0
85,12,2,5,3,2,3,3,17,2,0,0
85,25,2,5,2,2,3,2,17,2,1,0
85,25,2,5,2,2,3,2,17,2,1,0
85,25,2,5,2,2,3,2,17,2,1,0
85,25,2,5,2,2,3,2,17,2,1,0
85,25,2,5,2,2,3,2,17,2,1,0
85,26,2,5,2,2,5,2,17,2,1,0
85,26,2,5,2,2,5,2,17,2,1,0
85,26,2,5,2,2,5,2,17,2,1,0
85,27,2,5,2,2,4,3,17,2,1,0
85,27,2,5,2,2,4,3,17,2,1,0
85,27,2,5,2,2,4,3,17,2,1,0
85,28,2,5,2,2,5,4,17,2,1,0
85,28,2,5,2,2,5,4,17,2,1,0
85,28,2,5,2,2,5,4,17,2,1,0
85,45,2,5,4,2,3,2,17,2,1,0
85,45,2,5,4,2,3,2,17,2,1,0
85,45,2,5,4,2,3,2,17,2,1,0
85,45,2,5,4,2,3,2,17,2,1,0
85,45,2,5,4,2,3,2,17,2,1,0
85,46,2,5,4,2,5,2,17,2,1,0
85,46,2,5,4,2,5,2,17,2,1,0
85,46,2,5,4,2,5,2,17,2,1,0
85,47,2,5,4,2,4,3,17,2,1,0
85,47,2,5,4,2,4,3,17,2,1,0
85,47,2,5,4,2,4,3,17,2,1,0
85,48,2,5,4,2,5,4,17,2,1,0
85,48,2,5,4,2,5,4,17,2,1,0
85,48,2,5,4,2,5,4,17,2,1,0
85,62,2,5,3,2,5,3,17,2,1,0
85,62,2,5,3,2,5,3,17,2,1,0
85,62,2,5,3,2,5,3,17,2,1,0
85,64,2,5,5,2,5,3,17,2,1,0
85,64,2,5,5,2,5,3,17,2,1,0
85,64,2,5,5,2,5,3,17,2,1,0
85,84,2,5,2,2,3,2,17,2,2,0
85,84,2,5,2,2,3,2,17,2,2,0
85,84,2,5,2,2,3,2,17,2,2,0
85,84,2,5,2,2,3,2,17,2,2,0
85,84,2,5,2,2,3,2,17,2,2,0
85,84,2,5,2,2,3,2,17,2,2,0
85,84,2,5,2,2,3,2,17,2,2,0
85,85,2,5,2,2,5,2,17,2,2,0
85,85,2,5,2,2,5,2,17,2,2,0
85,85,2,5,2,2,5,2,17,2,2,0
85,86,2,5,2,2,4,3,17,2,2,0
85,86,2,5,2,2,4,3,17,2,2,0
85,86,2,5,2,2,4,3,17,2,2,0
85,105,2,5,4,2,3,2,17,2,2,0
85,105,2,5,4,2,3,2,17,2,2,0
85,105,2,5,4,2,3,2,17,2,2,0
85,105,2,5,4,2,3,2,17,2,2,0
85,105,2,5,4,2,3,2,17,2,2,0
85,105,2,5,4,2,3,2,17,2,2,0
85,105,2,5,4,2,3,2,17,2,2,0
85,106,2,5,4,2,5,2,17,2,2,0
85,106,2,5,4,2,5,2,17,2,2,0
85,106,2,5,4,2,5,2,17,2,2,0
85,107,2,5,4,2,4,3,17,2,2,0
85,107,2,5,4,2,4,3,17,2,2,0
85,107,2,5,4,2,4,3,17,2,2,0
85,118,2,5,3,2,3,3,17,2,2,0
85,118,2,5,3,2,3,3,17,2,2,0
85,118,2,5,3,2,3,3,17,2,2,0
85,118,2,5,3,2,3,3,17,2,2,0
85,118,2,5,3,2,3,3,17,2,2,0
85,118,2,5,3,2,3,3,17,2,2,0
85,118,2,5,3,2,3,3,17,2,2,0
85,119,2,5,3,2,5,3,17,2,2,0
85,119,2,5,3,2,5,3,17,2,2,0
85,119,2,5,3,2,5,3,17,2,2,0
85,124,2,5,5,2,3,3,17,2,2,0
85,124,2,5,5,2,3,3,17,2,2,0
85,124,2,5,5,2,3,3,17,2,2,0
85,124,2,5,5,2,3,3,17,2,2,0
85,124,2,5,5,2,3,3,17,2,2,0
85,124,2,5,5,2,3,3,17,2,2,0
85,124,2,5,5,2,3,3,17,2,2,0
85,125,2,5,5,2,5,3,17,2,2,0
85,125,2,5,5,2,5,3,17,2,2,0
85,125,2,5,5,2,5,3,17,2,2,0
85,128,2,5,2,2,3,2,17,2,3,0
85,128,2,5,2,2,3,2,17,2,3,0
85,128,2,5,2,2,3,2,17,2,3,0
85,128,2,5,2,2,3,2,17,2,3,0
85,128,2,5,2,2,3,2,17,2,3,0
86,4,3,4,2,2,3,2,17,2,0,0
86,12,3,4,3,2,3,3,17,2,0,0
86,25,3,4,2,2,3,2,17,2,1,0
86,25,3,4,2,2,3,2,17,2,1,0
86,25,3,4,2,2,3,2,17,2,1,0
86,25,3,4,2,2,3,2,17,2,1,0
86,25,3,4,2,2,3,2,17,2,1,0
86,26,3,4,2,2,5,2,17,2,1,0
86,26,3,4,2,2,5,2,17,2,1,0
86,26,3,4,2,2,5,2,17,2,1,0
86,27,3,4,2,2,4,3,17,2,1,0
86,27,3,4,2,2,4,3,17,2,1,0
86,27,3,4,2,2,4,3,17,2,1,0
86,28,3,4,2,2,5,4,17,2,1,0
86,28,3,4,2,2,5,4,17,2,1,0
86,28,3,4,2,2,5,4,17,2,1,0
86,45,3,4,4,2,3,2,17,2,1,0
86,45,3,4,4,2,3,2,17,2,1,0
86,45,3,4,4,2,3,2,17,2,1,0
86,45,3,4,4,2,3,2,17,2,1,0
86,45,3,4,4,2,3,2,17,2,1,0
86,46,3,4,4,2,5,2,17,2,1,0
86,46,3,4,4,2,5,2,17,2,1,0
86,46,3,4,4,2,5,2,17,2,1,0
86,47,3,4,4,2,4,3,17,2,1,0
86,47,3,4,4,2,4,3,17,2,1,0
86,47,3,4,4,2,4,3,17,2,1,0
86,48,3,4,4,2,5,4,17,2,1,0
86,48,3,4,4,2,5,4,17,2,1,0
86,48,3,4,4,2,5,4,17,2,1,0
86,62,3,4,3,2,5,3,17,2,1,0
86,62,3,4,3,2,5,3,17,2,1,0
86,62,3,4,3,2,5,3,17,2,1,0
86,64,3,4,5,2,5,3,17,2,1,0
86,64,3,4,5,2,5,3,17,2,1,0
86,64,3,4,5,2,5,3,17,2,1,0
86,84,3,4,2,2,3,2,17,2,2,0
86,84,3,4,2,2,3,2,17,2,2,0
86,84,3,4,2,2,3,2,17,2,2,0
86,84,3,4,2,2,3,2,17,2,2,0
86,84,3,4,2,2,3,2,17,2,2,0
86,84,3,4,2,2,3,2,17,2,2,0
86,84,3,4,2,2,3,2,17,2,2,0
86,85,3,4,2,2,5,2,17,2,2,0
86,85,3,4,2,2,5,2,17,2,2,0
86,85,3,4,2,2,5,2,17,2,2,0
86,86,3,4,2,2,4,3,17,2,2,0
86,86,3,4,2,2,4,3,17,2,2,0
86,86,3,4,2,2,4,3,17,2,2,0
86,105,3,4,4,2,3,2,17,2,2,0
86,105,3,4,4,2,3,2,17,2,2,0
86,105,3,4,4,2,3,2,17,2,2,0
86,105,3,4,4,2,3,2,17,2,2,0
86,105,3,4,4,2,3,2,17,2,2,0
86,105,3,4,4,2,3,2,17,2,2,0
86,105,3,4,4,2,3,2,17,2,2,0
86,106,3,4,4,2,5,2,17,2,2,0
86,106,3,4,4,2,5,2,17,2,2,0
86,106,3,4,4,2,5,2,17,2,2,0
86,107,3,4,4,2,4,3,17,2,2,0
86,107,3,4,4,2,4,3,17,2,2,0
86,107,3,4,4,2,4,3,17,2,2,0
86,118,3,4,3,2,3,3,17,2,2,0
86,118,3,4,3,2,3,3,17,2,2,0
86,118,3,4,3,2,3,3,17,2,2,0
86,118,3,4,3,2,3,3,17,2,2,0
86,118,3,4,3,2,3,3,17,2,2,0
86,118,3,4,3,2,3,3,17,2,2,0
86,118,3,4,3,2,3,3,17,2,2,0
86,119,3,4,3,2,5,3,17,2,2,0
86,119,3,4,3,2,5,3,17,2,2,0
86,119,3,4,3,2,5,3,17,2,2,0
86,124,3,4,5,2,3,3,17,2,2,0
86,124,3,4,5,2,3,3,17,2,2,0
86,124,3,4,5,2,3,3,17,2,2,0
86,124,3,4,5,2,3,3,17,2,2,0
86,124,3,4,5,2,3,3,17,2,2,0
86,124,3,4,5,2,3,3,17,2,2,0
86,124,3,4,5,2,3,3,17,2,2,0
86,125,3,4,5,2,5,3,17,2,2,0
86,125,3,4,5,2,5,3,17,2,2,0
86,125,3,4,5,2,5,3,17,2,2,0
86,128,3,4,2,2,3,2,17,2,3,0
86,128,3,4,2,2,3,2,17,2,3,0
86,128,3,4,2,2,3,2,17,2,3,0
86,128,3,4,2,2,3,2,17,2,3,0
86,128,3,4,2,2,3,2,17,2,3,0
87,9,2,3,4,2,5,4,19,2,0,0
87,15,2,3,5,2,5,5,19,2,0,0
87,29,2,3,2,2,3,2,19,2,1,0
87,29,2,3,2,2,3,2,19,2,1,0
87,29,2,3,2,2,3,2,19,2,1,0
87,29,2,3,2,2,3,2,19,2,1,0
87,29,2,3,2,2,3,2,19,2,1,0
87,30,2,3,2,2,5,2,19,2,1,0
87,30,2,3,2,2,5,2,19,2,1,0
87,30,2,3,2,2,5,2,19,2,1,0
87,31,2,3,2,2,4,3,19,2,1,0
87,31,2,3,2,2,4,3,19,2,1,0
87,31,2,3,2,2,4,3,19,2,1,0
87,32,2,3,2,2,5,4,19,2,1,0
87,32,2,3,2,2,5,4,19,2,1,0
87,32,2,3,2,2,5,4,19,2,1,0
87,49,2,3,4,2,3,2,19,2,1,0
87,49,2,3,4,2,3,2,19,2,1,0
87,49,2,3,4,2,3,2,19,2,1,0
87,49,2,3,4,2,3,2,19,2,1,0
87,49,2,3,4,2,3,2,19,2,1,0
87,50,2,3,4,2,5,2,19,2,1,0
87,50,2,3,4,2,5,2,19,2,1,0
87,50,2,3,4,2,5,2,19,2,1,0
87,51,2,3,4,2,4,3,19,2,1,0
87,51,2,3,4,2,4,3,19,2,1,0
87,51,2,3,4,2,4,3,19,2,1,0
87,52,2,3,4,2,5,4,19,2,1,0
87,52,2,3,4,2,5,4,19,2,1,0
87,52,2,3,4,2,5,4,19,2,1,0
87,63,2,3,3,2,5,3,19,2,1,0
87,63,2,3,3,2,5,3,19,2,1,0
87,63,2,3,3,2,5,3,19,2,1,0
87,65,2,3,5,2,5,3,19,2,1,0
87,65,2,3,5,2,5,3,19,2,1,0
87,65,2,3,5,2,5,3,19,2,1,0
87,87,2,3,2,2,3,2,19,2,2,0
87,87,2,3,2,2,3,2,19,2,2,0
87,87,2,3,2,2,3,2,19,2,2,0
87,87,2,3,2,2,3,2,19,2,2,0
87,87,2,3,2,2,3,2,19,2,2,0
87,87,2,3,2,2,3,2,19,2,2,0
87,87,2,3,2,2,3,2,19,2,2,0
87,88,2,3,2,2,5,2,19,2,2,0
87,88,2,3,2,2,5,2,19,2,2,0
87,88,2,3,2,2,5,2,19,2,2,0
87,89,2,3,2,2,4,3,19,2,2,0
87,89,2,3,2,2,4,3,19,2,2,0
87,89,2,3,2,2,4,3,19,2,2,0
87,120,2,3,3,2,3,3,19,2,2,0
87,120,2,3,3,2,3,3,19,2,2,0
87,120,2,3,3,2,3,3,19,2,2,0
87,120,2,3,3,2,3,3,19,2,2,0
87,120,2,3,3,2,3,3,19,2,2,0
87,120,2,3,3,2,3,3,19,2,2,0
87,120,2,3,3,2,3,3,19,2,2,0
87,121,2,3,3,2,5,3,19,2,2,0
87,121,2,3,3,2,5,3,19,2,2,0
87,121,2,3,3,2,5,3,19,2,2,0
88,9,2,5,4,2,5,4,19,2,0,0
88,15,2,5,5,2,5,5,19,2,0,0
88,29,2,5,2,2,3,2,19,2,1,0
88,29,2,5,2,2,3,2,19,2,1,0
88,29,2,5,2,2,3,2,19,2,1,0
88,29,2,5,2,2,3,2,19,2,1,0
88,29,2,5,2,2,3,2,19,2,1,0
88,30,2,5,2,2,5,2,19,2,1,0
88,30,2,5,2,2,5,2,19,2,1,0
88,30,2,5,2,2,5,2,19,2,1,0
88,31,2,5,2,2,4,3,19,2,1,0
88,31,2,5,2,2,4,3,19,2,1,0
88,31,2,5,2,2,4,3,19,2,1,0
88,32,2,5,2,2,5,4,19,2,1,0
88,32,2,5,2,2,5,4,19,2,1,0
88,32,2,5,2,2,5,4,19,2,1,0
88,49,2,5,4,2,3,2,19,2,1,0
88,49,2,5,4,2,3,2,19,2,1,0
88,49,2,5,4,2,3,2,19,2,1,0
88,49,2,5,4,2,3,2,19,2,1,0
88,49,2,5,4,2,3,2,19,2,1,0
88,50,2,5,4,2,5,2,19,2,1,0
88,50,2,5,4,2,5,2,19,2,1,0
88,50,2,5,4,2,5,2,19,2,1,0
88,51,2,5,4,2,4,3,19,2,1,0
88,51,2,5,4,2,4,3,19,2,1,0
88,51,2,5,4,2,4,3,19,2,1,0
88,52,2,5,4,2,5,4,19,2,1,0
88,52,2,5,4,2,5,4,19,2,1,0
88,52,2,5,4,2,5,4,19,2,1,0
88,63,2,5,3,2,5,3,19,2,1,0
88,63,2,5,3,2,5,3,19,2,1,0
88,63,2,5,3,2,5,3,19,2,1,0
88,65,2,5,5,2,5,3,19,2,1,0
88,65,2,5,5,2,5,3,19,2,1,0
88,65,2,5,5,2,5,3,19,2,1,0
88,87,2,5,2,2,3,2,19,2,2,0
88,87,2,5,2,2,3,2,19,2,2,0
88,87,2,5,2,2,3,2,19,2,2,0
88,87,2,5,2,2,3,2,19,2,2,0
88,87,2,5,2,2,3,2,19,2,2,0
88,87,2,5,2,2,3,2,19,2,2,0
88,87,2,5,2,2,3,2,19,2,2,0
88,88,2,5,2,2,5,2,19,2,2,0
88,88,2,5,2,2,5,2,19,2,2,0
88,88,2,5,2,2,5,2,19,2,2,0
88,89,2,5,2,2,4,3,19,2,2,0
88,89,2,5,2,2,4,3,19,2,2,0
88,89,2,5,2,2,4,3,19,2,2,0
88,120,2,5,3,2,3,3,19,2,2,0
88,120,2,5,3,2,3,3,19,2,2,0
88,120,2,5,3,2,3,3,19,2,2,0
88,120,2,5,3,2,3,3,19,2,2,0
88,120,2,5,3,2,3,3,19,2,2,0
88,120,2,5,3,2,3,3,19,2,2,0
88,120,2,5,3,2,3,3,19,2,2,0
88,121,2,5,3,2,5,3,19,2,2,0
88,121,2,5,3,2,5,3,19,2,2,0
88,121,2,5,3,2,5,3,19,2,2,0
89,9,3,4,4,2,5,4,19,2,0,0
89,15,3,4,5,2,5,5,19,2,0,0
89,29,3,4,2,2,3,2,19,2,1,0
89,29,3,4,2,2,3,2,19,2,1,0
89,29,3,4,2,2,3,2,19,2,1,0
89,29,3,4,2,2,3,2,19,2,1,0
89,29,3,4,2,2,3,2,19,2,1,0
89,30,3,4,2,2,5,2,19,2,1,0
89,30,3,4,2,2,5,2,19,2,1,0
89,30,3,4,2,2,5,2,19,2,1,0
89,31,3,4,2,2,4,3,19,2,1,0
89,31,3,4,2,2,4,3,19,2,1,0
89,31,3,4,2,2,4,3,19,2,1,0
89,32,3,4,2,2,5,4,19,2,1,0
89,32,3,4,2,2,5,4,19,2,1,0
89,32,3,4,2,2,5,4,19,2,1,0
89,49,3,4,4,2,3,2,19,2,1,0
89,49,3,4,4,2,3,2,19,2,1,0
89,49,3,4,4,2,3,2,19,2,1,0
89,49,3,4,4,2,3,2,19,2,1,0
89,49,3,4,4,2,3,2,19,2,1,0
89,50,3,4,4,2,5,2,19,2,1,0
89,50,3,4,4,2,5,2,19,2,1,0
89,50,3,4,4,2,5,2,19,2,1,0
89,51,3,4,4,2,4,3,19,2,1,0
89,51,3,4,4,2,4,3,19,2,1,0
89,51,3,4,4,2,4,3,19,2,1,0
89,52,3,4,4,2,5,4,19,2,1,0
89,52,3,4,4,2,5,4,19,2,1,0
89,52,3,4,4,2,5,4,19,2,1,0
89,63,3,4,3,2,5,3,19,2,1,0
89,63,3,4,3,2,5,3,19,2,1,0
89,63,3,4,3,2,5,3,19,2,1,0
89,65,3,4,5,2,5,3,19,2,1,0
89,65,3,4,5,2,5,3,19,2,1,0
89,65,3,4,5,2,5,3,19,2,1,0
89,87,3,4,2,2,3,2,19,2,2,0
89,87,3,4,2,2,3,2,19,2,2,0
89,87,3,4,2,2,3,2,19,2,2,0
89,87,3,4,2,2,3,2,19,2,2,0
89,87,3,4,2,2,3,2,19,2,2,0
89,87,3,4,2,2,3,2,19,2,2,0
89,87,3,4,2,2,3,2,19,2,2,0
89,88,3,4,2,2,5,2,19,2,2,0
89,88,3,4,2,2,5,2,19,2,2,0
89,88,3,4,2,2,5,2,19,2,2,0
89,89,3,4,2,2,4,3,19,2,2,0
89,89,3,4,2,2,4,3,19,2,2,0
89,89,3,4,2,2,4,3,19,2,2,0
89,120,3,4,3,2,3,3,19,2,2,0
89,120,3,4,3,2,3,3,19,2,2,0
89,120,3,4,3,2,3,3,19,2,2,0
89,120,3,4,3,2,3,3,19,2,2,0
89,120,3,4,3,2,3,3,19,2,2,0
89,120,3,4,3,2,3,3,19,2,2,0
89,120,3,4,3,2,3,3,19,2,2,0
89,121,3,4,3,2,5,3,19,2,2,0
89,121,3,4,3,2,5,3,19,2,2,0
89,121,3,4,3,2,5,3,19,2,2,0
90,66,2,3,2,3,2,2,12,2,2,0
90,66,2,3,2,3,2,2,12,2,2,0
90,66,2,3,2,3,2,2,12,2,2,0
90,66,2,3,2,3,2,2,12,2,2,0
90,66,2,3,2,3,2,2,12,2,2,0
90,66,2,3,2,3,2,2,12,2,2,0
90,66,2,3,2,3,2,2,12,2,2,0
90,67,2,3,2,3,4,2,12,2,2,0
90,67,2,3,2,3,4,2,12,2,2,0
90,67,2,3,2,3,4,2,12,2,2,0
90,90,2,3,3,3,3,2,12,2,2,0
90,90,2,3,3,3,3,2,12,2,2,0
90,90,2,3,3,3,3,2,12,2,2,0
90,90,2,3,3,3,3,2,12,2,2,0
90,90,2,3,3,3,3,2,12,2,2,0
90,90,2,3,3,3,3,2,12,2,2,0
90,90,2,3,3,3,3,2,12,2,2,0
90,91,2,3,3,3,5,2,12,2,2,0
90,91,2,3,3,3,5,2,12,2,2,0
90,91,2,3,3,3,5,2,12,2,2,0
90,92,2,3,3,3,4,3,12,2,2,0
90,92,2,3,3,3,4,3,12,2,2,0
90,92,2,3,3,3,4,3,12,2,2,0
90,129,2,3,3,3,3,2,12,2,3,0
90,129,2,3,3,3,3,2,12,2,3,0
90,129,2,3,3,3,3,2,12,2,3,0
90,129,2,3,3,3,3,2,12,2,3,0
90,129,2,3,3,3,3,2,12,2,3,0
91,66,2,5,2,3,2,2,12,2,2,0
91,66,2,5,2,3,2,2,12,2,2,0
91,66,2,5,2,3,2,2,12,2,2,0
91,66,2,5,2,3,2,2,12,2,2,0
91,66,2,5,2,3,2,2,12,2,2,0
91,66,2,5,2,3,2,2,12,2,2,0
91,66,2,5,2,3,2,2,12,2,2,0
91,67,2,5,2,3,4,2,12,2,2,0
91,67,2,5,2,3,4,2,12,2,2,0
91,67,2,5,2,3,4,2,12,2,2,0
91,90,2,5,3,3,3,2,12,2,2,0
91,90,2,5,3,3,3,2,12,2,2,0
91,90,2,5,3,3,3,2,12,2,2,0
91,90,2,5,3,3,3,2,12,2,2,0
91,90,2,5,3,3,3,2,12,2,2,0
91,90,2,5,3,3,3,2,12,2,2,0
91,90,2,5,3,3,3,2,12,2,2,0
91,91,2,5,3,3,5,2,12,2,2,0
91,91,2,5,3,3,5,2,12,2,2,0
91,91,2,5,3,3,5,2,12,2,2,0
91,92,2,5,3,3,4,3,12,2,2,0
91,92,2,5,3,3,4,3,12,2,2,0
91,92,2,5,3,3,4,3,12,2,2,0
91,129,2,5,3,3,3,2,12,2,3,0
91,129,2,5,3,3,3,2,12,2,3,0
91,129,2,5,3,3,3,2,12,2,3,0
91,129,2,5,3,3,3,2,12,2,3,0
91,129,2,5,3,3,3,2,12,2,3,0
92,66,3,4,2,3,2,2,12,2,2,0
92,66,3,4,2,3,2,2,12,2,2,0
92,66,3,4,2,3,2,2,12,2,2,0
92,66,3,4,2,3,2,2,12,2,2,0
92,66,3,4,2,3,2,2,12,2,2,0
92,66,3,4,2,3,2,2,12,2,2,0
92,66,3,4,2,3,2,2,12,2,2,0
92,67,3,4,2,3,4,2,12,2,2,0
92,67,3,4,2,3,4,2,12,2,2,0
92,67,3,4,2,3,4,2,12,2,2,0
92,90,3,4,3,3,3,2,12,2,2,0
92,90,3,4,3,3,3,2,12,2,2,0
92,90,3,4,3,3,3,2,12,2,2,0
92,90,3,4,3,3,3,2,12,2,2,0
92,90,3,4,3,3,3,2,12,2,2,0
92,90,3,4,3,3,3,2,12,2,2,0
92,90,3,4,3,3,3,2,12,2,2,0
92,91,3,4,3,3,5,2,12,2,2,0
92,91,3,4,3,3,5,2,12,2,2,0
92,91,3,4,3,3,5,2,12,2,2,0
92,92,3,4,3,3,4,3,12,2,2,0
92,92,3,4,3,3,4,3,12,2,2,0
92,92,3,4,3,3,4,3,12,2,2,0
92,129,3,4,3,3,3,2,12,2,3,0
92,129,3,4,3,3,3,2,12,2,3,0
92,129,3,4,3,3,3,2,12,2,3,0
92,129,3,4,3,3,3,2,12,2,3,0
92,129,3,4,3,3,3,2,12,2,3,0
93,16,2,3,2,3,4,2,14,2,1,0
93,16,2,3,2,3,4,2,14,2,1,0
93,16,2,3,2,3,4,2,14,2,1,0
93,33,2,3,3,3,3,2,14,2,1,0
93,33,2,3,3,3,3,2,14,2,1,0
93,33,2,3,3,3,3,2,14,2,1,0
93,33,2,3,3,3,3,2,14,2,1,0
93,33,2,3,3,3,3,2,14,2,1,0
93,34,2,3,3,3,5,2,14,2,1,0
93,34,2,3,3,3,5,2,14,2,1,0
93,34,2,3,3,3,5,2,14,2,1,0
93,35,2,3,3,3,4,3,14,2,1,0
93,35,2,3,3,3,4,3,14,2,1,0
93,35,2,3,3,3,4,3,14,2,1,0
93,36,2,3,3,3,5,4,14,2,1,0
93,36,2,3,3,3,5,4,14,2,1,0
93,36,2,3,3,3,5,4,14,2,1,0
93,68,2,3,2,3,2,2,14,2,2,0
93,68,2,3,2,3,2,2,14,2,2,0
93,68,2,3,2,3,2,2,14,2,2,0
93,68,2,3,2,3,2,2,14,2,2,0
93,68,2,3,2,3,2,2,14,2,2,0
93,68,2,3,2,3,2,2,14,2,2,0
93,68,2,3,2,3,2,2,14,2,2,0
93,69,2,3,2,3,4,2,14,2,2,0
93,69,2,3,2,3,4,2,14,2,2,0
93,69,2,3,2,3,4,2,14,2,2,0
93,74,2,3,4,3,2,2,14,2,2,0
93,74,2,3,4,3,2,2,14,2,2,0
93,74,2,3,4,3,2,2,14,2,2,0
93,74,2,3,4,3,2,2,14,2,2,0
93,74,2,3,4,3,2,2,14,2,2,0
93,74,2,3,4,3,2,2,14,2,2,0
93,74,2,3,4,3,2,2,14,2,2,0
93,75,2,3,4,3,4,2,14,2,2,0
93,75,2,3,4,3,4,2,14,2,2,0
93,75,2,3,4,3,4,2,14,2,2,0
93,93,2,3,3,3,3,2,14,2,2,0
93,93,2,3,3,3,3,2,14,2,2,0
93,93,2,3,3,3,3,2,14,2,2,0
93,93,2,3,3,3,3,2,14,2,2,0
93,93,2,3,3,3,3,2,14,2,2,0
93,93,2,3,3,3,3,2,14,2,2,0
93,93,2,3,3,3,3,2,14,2,2,0
93,94,2,3,3,3,5,2,14,2,2,0
93,94,2,3,3,3,5,2,14,2,2,0
93,94,2,3,3,3,5,2,14,2,2,0
93,95,2,3,3,3,4,3,14,2,2,0
93,95,2,3,3,3,4,3,14,2,2,0
93,95,2,3,3,3,4,3,14,2,2,0
93,108,2,3,5,3,3,2,14,2,2,0
93,108,2,3,5,3,3,2,14,2,2,0
93,108,2,3,5,3,3,2,14,2,2,0
93,108,2,3,5,3,3,2,14,2,2,0
93,108,2,3,5,3,3,2,14,2,2,0
93,108,2,3,5,3,3,2,14,2,2,0
93,108,2,3,5,3,3,2,14,2,2,0
93,109,2,3,5,3,5,2,14,2,2,0
93,109,2,3,5,3,5,2,14,2,2,0
93,109,2,3,5,3,5,2,14,2,2,0
93,110,2,3,5,3,4,3,14,2,2,0
93,110,2,3,5,3,4,3,14,2,2,0
93,110,2,3,5,3,4,3,14,2,2,0
93,130,2,3,3,3,3,2,14,2,3,0
93,130,2,3,3,3,3,2,14,2,3,0
93,130,2,3,3,3,3,2,14,2,3,0
93,130,2,3,3,3,3,2,14,2,3,0
93,130,2,3,3,3,3,2,14,2,3,0
94,16,2,5,2,3,4,2,14,2,1,0
94,16,2,5,2,3,4,2,14,2,1,0
94,16,2,5,2,3,4,2,14,2,1,0
94,33,2,5,3,3,3,2,14,2,1,0
94,33,2,5,3,3,3,2,14,2,1,0
94,33,2,5,3,3,3,2,14,2,1,0
94,33,2,5,3,3,3,2,14,2,1,0
94,33,2,5,3,3,3,2,14,2,1,0
94,34,2,5,3,3,5,2,14,2,1,0
94,34,2,5,3,3,5,2,14,2,1,0
94,34,2,5,3,3,5,2,14,2,1,0
94,35,2,5,3,3,4,3,14,2,1,0
94,35,2,5,3,3,4,3,14,2,1,0
94,35,2,5,3,3,4,3,14,2,1,0
94,36,2,5,3,3,5,4,14,2,1,0
94,36,2,5,3,3,5,4,14,2,1,0
94,36,2,5,3,3,5,4,14,2,1,0
94,68,2,5,2,3,2,2,14,2,2,0
94,68,2,5,2,3,2,2,14,2,2,0
94,68,2,5,2,3,2,2,14,2,2,0
94,68,2,5,2,3,2,2,14,2,2,0
94,68,2,5,2,3,2,2,14,2,2,0
94,68,2,5,2,3,2,2,14,2,2,0
94,68,2,5,2,3,2,2,14,2,2,0
94,69,2,5,2,3,4,2,14,2,2,0
94,69,2,5,2,3,4,2,14,2,2,0
94,69,2,5,2,3,4,2,14,2,2,0
94,74,2,5,4,3,2,2,14,2,2,0
94,74,2,5,4,3,2,2,14,2,2,0
94,74,2,5,4,3,2,2,14,2,2,0
94,74,2,5,4,3,2,2,14,2,2,0
94,74,2,5,4,3,2,2,14,2,2,0
94,74,2,5,4,3,2,2,14,2,2,0
94,74,2,5,4,3,2,2,14,2,2,0
94,75,2,5,4,3,4,2,14,2,2,0
94,75,2,5,4,3,4,2,14,2,2,0
94,75,2,5,4,3,4,2,14,2,2,0
94,93,2,5,3,3,3,2,14,2,2,0
94,93,2,5,3,3,3,2,14,2,2,0
94,93,2,5,3,3,3,2,14,2,2,0
94,93,2,5,3,3,3,2,14,2,2,0
94,93,2,5,3,3,3,2,14,2,2,0
94,93,2,5,3,3,3,2,14,2,2,0
94,93,2,5,3,3,3,2,14,2,2,0
94,94,2,5,3,3,5,2,14,2,2,0
94,94,2,5,3,3,5,2,14,2,2,0
94,94,2,5,3,3,5,2,14,2,2,0
94,95,2,5,3,3,4,3,14,2,2,0
94,95,2,5,3,3,4,3,14,2,2,0
94,95,2,5,3,3,4,3,14,2,2,0
94,108,2,5,5,3,3,2,14,2,2,0
94,108,2,5,5,3,3,2,14,2,2,0
94,108,2,5,5,3,3,2,14,2,2,0
94,108,2,5,5,3,3,2,14,2,2,0
94,108,2,5,5,3,3,2,14,2,2,0
94,108,2,5,5,3,3,2,14,2,2,0
94,108,2,5,5,3,3,2,14,2,2,0
94,109,2,5,5,3,5,2,14,2,2,0
94,109,2,5,5,3,5,2,14,2,2,0
94,109,2,5,5,3,5,2,14,2,2,0
94,110,2,5,5,3,4,3,14,2,2,0
94,110,2,5,5,3,4,3,14,2,2,0
94,110,2,5,5,3,4,3,14,2,2,0
94,130,2,5,3,3,3,2,14,2,3,0
94,130,2,5,3,3,3,2,14,2,3,0
94,130,2,5,3,3,3,2,14,2,3,0
94,130,2,5,3,3,3,2,14,2,3,0
94,130,2,5,3,3,3,2,14,2,3,0
95,16,3,4,2,3,4,2,14,2,1,0
95,16,3,4,2,3,4,2,14,2,1,0
95,16,3,4,2,3,4,2,14,2,1,0
95,33,3,4,3,3,3,2,14,2,1,0
95,33,3,4,3,3,3,2,14,2,1,0
95,33,3,4,3,3,3,2,14,2,1,0
95,33,3,4,3,3,3,2,14,2,1,0
95,33,3,4,3,3,3,2,14,2,1,0
95,34,3,4,3,3,5,2,14,2,1,0
95,34,3,4,3,3,5,2,14,2,1,0
95,34,3,4,3,3,5,2,14,2,1,0
95,35,3,4,3,3,4,3,14,2,1,0
95,35,3,4,3,3,4,3,14,2,1,0
95,35,3,4,3,3,4,3,14,2,1,0
95,36,3,4,3,3,5,4,14,2,1,0
95,36,3,4,3,3,5,4,14,2,1,0
95,36,3,4,3,3,5,4,14,2,1,0
95,68,3,4,2,3,2,2,14,2,2,0
95,68,3,4,2,3,2,2,14,2,2,0
95,68,3,4,2,3,2,2,14,2,2,0
95,68,3,4,2,3,2,2,14,2,2,0
95,68,3,4,2,3,2,2,14,2,2,0
95,68,3,4,2,3,2,2,14,2,2,0
95,68,3,4,2,3,2,2,14,2,2,0
95,69,3,4,2,3,4,2,14,2,2,0
95,69,3,4,2,3,4,2,14,2,2,0
95,69,3,4,2,3,4,2,14,2,2,0
95,74,3,4,4,3,2,2,14,2,2,0
95,74,3,4,4,3,2,2,14,2,2,0
95,74,3,4,4,3,2,2,14,2,2,0
95,74,3,4,4,3,2,2,14,2,2,0
95,74,3,4,4,3,2,2,14,2,2,0
95,74,3,4,4,3,2,2,14,2,2,0
95,74,3,4,4,3,2,2,14,2,2,0
95,75,3,4,4,3,4,2,14,2,2,0
95,75,3,4,4,3,4,2,14,2,2,0
95,75,3,4,4,3,4,2,14,2,2,0
95,93,3,4,3,3,3,2,14,2,2,0
95,93,3,4,3,3,3,2,14,2,2,0
95,93,3,4,3,3,3,2,14,2,2,0
95,93,3,4,3,3,3,2,14,2,2,0
95,93,3,4,3,3,3,2,14,2,2,0
95,93,3,4,3,3,3,2,14,2,2,0
95,93,3,4,3,3,3,2,14,2,2,0
95,94,3,4,3,3,5,2,14,2,2,0
95,94,3,4,3,3,5,2,14,2,2,0
95,94,3,4,3,3,5,2,14,2,2,0
95,95,3,4,3,3,4,3,14,2,2,0
95,95,3,4,3,3,4,3,14,2,2,0
95,95,3,4,3,3,4,3,14,2,2,0
95,108,3,4,5,3,3,2,14,2,2,0
95,108,3,4,5,3,3,2,14,2,2,0
95,108,3,4,5,3,3,2,14,2,2,0
95,108,3,4,5,3,3,2,14,2,2,0
95,108,3,4,5,3,3,2,14,2,2,0
95,108,3,4,5,3,3,2,14,2,2,0
95,108,3,4,5,3,3,2,14,2,2,0
95,109,3,4,5,3,5,2,14,2,2,0
95,109,3,4,5,3,5,2,14,2,2,0
95,109,3,4,5,3,5,2,14,2,2,0
95,110,3,4,5,3,4,3,14,2,2,0
95,110,3,4,5,3,4,3,14,2,2,0
95,110,3,4,5,3,4,3,14,2,2,0
95,130,3,4,3,3,3,2,14,2,3,0
95,130,3,4,3,3,3,2,14,2,3,0
95,130,3,4,3,3,3,2,14,2,3,0
95,130,3,4,3,3,3,2,14,2,3,0
95,130,3,4,3,3,3,2,14,2,3,0
96,0,2,3,2,3,2,2,16,2,0,0
96,6,2,3,3,3,3,2,16,2,0,0
96,17,2,3,2,3,4,2,16,2,1,0
96,17,2,3,2,3,4,2,16,2,1,0
96,17,2,3,2,3,4,2,16,2,1,0
96,19,2,3,4,3,4,2,16,2,1,0
96,19,2,3,4,3,4,2,16,2,1,0
96,19,2,3,4,3,4,2,16,2,1,0
96,37,2,3,3,3,3,2,16,2,1,0
96,37,2,3,3,3,3,2,16,2,1,0
96,37,2,3,3,3,3,2,16,2,1,0
96,37,2,3,3,3,3,2,16,2,1,0
96,37,2,3,3,3,3,2,16,2,1,0
96,38,2,3,3,3,5,2,16,2,1,0
96,38,2,3,3,3,5,2,16,2,1,0
96,38,2,3,3,3,5,2,16,2,1,0
96,39,2,3,3,3,4,3,16,2,1,0
96,39,2,3,3,3,4,3,16,2,1,0
96,39,2,3,3,3,4,3,16,2,1,0
96,40,2,3,3,3,5,4,16,2,1,0
96,40,2,3,3,3,5,4,16,2,1,0
96,40,2,3,3,3,5,4,16,2,1,0
96,53,2,3,5,3,3,2,16,2,1,0
96,53,2,3,5,3,3,2,16,2,1,0
96,53,2,3,5,3,3,2,16,2,1,0
96,53,2,3,5,3,3,2,16,2,1,0
96,53,2,3,5,3,3,2,16,2,1,0
96,54,2,3,5,3,5,2,16,2,1,0
96,54,2,3,5,3,5,2,16,2,1,0
96,54,2,3,5,3,5,2,16,2,1,0
96,55,2,3,5,3,4,3,16,2,1,0
96,55,2,3,5,3,4,3,16,2,1,0
96,55,2,3,5,3,4,3,16,2,1,0
96,56,2,3,5,3,5,4,16,2,1,0
96,56,2,3,5,3,5,4,16,2,1,0
96,56,2,3,5,3,5,4,16,2,1,0
96,70,2,3,2,3,2,2,16,2,2,0
96,70,2,3,2,3,2,2,16,2,2,0
96,70,2,3,2,3,2,2,16,2,2,0
96,70,2,3,2,3,2,2,16,2,2,0
96,70,2,3,2,3,2,2,16,2,2,0
96,70,2,3,2,3,2,2,16,2,2,0
96,70,2,3,2,3,2,2,16,2,2,0
96,71,2,3,2,3,4,2,16,2,2,0
96,71,2,3,2,3,4,2,16,2,2,0
96,71,2,3,2,3,4,2,16,2,2,0
96,76,2,3,4,3,2,2,16,2,2,0
96,76,2,3,4,3,2,2,16,2,2,0
96,76,2,3,4,3,2,2,16,2,2,0
96,76,2,3,4,3,2,2,16,2,2,0
96,76,2,3,4,3,2,2,16,2,2,0
96,76,2,3,4,3,2,2,16,2,2,0
96,76,2,3,4,3,2,2,16,2,2,0
96,77,2,3,4,3,4,2,16,2,2,0
96,77,2,3,4,3,4,2,16,2,2,0
96,77,2,3,4,3,4,2,16,2,2,0
96,96,2,3,3,3,3,2,16,2,2,0
96,96,2,3,3,3,3,2,16,2,2,0
96,96,2,3,3,3,3,2,16,2,2,0
96,96,2,3,3,3,3,2,16,2,2,0
96,96,2,3,3,3,3,2,16,2,2,0
96,96,2,3,3,3,3,2,16,2,2,0
96,96,2,3,3,3,3,2,16,2,2,0
96,97,2,3,3,3,5,2,16,2,2,0
96,97,2,3,3,3,5,2,16,2,2,0
96,97,2,3,3,3,5,2,16,2,2,0
96,98,2,3,3,3,4,3,16,2,2,0
96,98,2,3,3,3,4,3,16,2,2,0
96,98,2,3,3,3,4,3,16,2,2,0
96,111,2,3,5,3,3,2,16,2,2,0
96,111,2,3,5,3,3,2,16,2,2,0
96,111,2,3,5,3,3,2,16,2,2,0
96,111,2,3,5,3,3,2,16,2,2,0
96,111,2,3,5,3,3,2,16,2,2,0
96,111,2,3,5,3,3,2,16,2,2,0
96,111,2,3,5,3,3,2,16,2,2,0
96,112,2,3,5,3,5,2,16,2,2,0
96,112,2,3,5,3,5,2,16,2,2,0
96,112,2,3,5,3,5,2,16,2,2,0
96,113,2,3,5,3,4,3,16,2,2,0
96,113,2,3,5,3,4,3,16,2,2,0
96,113,2,3,5,3,4,3,16,2,2,0
96,131,2,3,3,3,3,2,16,2,3,0
96,131,2,3,3,3,3,2,16,2,3,0
96,131,2,3,3,3,3,2,16,2,3,0
96,131,2,3,3,3,3,2,16,2,3,0
96,131,2,3,3,3,3,2,16,2,3,0
97,0,2,5,2,3,2,2,16,2,0,0
97,6,2,5,3,3,3,2,16,2,0,0
97,17,2,5,2,3,4,2,16,2,1,0
97,17,2,5,2,3,4,2,16,2,1,0
97,17,2,5,2,3,4,2,16,2,1,0
97,19,2,5,4,3,4,2,16,2,1,0
97,19,2,5,4,3,4,2,16,2,1,0
97,19,2,5,4,3,4,2,16,2,1,0
97,37,2,5,3,3,3,2,16,2,1,0
97,37,2,5,3,3,3,2,16,2,1,0
97,37,2,5,3,3,3,2,16,2,1,0
97,37,2,5,3,3,3,2,16,2,1,0
97,37,2,5,3,3,3,2,16,2,1,0
97,38,2,5,3,3,5,2,16,2,1,0
97,38,2,5,3,3,5,2,16,2,1,0
97,38,2,5,3,3,5,2,16,2,1,0
97,39,2,5,3,3,4,3,16,2,1,0
97,39,2,5,3,3,4,3,16,2,1,0
97,39,2,5,3,3,4,3,16,2,1,0
97,40,2,5,3,3,5,4,16,2,1,0
97,40,2,5,3,3,5,4,16,2,1,0
97,40,2,5,3,3,5,4,16,2,1,0
97,53,2,5,5,3,3,2,16,2,1,0
97,53,2,5,5,3,3,2,16,2,1,0
97,53,2,5,5,3,3,2,16,2,1,0
97,53,2,5,5,3,3,2,16,2,1,0
97,53,2,5,5,3,3,2,16,2,1,0
97,54,2,5,5,3,5,2,16,2,1,0
97,54,2,5,5,3,5,2,16,2,1,0
97,54,2,5,5,3,5,2,16,2,1,0
97,55,2,5,5,3,4,3,16,2,1,0
97,55,2,5,5,3,4,3,16,2,1,0
97,55,2,5,5,3,4,3,16,2,1,0
97,56,2,5,5,3,5,4,16,2,1,0
97,56,2,5,5,3,5,4,16,2,1,0
97,56,2,5,5,3,5,4,16,2,1,0
97,70,2,5,2,3,2,2,16,2,2,0
97,70,2,5,2,3,2,2,16,2,2,0
97,70,2,5,2,3,2,2,16,2,2,0
97,70,2,5,2,3,2,2,16,2,2,0
97,70,2,5,2,3,2,2,16,2,2,0
97,70,2,5,2,3,2,2,16,2,2,0
97,70,2,5,2,3,2,2,16,2,2,0
97,71,2,5,2,3,4,2,16,2,2,0
97,71,2,5,2,3,4,2,16,2,2,0
97,71,2,5,2,3,4,2,16,2,2,0
97,76,2,5,4,3,2,2,16,2,2,0
97,76,2,5,4,3,2,2,16,2,2,0
97,76,2,5,4,3,2,2,16,2,2,0
97,76,2,5,4,3,2,2,16,2,2,0
97,76,2,5,4,3,2,2,16,2,2,0
97,76,2,5,4,3,2,2,16,2,2,0
97,76,2,5,4,3,2,2,16,2,2,0
97,77,2,5,4,3,4,2,16,2,2,0
97,77,2,5,4,3,4,2,16,2,2,0
97,77,2,5,4,3,4,2,16,2,2,0
97,96,2,5,3,3,3,2,16,2,2,0
97,96,2,5,3,3,3,2,16,2,2,0
97,96,2,5,3,3,3,2,16,2,2,0
97,96,2,5,3,3,3,2,16,2,2,0
97,96,2,5,3,3,3,2,16,2,2,0
97,96,2,5,3,3,3,2,16,2,2,0
97,96,2,5,3,3,3,2,16,2,2,0
97,97,2,5,3,3,5,2,16,2,2,0
97,97,2,5,3,3,5,2,16,2,2,0
97,97,2,5,3,3,5,2,16,2,2,0
97,98,2,5,3,3,4,3,16,2,2,0
97,98,2,5,3,3,4,3,16,2,2,0
97,98,2,5,3,3,4,3,16,2,2,0
97,111,2,5,5,3,3,2,16,2,2,0
97,111,2,5,5,3,3,2,16,2,2,0
97,111,2,5,5,3,3,2,16,2,2,0
97,111,2,5,5,3,3,2,16,2,2,0
97,111,2,5,5,3,3,2,16,2,2,0
97,111,2,5,5,3,3,2,16,2,2,0
97,111,2,5,5,3,3,2,16,2,2,0
97,112,2,5,5,3,5,2,16,2,2,0
97,112,2,5,5,3,5,2,16,2,2,0
97,112,2,5,5,3,5,2,16,2,2,0
97,113,2,5,5,3,4,3,16,2,2,0
97,113,2,5,5,3,4,3,16,2,2,0
97,113,2,5,5,3,4,3,16,2,2,0
97,131,2,5,3,3,3,2,16,2,3,0
97,131,2,5,3,3,3,2,16,2,3,0
97,131,2,5,3,3,3,2,16,2,3,0
97,131,2,5,3,3,3,2,16,2,3,0
97,131,2,5,3,3,3,2,16,2,3,0
98,0,3,4,2,3,2,2,16,2,0,0
98,6,3,4,3,3,3,2,16,2,0,0
98,17,3,4,2,3,4,2,16,2,1,0
98,17,3,4,2,3,4,2,16,2,1,0
98,17,3,4,2,3,4,2,16,2,1,0
98,19,3,4,4,3,4,2,16,2,1,0
98,19,3,4,4,3,4,2,16,2,1,0
98,19,3,4,4,3,4,2,16,2,1,0
98,37,3,4,3,3,3,2,16,2,1,0
98,37,3,4,3,3,3,2,16,2,1,0
98,37,3,4,3,3,3,2,16,2,1,0
98,37,3,4,3,3,3,2,16,2,1,0
98,37,3,4,3,3,3,2,16,2,1,0
98,38,3,4,3,3,5,2,16,2,1,0
98,38,3,4,3,3,5,2,16,2,1,0
98,38,3,4,3,3,5,2,16,2,1,0
98,39,3,4,3,3,4,3,16,2,1,0
98,39,3,4,3,3,4,3,16,2,1,0
98,39,3,4,3,3,4,3,16,2,1,0
98,40,3,4,3,3,5,4,16,2,1,0
98,40,3,4,3,3,5,4,16,2,1,0
98,40,3,4,3,3,5,4,16,2,1,0
98,53,3,4,5,3,3,2,16,2,1,0
98,53,3,4,5,3,3,2,16,2,1,0
98,53,3,4,5,3,3,2,16,2,1,0
98,53,3,4,5,3,3,2,16,2,1,0
98,53,3,4,5,3,3,2,16,2,1,0
98,54,3,4,5,3,5,2,16,2,1,0
98,54,3,4,5,3,5,2,16,2,1,0
98,54,3,4,5,3,5,2,16,2,1,0
98,55,3,4,5,3,4,3,16,2,1,0
98,55,3,4,5,3,4,3,16,2,1,0
98,55,3,4,5,3,4,3,16,2,1,0
98,56,3,4,5,3,5,4,16,2,1,0
98,56,3,4,5,3,5,4,16,2,1,0
98,56,3,4,5,3,5,4,16,2,1,0
98,70,3,4,2,3,2,2,16,2,2,0
98,70,3,4,2,3,2,2,16,2,2,0
98,70,3,4,2,3,2,2,16,2,2,0
98,70,3,4,2,3,2,2,16,2,2,0
98,70,3,4,2,3,2,2,16,2,2,0
98,70,3,4,2,3,2,2,16,2,2,0
98,70,3,4,2,3,2,2,16,2,2,0
98,71,3,4,2,3,4,2,16,2,2,0
98,71,3,4,2,3,4,2,16,2,2,0
98,71,3,4,2,3,4,2,16,2,2,0
98,76,3,4,4,3,2,2,16,2,2,0
98,76,3,4,4,3,2,2,16,2,2,0
98,76,3,4,4,3,2,2,16,2,2,0
98,76,3,4,4,3,2,2,16,2,2,0
98,76,3,4,4,3,2,2,16,2,2,0
98,76,3,4,4,3,2,2,16,2,2,0
98,76,3,4,4,3,2,2,16,2,2,0
98,77,3,4,4,3,4,2,16,2,2,0
98,77,3,4,4,3,4,2,16,2,2,0
98,77,3,4,4,3,4,2,16,2,2,0
98,96,3,4,3,3,3,2,16,2,2,0
98,96,3,4,3,3,3,2,16,2,2,0
98,96,3,4,3,3,3,2,16,2,2,0
98,96,3,4,3,3,3,2,16,2,2,0
98,96,3,4,3,3,3,2,16,2,2,0
98,96,3,4,3,3,3,2,16,2,2,0
98,96,3,4,3,3,3,2,16,2,2,0
98,97,3,4,3,3,5,2,16,2,2,0
98,97,3,4,3,3,5,2,16,2,2,0
98,97,3,4,3,3,5,2,16,2,2,0
98,98,3,4,3,3,4,3,16,2,2,0
98,98,3,4,3,3,4,3,16,2,2,0
98,98,3,4,3,3,4,3,16,2,2,0
98,111,3,4,5,3,3,2,16,2,2,0
98,111,3,4,5,3,3,2,16,2,2,0
98,111,3,4,5,3,3,2,16,2,2,0
98,111,3,4,5,3,3,2,16,2,2,0
98,111,3,4,5,3,3,2,16,2,2,0
98,111,3,4,5,3,3,2,16,2,2,0
98,111,3,4,5,3,3,2,16,2,2,0
98,112,3,4,5,3,5,2,16,2,2,0
98,112,3,4,5,3,5,2,16,2,2,0
98,112,3,4,5,3,5,2,16,2,2,0
98,113,3,4,5,3,4,3,16,2,2,0
98,113,3,4,5,3,4,3,16,2,2,0
98,113,3,4,5,3,4,3,16,2,2,0
98,131,3,4,3,3,3,2,16,2,3,0
98,131,3,4,3,3,3,2,16,2,3,0
98,131,3,4,3,3,3,2,16,2,3,0
98,131,3,4,3,3,3,2,16,2,3,0
98,131,3,4,3,3,3,2,16,2,3,0
99,3,2,3,4,3,4,4,18,2,0,0
99,11,2,3,5,3,5,4,18,2,0,0
99,18,2,3,2,3,4,2,18,2,1,0
99,18,2,3,2,3,4,2,18,2,1,0
99,18,2,3,2,3,4,2,18,2,1,0
99,20,2,3,4,3,4,2,18,2,1,0
99,20,2,3,4,3,4,2,18,2,1,0
99,20,2,3,4,3,4,2,18,2,1,0
99,41,2,3,3,3,3,2,18,2,1,0
99,41,2,3,3,3,3,2,18,2,1,0
99,41,2,3,3,3,3,2,18,2,1,0
99,41,2,3,3,3,3,2,18,2,1,0
99,41,2,3,3,3,3,2,18,2,1,0
99,42,2,3,3,3,5,2,18,2,1,0
99,42,2,3,3,3,5,2,18,2,1,0
99,42,2,3,3,3,5,2,18,2,1,0
99,43,2,3,3,3,4,3,18,2,1,0
99,43,2,3,3,3,4,3,18,2,1,0
99,43,2,3,3,3,4,3,18,2,1,0
99,44,2,3,3,3,5,4,18,2,1,0
99,44,2,3,3,3,5,4,18,2,1,0
99,44,2,3,3,3,5,4,18,2,1,0
99,57,2,3,5,3,3,2,18,2,1,0
99,57,2,3,5,3,3,2,18,2,1,0
99,57,2,3,5,3,3,2,18,2,1,0
99,57,2,3,5,3,3,2,18,2,1,0
99,57,2,3,5,3,3,2,18,2,1,0
99,58,2,3,5,3,5,2,18,2,1,0
99,58,2,3,5,3,5,2,18,2,1,0
99,58,2,3,5,3,5,2,18,2,1,0
99,59,2,3,5,3,4,3,18,2,1,0
99,59,2,3,5,3,4,3,18,2,1,0
99,59,2,3,5,3,4,3,18,2,1,0
99,60,2,3,5,3,5,4,18,2,1,0
99,60,2,3,5,3,5,4,18,2,1,0
99,60,2,3,5,3,5,4,18,2,1,0
99,72,2,3,2,3,2,2,18,2,2,0
99,72,2,3,2,3,2,2,18,2,2,0
99,72,2,3,2,3,2,2,18,2,2,0
99,72,2,3,2,3,2,2,18,2,2,0
99,72,2,3,2,3,2,2,18,2,2,0
99,72,2,3,2,3,2,2,18,2,2,0
99,72,2,3,2,3,2,2,18,2,2,0
99,73,2,3,2,3,4,2,18,2,2,0
99,73,2,3,2,3,4,2,18,2,2,0
99,73,2,3,2,3,4,2,18,2,2,0
99,99,2,3,3,3,3,2,18,2,2,0
99,99,2,3,3,3,3,2,18,2,2,0
99,99,2,3,3,3,3,2,18,2,2,0
99,99,2,3,3,3,3,2,18,2,2,0
99,99,2,3,3,3,3,2,18,2,2,0
99,99,2,3,3,3,3,2,18,2,2,0
99,99,2,3,3,3,3,2,18,2,2,0
99,100,2,3,3,3,5,2,18,2,2,0
99,100,2,3,3,3,5,2,18,2,2,0
99,100,2,3,3,3,5,2,18,2,2,0
99,101,2,3,3,3,4,3,18,2,2,0
99,101,2,3,3,3,4,3,18,2,2,0
99,101,2,3,3,3,4,3,18,2,2,0
100,3,2,5,4,3,4,4,18,2,0,0
100,11,2,5,5,3,5,4,18,2,0,0
100,18,2,5,2,3,4,2,18,2,1,0
100,18,2,5,2,3,4,2,18,2,1,0
100,18,2,5,2,3,4,2,18,2,1,0
100,20,2,5,4,3,4,2,18,2,1,0
100,20,2,5,4,3,4,2,18,2,1,0
100,20,2,5,4,3,4,2,18,2,1,0
100,41,2,5,3,3,3,2,18,2,1,0
100,41,2,5,3,3,3,2,18,2,1,0
100,41,2,5,3,3,3,2,18,2,1,0
100,41,2,5,3,3,3,2,18,2,1,0
100,41,2,5,3,3,3,2,18,2,1,0
100,42,2,5,3,3,5,2,18,2,1,0
100,42,2,5,3,3,5,2,18,2,1,0
100,42,2,5,3,3,5,2,18,2,1,0
100,43,2,5,3,3,4,3,18,2,1,0
100,43,2,5,3,3,4,3,18,2,1,0
100,43,2,5,3,3,4,3,18,2,1,0
100,44,2,5,3,3,5,4,18,2,1,0
100,44,2,5,3,3,5,4,18,2,1,0
100,44,2,5,3,3,5,4,18,2,1,0
100,57,2,5,5,3,3,2,18,2,1,0
100,57,2,5,5,3,3,2,18,2,1,0
100,57,2,5,5,3,3,2,18,2,1,0
100,57,2,5,5,3,3,2,18,2,1,0
100,57,2,5,5,3,3,2,18,2,1,0
100,58,2,5,5,3,5,2,18,2,1,0
100,58,2,5,5,3,5,2,18,2,1,0
100,58,2,5,5,3,5,2,18,2,1,0
100,59,2,5,5,3,4,3,18,2,1,0
100,59,2,5,5,3,4,3,18,2,1,0
100,59,2,5,5,3,4,3,18,2,1,0
100,60,2,5,5,3,5,4,18,2,1,0
100,60,2,5,5,3,5,4,18,2,1,0
100,60,2,5,5,3,5,4,18,2,1,0
100,72,2,5,2,3,2,2,18,2,2,0
100,72,2,5,2,3,2,2,18,2,2,0
100,72,2,5,2,3,2,2,18,2,2,0
100,72,2,5,2,3,2,2,18,2,2,0
100,72,2,5,2,3,2,2,18,2,2,0
100,72,2,5,2,3,2,2,18,2,2,0
100,72,2,5,2,3,2,2,18,2,2,0
100,73,2,5,2,3,4,2,18,2,2,0
100,73,2,5,2,3,4,2,18,2,2,0
100,73,2,5,2,3,4,2,18,2,2,0
100,99,2,5,3,3,3,2,18,2,2,0
100,99,2,5,3,3,3,2,18,2,2,0
100,99,2,5,3,3,3,2,18,2,2,0
100,99,2,5,3,3,3,2,18,2,2,0
100,99,2,5,3,3,3,2,18,2,2,0
100,99,2,5,3,3,3,2,18,2,2,0
100,99,2,5,3,3,3,2,18,2,2,0
100,100,2,5,3,3,5,2,18,2,2,0
100,100,2,5,3,3,5,2,18,2,2,0
100,100,2,5,3,3,5,2,18,2,2,0
100,101,2,5,3,3,4,3,18,2,2,0
100,101,2,5,3,3,4,3,18,2,2,0
100,101,2,5,3,3,4,3,18,2,2,0
101,3,3,4,4,3,4,4,18,2,0,0
101,11,3,4,5,3,5,4,18,2,0,0
101,18,3,4,2,3,4,2,18,2,1,0
101,18,3,4,2,3,4,2,18,2,1,0
101,18,3,4,2,3,4,2,18,2,1,0
101,20,3,4,4,3,4,2,18,2,1,0
101,20,3,4,4,3,4,2,18,2,1,0
101,20,3,4,4,3,4,2,18,2,1,0
101,41,3,4,3,3,3,2,18,2,1,0
101,41,3,4,3,3,3,2,18,2,1,0
101,41,3,4,3,3,3,2,18,2,1,0
101,41,3,4,3,3,3,2,18,2,1,0
101,41,3,4,3,3,3,2,18,2,1,0
101,42,3,4,3,3,5,2,18,2,1,0
101,42,3,4,3,3,5,2,18,2,1,0
101,42,3,4,3,3,5,2,18,2,1,0
101,43,3,4,3,3,4,3,18,2,1,0
101,43,3,4,3,3,4,3,18,2,1,0
101,43,3,4,3,3,4,3,18,2,1,0
101,44,3,4,3,3,5,4,18,2,1,0
101,44,3,4,3,3,5,4,18,2,1,0
101,44,3,4,3,3,5,4,18,2,1,0
101,57,3,4,5,3,3,2,18,2,1,0
101,57,3,4,5,3,3,2,18,2,1,0
101,57,3,4,5,3,3,2,18,2,1,0
101,57,3,4,5,3,3,2,18,2,1,0
101,57,3,4,5,3,3,2,18,2,1,0
101,58,3,4,5,3,5,2,18,2,1,0
101,58,3,4,5,3,5,2,18,2,1,0
101,58,3,4,5,3,5,2,18,2,1,0
101,59,3,4,5,3,4,3,18,2,1,0
101,59,3,4,5,3,4,3,18,2,1,0
101,59,3,4,5,3,4,3,18,2,1,0
101,60,3,4,5,3,5,4,18,2,1,0
101,60,3,4,5,3,5,4,18,2,1,0
101,60,3,4,5,3,5,4,18,2,1,0
101,72,3,4,2,3,2,2,18,2,2,0
101,72,3,4,2,3,2,2,18,2,2,0
101,72,3,4,2,3,2,2,18,2,2,0
101,72,3,4,2,3,2,2,18,2,2,0
101,72,3,4,2,3,2,2,18,2,2,0
101,72,3,4,2,3,2,2,18,2,2,0
101,72,3,4,2,3,2,2,18,2,2,0
101,73,3,4,2,3,4,2,18,2,2,0
101,73,3,4,2,3,4,2,18,2,2,0
101,73,3,4,2,3,4,2,18,2,2,0
101,99,3,4,3,3,3,2,18,2,2,0
101,99,3,4,3,3,3,2,18,2,2,0
101,99,3,4,3,3,3,2,18,2,2,0
101,99,3,4,3,3,3,2,18,2,2,0
101,99,3,4,3,3,3,2,18,2,2,0
101,99,3,4,3,3,3,2,18,2,2,0
101,99,3,4,3,3,3,2,18,2,2,0
101,100,3,4,3,3,5,2,18,2,2,0
101,100,3,4,3,3,5,2,18,2,2,0
101,100,3,4,3,3,5,2,18,2,2,0
101,101,3,4,3,3,4,3,18,2,2,0
101,101,3,4,3,3,4,3,18,2,2,0
101,101,3,4,3,3,4,3,18,2,2,0
102,21,2,3,2,4,3,2,15,2,1,0
102,21,2,3,2,4,3,2,15,2,1,0
102,21,2,3,2,4,3,2,15,2,1,0
102,22,2,3,2,4,5,2,15,2,1,0
102,23,2,3,2,4,4,3,15,2,1,0
102,24,2,3,2,4,5,4,15,2,1,0
102,61,2,3,3,4,5,3,15,2,1,0
102,81,2,3,2,4,3,2,15,2,2,0
102,81,2,3,2,4,3,2,15,2,2,0
102,81,2,3,2,4,3,2,15,2,2,0
102,82,2,3,2,4,5,2,15,2,2,0
102,82,2,3,2,4,5,2,15,2,2,0
102,82,2,3,2,4,5,2,15,2,2,0
102,83,2,3,2,4,4,3,15,2,2,0
102,83,2,3,2,4,4,3,15,2,2,0
102,83,2,3,2,4,4,3,15,2,2,0
102,102,2,3,4,4,3,2,15,2,2,0
102,102,2,3,4,4,3,2,15,2,2,0
102,102,2,3,4,4,3,2,15,2,2,0
102,103,2,3,4,4,5,2,15,2,2,0
102,103,2,3,4,4,5,2,15,2,2,0
102,103,2,3,4,4,5,2,15,2,2,0
102,104,2,3,4,4,4,3,15,2,2,0
102,104,2,3,4,4,4,3,15,2,2,0
102,104,2,3,4,4,4,3,15,2,2,0
102,116,2,3,3,4,3,3,15,2,2,0
102,116,2,3,3,4,3,3,15,2,2,0
102,116,2,3,3,4,3,3,15,2,2,0
102,117,2,3,3,4,5,3,15,2,2,0
102,117,2,3,3,4,5,3,15,2,2,0
102,117,2,3,3,4,5,3,15,2,2,0
102,122,2,3,5,4,3,3,15,2,2,0
102,122,2,3,5,4,3,3,15,2,2,0
102,122,2,3,5,4,3,3,15,2,2,0
102,123,2,3,5,4,5,3,15,2,2,0
102,123,2,3,5,4,5,3,15,2,2,0
102,123,2,3,5,4,5,3,15,2,2,0
102,127,2,3,2,4,3,2,15,2,3,0
102,127,2,3,2,4,3,2,15,2,3,0
102,127,2,3,2,4,3,2,15,2,3,0
103,21,2,5,2,4,3,2,15,2,1,0
103,21,2,5,2,4,3,2,15,2,1,0
103,21,2,5,2,4,3,2,15,2,1,0
103,22,2,5,2,4,5,2,15,2,1,0
103,23,2,5,2,4,4,3,15,2,1,0
103,24,2,5,2,4,5,4,15,2,1,0
103,61,2,5,3,4,5,3,15,2,1,0
103,81,2,5,2,4,3,2,15,2,2,0
103,81,2,5,2,4,3,2,15,2,2,0
103,81,2,5,2,4,3,2,15,2,2,0
103,82,2,5,2,4,5,2,15,2,2,0
103,82,2,5,2,4,5,2,15,2,2,0
103,82,2,5,2,4,5,2,15,2,2,0
103,83,2,5,2,4,4,3,15,2,2,0
103,83,2,5,2,4,4,3,15,2,2,0
103,83,2,5,2,4,4,3,15,2,2,0
103,102,2,5,4,4,3,2,15,2,2,0
103,102,2,5,4,4,3,2,15,2,2,0
103,102,2,5,4,4,3,2,15,2,2,0
103,103,2,5,4,4,5,2,15,2,2,0
103,103,2,5,4,4,5,2,15,2,2,0
103,103,2,5,4,4,5,2,15,2,2,0
103,104,2,5,4,4,4,3,15,2,2,0
103,104,2,5,4,4,4,3,15,2,2,0
103,104,2,5,4,4,4,3,15,2,2,0
103,116,2,5,3,4,3,3,15,2,2,0
103,116,2,5,3,4,3,3,15,2,2,0
103,116,2,5,3,4,3,3,15,2,2,0
103,117,2,5,3,4,5,3,15,2,2,0
103,117,2,5,3,4,5,3,15,2,2,0
103,117,2,5,3,4,5,3,15,2,2,0
103,122,2,5,5,4,3,3,15,2,2,0
103,122,2,5,5,4,3,3,15,2,2,0
103,122,2,5,5,4,3,3,15,2,2,0
103,123,2,5,5,4,5,3,15,2,2,0
103,123,2,5,5,4,5,3,15,2,2,0
103,123,2,5,5,4,5,3,15,2,2,0
103,127,2,5,2,4,3,2,15,2,3,0
103,127,2,5,2,4,3,2,15,2,3,0
103,127,2,5,2,4,3,2,15,2,3,0
104,21,3,4,2,4,3,2,15,2,1,0
104,21,3,4,2,4,3,2,15,2,1,0
104,21,3,4,2,4,3,2,15,2,1,0
104,22,3,4,2,4,5,2,15,2,1,0
104,23,3,4,2,4,4,3,15,2,1,0
104,24,3,4,2,4,5,4,15,2,1,0
104,61,3,4,3,4,5,3,15,2,1,0
104,81,3,4,2,4,3,2,15,2,2,0
104,81,3,4,2,4,3,2,15,2,2,0
104,81,3,4,2,4,3,2,15,2,2,0
104,82,3,4,2,4,5,2,15,2,2,0
104,82,3,4,2,4,5,2,15,2,2,0
104,82,3,4,2,4,5,2,15,2,2,0
104,83,3,4,2,4,4,3,15,2,2,0
104,83,3,4,2,4,4,3,15,2,2,0
104,83,3,4,2,4,4,3,15,2,2,0
104,102,3,4,4,4,3,2,15,2,2,0
104,102,3,4,4,4,3,2,15,2,2,0
104,102,3,4,4,4,3,2,15,2,2,0
104,103,3,4,4,4,5,2,15,2,2,0
104,103,3,4,4,4,5,2,15,2,2,0
104,103,3,4,4,4,5,2,15,2,2,0
104,104,3,4,4,4,4,3,15,2,2,0
104,104,3,4,4,4,4,3,15,2,2,0
104,104,3,4,4,4,4,3,15,2,2,0
104,116,3,4,3,4,3,3,15,2,2,0
104,116,3,4,3,4,3,3,15,2,2,0
104,116,3,4,3,4,3,3,15,2,2,0
104,117,3,4,3,4,5,3,15,2,2,0
104,117,3,4,3,4,5,3,15,2,2,0
104,117,3,4,3,4,5,3,15,2,2,0
104,122,3,4,5,4,3,3,15,2,2,0
104,122,3,4,5,4,3,3,15,2,2,0
104,122,3,4,5,4,3,3,15,2,2,0
104,123,3,4,5,4,5,3,15,2,2,0
104,123,3,4,5,4,5,3,15,2,2,0
104,123,3,4,5,4,5,3,15,2,2,0
104,127,3,4,2,4,3,2,15,2,3,0
104,127,3,4,2,4,3,2,15,2,3,0
104,127,3,4,2,4,3,2,15,2,3,0
105,4,2,3,2,4,3,2,17,2,0,0
105,12,2,3,3,4,3,3,17,2,0,0
105,25,2,3,2,4,3,2,17,2,1,0
105,25,2,3,2,4,3,2,17,2,1,0
105,25,2,3,2,4,3,2,17,2,1,0
105,26,2,3,2,4,5,2,17,2,1,0
105,27,2,3,2,4,4,3,17,2,1,0
105,28,2,3,2,4,5,4,17,2,1,0
105,45,2,3,4,4,3,2,17,2,1,0
105,45,2,3,4,4,3,2,17,2,1,0
105,45,2,3,4,4,3,2,17,2,1,0
105,46,2,3,4,4,5,2,17,2,1,0
105,47,2,3,4,4,4,3,17,2,1,0
105,48,2,3,4,4,5,4,17,2,1,0
105,62,2,3,3,4,5,3,17,2,1,0
105,64,2,3,5,4,5,3,17,2,1,0
105,84,2,3,2,4,3,2,17,2,2,0
105,84,2,3,2,4,3,2,17,2,2,0
105,84,2,3,2,4,3,2,17,2,2,0
105,85,2,3,2,4,5,2,17,2,2,0
105,85,2,3,2,4,5,2,17,2,2,0
105,85,2,3,2,4,5,2,17,2,2,0
105,86,2,3,2,4,4,3,17,2,2,0
105,86,2,3,2,4,4,3,17,2,2,0
105,86,2,3,2,4,4,3,17,2,2,0
105,105,2,3,4,4,3,2,17,2,2,0
105,105,2,3,4,4,3,2,17,2,2,0
105,105,2,3,4,4,3,2,17,2,2,0
105,106,2,3,4,4,5,2,17,2,2,0
105,106,2,3,4,4,5,2,17,2,2,0
105,106,2,3,4,4,5,2,17,2,2,0
105,107,2,3,4,4,4,3,17,2,2,0
105,107,2,3,4,4,4,3,17,2,2,0
105,107,2,3,4,4,4,3,17,2,2,0
105,118,2,3,3,4,3,3,17,2,2,0
105,118,2,3,3,4,3,3,17,2,2,0
105,118,2,3,3,4,3,3,17,2,2,0
105,119,2,3,3,4,5,3,17,2,2,0
105,119,2,3,3,4,5,3,17,2,2,0
105,119,2,3,3,4,5,3,17,2,2,0
105,124,2,3,5,4,3,3,17,2,2,0
105,124,2,3,5,4,3,3,17,2,2,0
105,124,2,3,5,4,3,3,17,2,2,0
105,125,2,3,5,4,5,3,17,2,2,0
105,125,2,3,5,4,5,3,17,2,2,0
105,125,2,3,5,4,5,3,17,2,2,0
105,128,2,3,2,4,3,2,17,2,3,0
105,128,2,3,2,4,3,2,17,2,3,0
105,128,2,3,2,4,3,2,17,2,3,0
106,4,2,5,2,4,3,2,17,2,0,0
106,12,2,5,3,4,3,3,17,2,0,0
106,25,2,5,2,4,3,2,17,2,1,0
106,25,2,5,2,4,3,2,17,2,1,0
106,25,2,5,2,4,3,2,17,2,1,0
106,26,2,5,2,4,5,2,17,2,1,0
106,27,2,5,2,4,4,3,17,2,1,0
106,28,2,5,2,4,5,4,17,2,1,0
106,45,2,5,4,4,3,2,17,2,1,0
106,45,2,5,4,4,3,2,17,2,1,0
106,45,2,5,4,4,3,2,17,2,1,0
106,46,2,5,4,4,5,2,17,2,1,0
106,47,2,5,4,4,4,3,17,2,1,0
106,48,2,5,4,4,5,4,17,2,1,0
106,62,2,5,3,4,5,3,17,2,1,0
106,64,2,5,5,4,5,3,17,2,1,0
106,84,2,5,2,4,3,2,17,2,2,0
106,84,2,5,2,4,3,2,17,2,2,0
106,84,2,5,2,4,3,2,17,2,2,0
106,85,2,5,2,4,5,2,17,2,2,0
106,85,2,5,2,4,5,2,17,2,2,0
106,85,2,5,2,4,5,2,17,2,2,0
106,86,2,5,2,4,4,3,17,2,2,0
106,86,2,5,2,4,4,3,17,2,2,0
106,86,2,5,2,4,4,3,17,2,2,0
106,105,2,5,4,4,3,2,17,2,2,0
106,105,2,5,4,4,3,2,17,2,2,0
106,105,2,5,4,4,3,2,17,2,2,0
106,106,2,5,4,4,5,2,17,2,2,0
106,106,2,5,4,4,5,2,17,2,2,0
106,106,2,5,4,4,5,2,17,2,2,0
106,107,2,5,4,4,4,3,17,2,2,0
106,107,2,5,4,4,4,3,17,2,2,0
106,107,2,5,4,4,4,3,17,2,2,0
106,118,2,5,3,4,3,3,17,2,2,0
106,118,2,5,3,4,3,3,17,2,2,0
106,118,2,5,3,4,3,3,17,2,2,0
106,119,2,5,3,4,5,3,17,2,2,0
106,119,2,5,3,4,5,3,17,2,2,0
106,119,2,5,3,4,5,3,17,2,2,0
106,124,2,5,5,4,3,3,17,2,2,0
106,124,2,5,5,4,3,3,17,2,2,0
106,124,2,5,5,4,3,3,17,2,2,0
106,125,2,5,5,4,5,3,17,2,2,0
106,125,2,5,5,4,5,3,17,2,2,0
106,125,2,5,5,4,5,3,17,2,2,0
106,128,2,5,2,4,3,2,17,2,3,0
106,128,2,5,2,4,3,2,17,2,3,0
106,128,2,5,2,4,3,2,17,2,3,0
107,4,3,4,2,4,3,2,17,2,0,0
107,12,3,4,3,4,3,3,17,2,0,0
107,25,3,4,2,4,3,2,17,2,1,0
107,25,3,4,2,4,3,2,17,2,1,0
107,25,3,4,2,4,3,2,17,2,1,0
107,26,3,4,2,4,5,2,17,2,1,0
107,27,3,4,2,4,4,3,17,2,1,0
107,28,3,4,2,4,5,4,17,2,1,0
107,45,3,4,4,4,3,2,17,2,1,0
107,45,3,4,4,4,3,2,17,2,1,0
107,45,3,4,4,4,3,2,17,2,1,0
107,46,3,4,4,4,5,2,17,2,1,0
107,47,3,4,4,4,4,3,17,2,1,0
107,48,3,4,4,4,5,4,17,2,1,0
107,62,3,4,3,4,5,3,17,2,1,0
107,64,3,4,5,4,5,3,17,2,1,0
107,84,3,4,2,4,3,2,17,2,2,0
107,84,3,4,2,4,3,2,17,2,2,0
107,84,3,4,2,4,3,2,17,2,2,0
107,85,3,4,2,4,5,2,17,2,2,0
107,85,3,4,2,4,5,2,17,2,2,0
107,85,3,4,2,4,5,2,17,2,2,0
107,86,3,4,2,4,4,3,17,2,2,0
107,86,3,4,2,4,4,3,17,2,2,0
107,86,3,4,2,4,4,3,17,2,2,0
107,105,3,4,4,4,3,2,17,2,2,0
107,105,3,4,4,4,3,2,17,2,2,0
107,105,3,4,4,4,3,2,17,2,2,0
107,106,3,4,4,4,5,2,17,2,2,0
107,106,3,4,4,4,5,2,17,2,2,0
107,106,3,4,4,4,5,2,17,2,2,0
107,107,3,4,4,4,4,3,17,2,2,0
107,107,3,4,4,4,4,3,17,2,2,0
107,107,3,4,4,4,4,3,17,2,2,0
107,118,3,4,3,4,3,3,17,2,2,0
107,118,3,4,3,4,3,3,17,2,2,0
107,118,3,4,3,4,3,3,17,2,2,0
107,119,3,4,3,4,5,3,17,2,2,0
107,119,3,4,3,4,5,3,17,2,2,0
107,119,3,4,3,4,5,3,17,2,2,0
107,124,3,4,5,4,3,3,17,2,2,0
107,124,3,4,5,4,3,3,17,2,2,0
107,124,3,4,5,4,3,3,17,2,2,0
107,125,3,4,5,4,5,3,17,2,2,0
107,125,3,4,5,4,5,3,17,2,2,0
107,125,3,4,5,4,5,3,17,2,2,0
107,128,3,4,2,4,3,2,17,2,3,0
107,128,3,4,2,4,3,2,17,2,3,0
107,128,3,4,2,4,3,2,17,2,3,0
108,16,2,3,2,5,4,2,14,2,1,0
108,33,2,3,3,5,3,2,14,2,1,0
108,33,2,3,3,5,3,2,14,2,1,0
108,33,2,3,3,5,3,2,14,2,1,0
108,34,2,3,3,5,5,2,14,2,1,0
108,35,2,3,3,5,4,3,14,2,1,0
108,36,2,3,3,5,5,4,14,2,1,0
108,68,2,3,2,5,2,2,14,2,2,0
108,68,2,3,2,5,2,2,14,2,2,0
108,68,2,3,2,5,2,2,14,2,2,0
108,69,2,3,2,5,4,2,14,2,2,0
108,69,2,3,2,5,4,2,14,2,2,0
108,69,2,3,2,5,4,2,14,2,2,0
108,74,2,3,4,5,2,2,14,2,2,0
108,74,2,3,4,5,2,2,14,2,2,0
108,74,2,3,4,5,2,2,14,2,2,0
108,75,2,3,4,5,4,2,14,2,2,0
108,75,2,3,4,5,4,2,14,2,2,0
108,75,2,3,4,5,4,2,14,2,2,0
108,93,2,3,3,5,3,2,14,2,2,0
108,93,2,3,3,5,3,2,14,2,2,0
108,93,2,3,3,5,3,2,14,2,2,0
108,94,2,3,3,5,5,2,14,2,2,0
108,94,2,3,3,5,5,2,14,2,2,0
108,94,2,3,3,5,5,2,14,2,2,0
108,95,2,3,3,5,4,3,14,2,2,0
108,95,2,3,3,5,4,3,14,2,2,0
108,95,2,3,3,5,4,3,14,2,2,0
108,108,2,3,5,5,3,2,14,2,2,0
108,108,2,3,5,5,3,2,14,2,2,0
108,108,2,3,5,5,3,2,14,2,2,0
108,109,2,3,5,5,5,2,14,2,2,0
108,109,2,3,5,5,5,2,14,2,2,0
108,109,2,3,5,5,5,2,14,2,2,0
108,110,2,3,5,5,4,3,14,2,2,0
108,110,2,3,5,5,4,3,14,2,2,0
108,110,2,3,5,5,4,3,14,2,2,0
108,130,2,3,3,5,3,2,14,2,3,0
108,130,2,3,3,5,3,2,14,2,3,0
108,130,2,3,3,5,3,2,14,2,3,0
109,16,2,5,2,5,4,2,14,2,1,0
109,33,2,5,3,5,3,2,14,2,1,0
109,33,2,5,3,5,3,2,14,2,1,0
109,33,2,5,3,5,3,2,14,2,1,0
109,34,2,5,3,5,5,2,14,2,1,0
109,35,2,5,3,5,4,3,14,2,1,0
109,36,2,5,3,5,5,4,14,2,1,0
109,68,2,5,2,5,2,2,14,2,2,0
109,68,2,5,2,5,2,2,14,2,2,0
109,68,2,5,2,5,2,2,14,2,2,0
109,69,2,5,2,5,4,2,14,2,2,0
109,69,2,5,2,5,4,2,14,2,2,0
109,69,2,5,2,5,4,2,14,2,2,0
109,74,2,5,4,5,2,2,14,2,2,0
109,74,2,5,4,5,2,2,14,2,2,0
109,74,2,5,4,5,2,2,14,2,2,0
109,75,2,5,4,5,4,2,14,2,2,0
109,75,2,5,4,5,4,2,14,2,2,0
109,75,2,5,4,5,4,2,14,2,2,0
109,93,2,5,3,5,3,2,14,2,2,0
109,93,2,5,3,5,3,2,14,2,2,0
109,93,2,5,3,5,3,2,14,2,2,0
109,94,2,5,3,5,5,2,14,2,2,0
109,94,2,5,3,5,5,2,14,2,2,0
109,94,2,5,3,5,5,2,14,2,2,0
109,95,2,5,3,5,4,3,14,2,2,0
109,95,2,5,3,5,4,3,14,2,2,0
109,95,2,5,3,5,4,3,14,2,2,0
109,108,2,5,5,5,3,2,14,2,2,0
109,108,2,5,5,5,3,2,14,2,2,0
109,108,2,5,5,5,3,2,14,2,2,0
109,109,2,5,5,5,5,2,14,2,2,0
109,109,2,5,5,5,5,2,14,2,2,0
109,109,2,5,5,5,5,2,14,2,2,0
109,110,2,5,5,5,4,3,14,2,2,0
109,110,2,5,5,5,4,3,14,2,2,0
109,110,2,5,5,5,4,3,14,2,2,0
109,130,2,5,3,5,3,2,14,2,3,0
109,130,2,5,3,5,3,2,14,2,3,0
109,130,2,5,3,5,3,2,14,2,3,0
110,16,3,4,2,5,4,2,14,2,1,0
110,33,3,4,3,5,3,2,14,2,1,0
110,33,3,4,3,5,3,2,14,2,1,0
110,33,3,4,3,5,3,2,14,2,1,0
110,34,3,4,3,5,5,2,14,2,1,0
110,35,3,4,3,5,4,3,14,2,1,0
110,36,3,4,3,5,5,4,14,2,1,0
110,68,3,4,2,5,2,2,14,2,2,0
110,68,3,4,2,5,2,2,14,2,2,0
110,68,3,4,2,5,2,2,14,2,2,0
110,69,3,4,2,5,4,2,14,2,2,0
110,69,3,4,2,5,4,2,14,2,2,0
110,69,3,4,2,5,4,2,14,2,2,0
110,74,3,4,4,5,2,2,14,2,2,0
110,74,3,4,4,5,2,2,14,2,2,0
110,74,3,4,4,5,2,2,14,2,2,0
110,75,3,4,4,5,4,2,14,2,2,0
110,75,3,4,4,5,4,2,14,2,2,0
110,75,3,4,4,5,4,2,14,2,2,0
110,93,3,4,3,5,3,2,14,2,2,0
110,93,3,4,3,5,3,2,14,2,2,0
110,93,3,4,3,5,3,2,14,2,2,0
110,94,3,4,3,5,5,2,14,2,2,0
110,94,3,4,3,5,5,2,14,2,2,0
110,94,3,4,3,5,5,2,14,2,2,0
110,95,3,4,3,5,4,3,14,2,2,0
110,95,3,4,3,5,4,3,14,2,2,0
110,95,3,4,3,5,4,3,14,2,2,0
110,108,3,4,5,5,3,2,14,2,2,0
110,108,3,4,5,5,3,2,14,2,2,0
110,108,3,4,5,5,3,2,14,2,2,0
110,109,3,4,5,5,5,2,14,2,2,0
110,109,3,4,5,5,5,2,14,2,2,0
110,109,3,4,5,5,5,2,14,2,2,0
110,110,3,4,5,5,4,3,14,2,2,0
110,110,3,4,5,5,4,3,14,2,2,0
110,110,3,4,5,5,4,3,14,2,2,0
110,130,3,4,3,5,3,2,14,2,3,0
110,130,3,4,3,5,3,2,14,2,3,0
110,130,3,4,3,5,3,2,14,2,3,0
111,0,2,3,2,5,2,2,16,2,0,0
111,6,2,3,3,5,3,2,16,2,0,0
111,17,2,3,2,5,4,2,16,2,1,0
111,19,2,3,4,5,4,2,16,2,1,0
111,37,2,3,3,5,3,2,16,2,1,0
111,37,2,3,3,5,3,2,16,2,1,0
111,37,2,3,3,5,3,2,16,2,1,0
111,38,2,3,3,5,5,2,16,2,1,0
111,39,2,3,3,5,4,3,16,2,1,0
111,40,2,3,3,5,5,4,16,2,1,0
111,53,2,3,5,5,3,2,16,2,1,0
111,53,2,3,5,5,3,2,16,2,1,0
111,53,2,3,5,5,3,2,16,2,1,0
111,54,2,3,5,5,5,2,16,2,1,0
111,55,2,3,5,5,4,3,16,2,1,0
111,56,2,3,5,5,5,4,16,2,1,0
111,70,2,3,2,5,2,2,16,2,2,0
111,70,2,3,2,5,2,2,16,2,2,0
111,70,2,3,2,5,2,2,16,2,2,0
111,71,2,3,2,5,4,2,16,2,2,0
111,71,2,3,2,5,4,2,16,2,2,0
111,71,2,3,2,5,4,2,16,2,2,0
111,76,2,3,4,5,2,2,16,2,2,0
111,76,2,3,4,5,2,2,16,2,2,0
111,76,2,3,4,5,2,2,16,2,2,0
111,77,2,3,4,5,4,2,16,2,2,0
111,77,2,3,4,5,4,2,16,2,2,0
111,77,2,3,4,5,4,2,16,2,2,0
111,96,2,3,3,5,3,2,16,2,2,0
111,96,2,3,3,5,3,2,16,2,2,0
111,96,2,3,3,5,3,2,16,2,2,0
111,97,2,3,3,5,5,2,16,2,2,0
111,97,2,3,3,5,5,2,16,2,2,0
111,97,2,3,3,5,5,2,16,2,2,0
111,98,2,3,3,5,4,3,16,2,2,0
111,98,2,3,3,5,4,3,16,2,2,0
111,98,2,3,3,5,4,3,16,2,2,0
111,111,2,3,5,5,3,2,16,2,2,0
111,111,2,3,5,5,3,2,16,2,2,0
111,111,2,3,5,5,3,2,16,2,2,0
111,112,2,3,5,5,5,2,16,2,2,0
111,112,2,3,5,5,5,2,16,2,2,0
111,112,2,3,5,5,5,2,16,2,2,0
111,113,2,3,5,5,4,3,16,2,2,0
111,113,2,3,5,5,4,3,16,2,2,0
111,113,2,3,5,5,4,3,16,2,2,0
111,131,2,3,3,5,3,2,16,2,3,0
111,131,2,3,3,5,3,2,16,2,3,0
111,131,2,3,3,5,3,2,16,2,3,0
112,0,2,5,2,5,2,2,16,2,0,0
112,6,2,5,3,5,3,2,16,2,0,0
112,17,2,5,2,5,4,2,16,2,1,0
112,19,2,5,4,5,4,2,16,2,1,0
112,37,2,5,3,5,3,2,16,2,1,0
112,37,2,5,3,5,3,2,16,2,1,0
112,37,2,5,3,5,3,2,16,2,1,0
112,38,2,5,3,5,5,2,16,2,1,0
112,39,2,5,3,5,4,3,16,2,1,0
112,40,2,5,3,5,5,4,16,2,1,0
112,53,2,5,5,5,3,2,16,2,1,0
112,53,2,5,5,5,3,2,16,2,1,0
112,53,2,5,5,5,3,2,16,2,1,0
112,54,2,5,5,5,5,2,16,2,1,0
112,55,2,5,5,5,4,3,16,2,1,0
112,56,2,5,5,5,5,4,16,2,1,0
112,70,2,5,2,5,2,2,16,2,2,0
112,70,2,5,2,5,2,2,16,2,2,0
112,70,2,5,2,5,2,2,16,2,2,0
112,71,2,5,2,5,4,2,16,2,2,0
112,71,2,5,2,5,4,2,16,2,2,0
112,71,2,5,2,5,4,2,16,2,2,0
112,76,2,5,4,5,2,2,16,2,2,0
112,76,2,5,4,5,2,2,16,2,2,0
112,76,2,5,4,5,2,2,16,2,2,0
112,77,2,5,4,5,4,2,16,2,2,0
112,77,2,5,4,5,4,2,16,2,2,0
112,77,2,5,4,5,4,2,16,2,2,0
112,96,2,5,3,5,3,2,16,2,2,0
112,96,2,5,3,5,3,2,16,2,2,0
112,96,2,5,3,5,3,2,16,2,2,0
112,97,2,5,3,5,5,2,16,2,2,0
112,97,2,5,3,5,5,2,16,2,2,0
112,97,2,5,3,5,5,2,16,2,2,0
112,98,2,5,3,5,4,3,16,2,2,0
112,98,2,5,3,5,4,3,16,2,2,0
112,98,2,5,3,5,4,3,16,2,2,0
112,111,2,5,5,5,3,2,16,2,2,0
112,111,2,5,5,5,3,2,16,2,2,0
112,111,2,5,5,5,3,2,16,2,2,0
112,112,2,5,5,5,5,2,16,2,2,0
112,112,2,5,5,5,5,2,16,2,2,0
112,112,2,5,5,5,5,2,16,2,2,0
112,113,2,5,5,5,4,3,16,2,2,0
112,113,2,5,5,5,4,3,16,2,2,0
112,113,2,5,5,5,4,3,16,2,2,0
112,131,2,5,3,5,3,2,16,2,3,0
112,131,2,5,3,5,3,2,16,2,3,0
112,131,2,5,3,5,3,2,16,2,3,0
113,0,3,4,2,5,2,2,16,2,0,0
113,6,3,4,3,5,3,2,16,2,0,0
113,17,3,4,2,5,4,2,16,2,1,0
113,19,3,4,4,5,4,2,16,2,1,0
113,37,3,4,3,5,3,2,16,2,1,0
113,37,3,4,3,5,3,2,16,2,1,0
113,37,3,4,3,5,3,2,16,2,1,0
113,38,3,4,3,5,5,2,16,2,1,0
113,39,3,4,3,5,4,3,16,2,1,0
113,40,3,4,3,5,5,4,16,2,1,0
113,53,3,4,5,5,3,2,16,2,1,0
113,53,3,4,5,5,3,2,16,2,1,0
113,53,3,4,5,5,3,2,16,2,1,0
113,54,3,4,5,5,5,2,16,2,1,0
113,55,3,4,5,5,4,3,16,2,1,0
113,56,3,4,5,5,5,4,16,2,1,0
113,70,3,4,2,5,2,2,16,2,2,0
113,70,3,4,2,5,2,2,16,2,2,0
113,70,3,4,2,5,2,2,16,2,2,0
113,71,3,4,2,5,4,2,16,2,2,0
113,71,3,4,2,5,4,2,16,2,2,0
113,71,3,4,2,5,4,2,16,2,2,0
113,76,3,4,4,5,2,2,16,2,2,0
113,76,3,4,4,5,2,2,16,2,2,0
113,76,3,4,4,5,2,2,16,2,2,0
113,77,3,4,4,5,4,2,16,2,2,0
113,77,3,4,4,5,4,2,16,2,2,0
113,77,3,4,4,5,4,2,16,2,2,0
113,96,3,4,3,5,3,2,16,2,2,0
113,96,3,4,3,5,3,2,16,2,2,0
113,96,3,4,3,5,3,2,16,2,2,0
113,97,3,4,3,5,5,2,16,2,2,0
113,97,3,4,3,5,5,2,16,2,2,0
113,97,3,4,3,5,5,2,16,2,2,0
113,98,3,4,3,5,4,3,16,2,2,0
113,98,3,4,3,5,4,3,16,2,2,0
113,98,3,4,3,5,4,3,16,2,2,0
113,111,3,4,5,5,3,2,16,2,2,0
113,111,3,4,5,5,3,2,16,2,2,0
113,111,3,4,5,5,3,2,16,2,2,0
113,112,3,4,5,5,5,2,16,2,2,0
113,112,3,4,5,5,5,2,16,2,2,0
113,112,3,4,5,5,5,2,16,2,2,0
113,113,3,4,5,5,4,3,16,2,2,0
113,113,3,4,5,5,4,3,16,2,2,0
113,113,3,4,5,5,4,3,16,2,2,0
113,131,3,4,3,5,3,2,16,2,3,0
113,131,3,4,3,5,3,2,16,2,3,0
113,131,3,4,3,5,3,2,16,2,3,0
114,78,3,3,2,3,3,2,13,2,2,0
114,78,3,3,2,3,3,2,13,2,2,0
114,78,3,3,2,3,3,2,13,2,2,0
114,78,3,3,2,3,3,2,13,2,2,0
114,78,3,3,2,3,3,2,13,2,2,0
114,78,3,3,2,3,3,2,13,2,2,0
114,78,3,3,2,3,3,2,13,2,2,0
114,79,3,3,2,3,5,2,13,2,2,0
114,79,3,3,2,3,5,2,13,2,2,0
114,79,3,3,2,3,5,2,13,2,2,0
114,80,3,3,2,3,4,3,13,2,2,0
114,80,3,3,2,3,4,3,13,2,2,0
114,80,3,3,2,3,4,3,13,2,2,0
114,114,3,3,3,3,3,3,13,2,2,-596.45954592586963
114,114,3,3,3,3,3,3,13,2,2,-596.45954592586963
114,114,3,3,3,3,3,3,13,2,2,-596.45954592586963
114,114,3,3,3,3,3,3,13,2,2,-596.45954592586963
114,114,3,3,3,3,3,3,13,2,2,-596.45954592586963
114,114,3,3,3,3,3,3,13,2,2,-596.45954592586963
114,114,3,3,3,3,3,3,13,2,2,-596.45954592586963
114,115,3,3,3,3,5,3,13,2,2,0
114,115,3,3,3,3,5,3,13,2,2,0
114,115,3,3,3,3,5,3,13,2,2,0
114,126,3,3,2,3,3,2,13,2,3,0
114,126,3,3,2,3,3,2,13,2,3,0
114,126,3,3,2,3,3,2,13,2,3,0
114,126,3,3,2,3,3,2,13,2,3,0
114,126,3,3,2,3,3,2,13,2,3,0
115,78,3,5,2,3,3,2,13,2,2,0
115,78,3,5,2,3,3,2,13,2,2,0
115,78,3,5,2,3,3,2,13,2,2,0
115,78,3,5,2,3,3,2,13,2,2,0
115,78,3,5,2,3,3,2,13,2,2,0
115,78,3,5,2,3,3,2,13,2,2,0
115,78,3,5,2,3,3,2,13,2,2,0
115,79,3,5,2,3,5,2,13,2,2,0
115,79,3,5,2,3,5,2,13,2,2,0
115,79,3,5,2,3,5,2,13,2,2,0
115,80,3,5,2,3,4,3,13,2,2,0
115,80,3,5,2,3,4,3,13,2,2,0
115,80,3,5,2,3,4,3,13,2,2,0
115,114,3,5,3,3,3,3,13,2,2,0
115,114,3,5,3,3,3,3,13,2,2,0
115,114,3,5,3,3,3,3,13,2,2,0
115,114,3,5,3,3,3,3,13,2,2,0
115,114,3,5,3,3,3,3,13,2,2,0
115,114,3,5,3,3,3,3,13,2,2,0
115,114,3,5,3,3,3,3,13,2,2,0
115,115,3,5,3,3,5,3,13,2,2,-4.8531283977245003
115,115,3,5,3,3,5,3,13,2,2,-4.8531283977245003
115,115,3,5,3,3,5,3,13,2,2,-4.8531283977245003
115,126,3,5,2,3,3,2,13,2,3,0
115,126,3,5,2,3,3,2,13,2,3,0
115,126,3,5,2,3,3,2,13,2,3,0
115,126,3,5,2,3,3,2,13,2,3,0
115,126,3,5,2,3,3,2,13,2,3,0
116,21,3,3,2,3,3,2,15,2,1,0
116,21,3,3,2,3,3,2,15,2,1,0
116,21,3,3,2,3,3,2,15,2,1,0
116,21,3,3,2,3,3,2,15,2,1,0
116,21,3,3,2,3,3,2,15,2,1,0
116,22,3,3,2,3,5,2,15,2,1,0
116,22,3,3,2,3,5,2,15,2,1,0
116,22,3,3,2,3,5,2,15,2,1,0
116,23,3,3,2,3,4,3,15,2,1,0
116,23,3,3,2,3,4,3,15,2,1,0
116,23,3,3,2,3,4,3,15,2,1,0
116,24,3,3,2,3,5,4,15,2,1,0
116,24,3,3,2,3,5,4,15,2,1,0
116,24,3,3,2,3,5,4,15,2,1,0
116,61,3,3,3,3,5,3,15,2,1,0
116,61,3,3,3,3,5,3,15,2,1,0
116,61,3,3,3,3,5,3,15,2,1,0
116,81,3,3,2,3,3,2,15,2,2,0
116,81,3,3,2,3,3,2,15,2,2,0
116,81,3,3,2,3,3,2,15,2,2,0
116,81,3,3,2,3,3,2,15,2,2,0
116,81,3,3,2,3,3,2,15,2,2,0
116,81,3,3,2,3,3,2,15,2,2,0
116,81,3,3,2,3,3,2,15,2,2,0
116,82,3,3,2,3,5,2,15,2,2,0
116,82,3,3,2,3,5,2,15,2,2,0
116,82,3,3,2,3,5,2,15,2,2,0
116,83,3,3,2,3,4,3,15,2,2,0
116,83,3,3,2,3,4,3,15,2,2,0
116,83,3,3,2,3,4,3,15,2,2,0
116,102,3,3,4,3,3,2,15,2,2,0
116,102,3,3,4,3,3,2,15,2,2,0
116,102,3,3,4,3,3,2,15,2,2,0
116,102,3,3,4,3,3,2,15,2,2,0
116,102,3,3,4,3,3,2,15,2,2,0
116,102,3,3,4,3,3,2,15,2,2,0
116,102,3,3,4,3,3,2,15,2,2,0
116,103,3,3,4,3,5,2,15,2,2,0
116,103,3,3,4,3,5,2,15,2,2,0
116,103,3,3,4,3,5,2,15,2,2,0
116,104,3,3,4,3,4,3,15,2,2,0
116,104,3,3,4,3,4,3,15,2,2,0
116,104,3,3,4,3,4,3,15,2,2,0
116,116,3,3,3,3,3,3,15,2,2,-596.45954592586963
116,116,3,3,3,3,3,3,15,2,2,-596.45954592586963
116,116,3,3,3,3,3,3,15,2,2,-596.45954592586963
116,116,3,3,3,3,3,3,15,2,2,-596.45954592586963
116,116,3,3,3,3,3,3,15,2,2,-596.45954592586963
116,116,3,3,3,3,3,3,15,2,2,-596.45954592586963
116,116,3,3,3,3,3,3,15,2,2,-596.45954592586963
116,117,3,3,3,3,5,3,15,2,2,0
116,117,3,3,3,3,5,3,15,2,2,0
116,117,3,3,3,3,5,3,15,2,2,0
116,122,3,3,5,3,3,3,15,2,2,0
116,122,3,3,5,3,3,3,15,2,2,0
116,122,3,3,5,3,3,3,15,2,2,0
116,122,3,3,5,3,3,3,15,2,2,0
116,122,3,3,5,3,3,3,15,2,2,0
116,122,3,3,5,3,3,3,15,2,2,0
116,122,3,3,5,3,3,3,15,2,2,0
116,123,3,3,5,3,5,3,15,2,2,0
116,123,3,3,5,3,5,3,15,2,2,0
116,123,3,3,5,3,5,3,15,2,2,0
116,127,3,3,2,3,3,2,15,2,3,0
116,127,3,3,2,3,3,2,15,2,3,0
116,127,3,3,2,3,3,2,15,2,3,0
116,127,3,3,2,3,3,2,15,2,3,0
116,127,3,3,2,3,3,2,15,2,3,0
117,21,3,5,2,3,3,2,15,2,1,0
117,21,3,5,2,3,3,2,15,2,1,0
117,21,3,5,2,3,3,2,15,2,1,0
117,21,3,5,2,3,3,2,15,2,1,0
117,21,3,5,2,3,3,2,15,2,1,0
117,22,3,5,2,3,5,2,15,2,1,0
117,22,3,5,2,3,5,2,15,2,1,0
117,22,3,5,2,3,5,2,15,2,1,0
117,23,3,5,2,3,4,3,15,2,1,0
117,23,3,5,2,3,4,3,15,2,1,0
117,23,3,5,2,3,4,3,15,2,1,0
117,24,3,5,2,3,5,4,15,2,1,0
117,24,3,5,2,3,5,4,15,2,1,0
117,24,3,5,2,3,5,4,15,2,1,0
117,61,3,5,3,3,5,3,15,2,1,2.4864883876181674
117,61,3,5,3,3,5,3,15,2,1,2.4864883876181674
117,61,3,5,3,3,5,3,15,2,1,2.4864883876181674
117,81,3,5,2,3,3,2,15,2,2,0
117,81,3,5,2,3,3,2,15,2,2,0
117,81,3,5,2,3,3,2,15,2,2,0
117,81,3,5,2,3,3,2,15,2,2,0
117,81,3,5,2,3,3,2,15,2,2,0
117,81,3,5,2,3,3,2,15,2,2,0
117,81,3,5,2,3,3,2,15,2,2,0
117,82,3,5,2,3,5,2,15,2,2,0
117,82,3,5,2,3,5,2,15,2,2,0
117,82,3,5,2,3,5,2,15,2,2,0
117,83,3,5,2,3,4,3,15,2,2,0
117,83,3,5,2,3,4,3,15,2,2,0
117,83,3,5,2,3,4,3,15,2,2,0
117,102,3,5,4,3,3,2,15,2,2,0
117,102,3,5,4,3,3,2,15,2,2,0
117,102,3,5,4,3,3,2,15,2,2,0
117,102,3,5,4,3,3,2,15,2,2,0
117,102,3,5,4,3,3,2,15,2,2,0
117,102,3,5,4,3,3,2,15,2,2,0
117,102,3,5,4,3,3,2,15,2,2,0
117,103,3,5,4,3,5,2,15,2,2,0
117,103,3,5,4,3,5,2,15,2,2,0
117,103,3,5,4,3,5,2,15,2,2,0
117,104,3,5,4,3,4,3,15,2,2,0
117,104,3,5,4,3,4,3,15,2,2,0
117,104,3,5,4,3,4,3,15,2,2,0
117,116,3,5,3,3,3,3,15,2,2,0
117,116,3,5,3,3,3,3,15,2,2,0
117,116,3,5,3,3,3,3,15,2,2,0
117,116,3,5,3,3,3,3,15,2,2,0
117,116,3,5,3,3,3,3,15,2,2,0
117,116,3,5,3,3,3,3,15,2,2,0
117,116,3,5,3,3,3,3,15,2,2,0
117,117,3,5,3,3,5,3,15,2,2,3.6398462982933757
117,117,3,5,3,3,5,3,15,2,2,3.6398462982933757
117,117,3,5,3,3,5,3,15,2,2,3.6398462982933757
117,122,3,5,5,3,3,3,15,2,2,-42.320215632866514
117,122,3,5,5,3,3,3,15,2,2,-42.320215632866514
117,122,3,5,5,3,3,3,15,2,2,-42.320215632866514
117,122,3,5,5,3,3,3,15,2,2,-42.320215632866514
117,122,3,5,5,3,3,3,15,2,2,-42.320215632866514
117,122,3,5,5,3,3,3,15,2,2,-42.320215632866514
117,122,3,5,5,3,3,3,15,2,2,-42.320215632866514
117,123,3,5,5,3,5,3,15,2,2,0
117,123,3,5,5,3,5,3,15,2,2,0
117,123,3,5,5,3,5,3,15,2,2,0
117,127,3,5,2,3,3,2,15,2,3,0
117,127,3,5,2,3,3,2,15,2,3,0
117,127,3,5,2,3,3,2,15,2,3,0
117,127,3,5,2,3,3,2,15,2,3,0
117,127,3,5,2,3,3,2,15,2,3,0
118,4,3,3,2,3,3,2,17,2,0,0
118,12,3,3,3,3,3,3,17,2,0,298.2297729629347
118,25,3,3,2,3,3,2,17,2,1,0
118,25,3,3,2,3,3,2,17,2,1,0
118,25,3,3,2,3,3,2,17,2,1,0
118,25,3,3,2,3,3,2,17,2,1,0
118,25,3,3,2,3,3,2,17,2,1,0
118,26,3,3,2,3,5,2,17,2,1,0
118,26,3,3,2,3,5,2,17,2,1,0
118,26,3,3,2,3,5,2,17,2,1,0
118,27,3,3,2,3,4,3,17,2,1,0
118,27,3,3,2,3,4,3,17,2,1,0
118,27,3,3,2,3,4,3,17,2,1,0
118,28,3,3,2,3,5,4,17,2,1,0
118,28,3,3,2,3,5,4,17,2,1,0
118,28,3,3,2,3,5,4,17,2,1,0
118,45,3,3,4,3,3,2,17,2,1,0
118,45,3,3,4,3,3,2,17,2,1,0
118,45,3,3,4,3,3,2,17,2,1,0
118,45,3,3,4,3,3,2,17,2,1,0
118,45,3,3,4,3,3,2,17,2,1,0
118,46,3,3,4,3,5,2,17,2,1,0
118,46,3,3,4,3,5,2,17,2,1,0
118,46,3,3,4,3,5,2,17,2,1,0
118,47,3,3,4,3,4,3,17,2,1,0
118,47,3,3,4,3,4,3,17,2,1,0
118,47,3,3,4,3,4,3,17,2,1,0
118,48,3,3,4,3,5,4,17,2,1,0
118,48,3,3,4,3,5,4,17,2,1,0
118,48,3,3,4,3,5,4,17,2,1,0
118,62,3,3,3,3,5,3,17,2,1,0
118,62,3,3,3,3,5,3,17,2,1,0
118,62,3,3,3,3,5,3,17,2,1,0
118,64,3,3,5,3,5,3,17,2,1,0
118,64,3,3,5,3,5,3,17,2,1,0
118,64,3,3,5,3,5,3,17,2,1,0
118,84,3,3,2,3,3,2,17,2,2,0
118,84,3,3,2,3,3,2,17,2,2,0
118,84,3,3,2,3,3,2,17,2,2,0
118,84,3,3,2,3,3,2,17,2,2,0
118,84,3,3,2,3,3,2,17,2,2,0
118,84,3,3,2,3,3,2,17,2,2,0
118,84,3,3,2,3,3,2,17,2,2,0
118,85,3,3,2,3,5,2,17,2,2,0
118,85,3,3,2,3,5,2,17,2,2,0
118,85,3,3,2,3,5,2,17,2,2,0
118,86,3,3,2,3,4,3,17,2,2,0
118,86,3,3,2,3,4,3,17,2,2,0
118,86,3,3,2,3,4,3,17,2,2,0
118,105,3,3,4,3,3,2,17,2,2,0
118,105,3,3,4,3,3,2,17,2,2,0
118,105,3,3,4,3,3,2,17,2,2,0
118,105,3,3,4,3,3,2,17,2,2,0
118,105,3,3,4,3,3,2,17,2,2,0
118,105,3,3,4,3,3,2,17,2,2,0
118,105,3,3,4,3,3,2,17,2,2,0
118,106,3,3,4,3,5,2,17,2,2,0
118,106,3,3,4,3,5,2,17,2,2,0
118,106,3,3,4,3,5,2,17,2,2,0
118,107,3,3,4,3,4,3,17,2,2,0
118,107,3,3,4,3,4,3,17,2,2,0
118,107,3,3,4,3,4,3,17,2,2,0
118,118,3,3,3,3,3,3,17,2,2,894.68931888880434
118,118,3,3,3,3,3,3,17,2,2,894.68931888880434
118,118,3,3,3,3,3,3,17,2,2,894.68931888880434
118,118,3,3,3,3,3,3,17,2,2,894.68931888880434
118,118,3,3,3,3,3,3,17,2,2,894.68931888880434
118,118,3,3,3,3,3,3,17,2,2,894.68931888880434
118,118,3,3,3,3,3,3,17,2,2,894.68931888880434
118,119,3,3,3,3,5,3,17,2,2,0
118,119,3,3,3,3,5,3,17,2,2,0
118,119,3,3,3,3,5,3,17,2,2,0
118,124,3,3,5,3,3,3,17,2,2,0
118,124,3,3,5,3,3,3,17,2,2,0
118,124,3,3,5,3,3,3,17,2,2,0
118,124,3,3,5,3,3,3,17,2,2,0
118,124,3,3,5,3,3,3,17,2,2,0
118,124,3,3,5,3,3,3,17,2,2,0
118,124,3,3,5,3,3,3,17,2,2,0
118,125,3,3,5,3,5,3,17,2,2,0
118,125,3,3,5,3,5,3,17,2,2,0
118,125,3,3,5,3,5,3,17,2,2,0
118,128,3,3,2,3,3,2,17,2,3,0
118,128,3,3,2,3,3,2,17,2,3,0
118,128,3,3,2,3,3,2,17,2,3,0
118,128,3,3,2,3,3,2,17,2,3,0
118,128,3,3,2,3,3,2,17,2,3,0
119,4,3,5,2,3,3,2,17,2,0,0
119,12,3,5,3,3,3,3,17,2,0,0
119,25,3,5,2,3,3,2,17,2,1,0
119,25,3,5,2,3,3,2,17,2,1,0
119,25,3,5,2,3,3,2,17,2,1,0
119,25,3,5,2,3,3,2,17,2,1,0
119,25,3,5,2,3,3,2,17,2,1,0
119,26,3,5,2,3,5,2,17,2,1,0
119,26,3,5,2,3,5,2,17,2,1,0
119,26,3,5,2,3,5,2,17,2,1,0
119,27,3,5,2,3,4,3,17,2,1,0
119,27,3,5,2,3,4,3,17,2,1,0
119,27,3,5,2,3,4,3,17,2,1,0
119,28,3,5,2,3,5,4,17,2,1,0
119,28,3,5,2,3,5,4,17,2,1,0
119,28,3,5,2,3,5,4,17,2,1,0
119,45,3,5,4,3,3,2,17,2,1,0
119,45,3,5,4,3,3,2,17,2,1,0
119,45,3,5,4,3,3,2,17,2,1,0
119,45,3,5,4,3,3,2,17,2,1,0
119,45,3,5,4,3,3,2,17,2,1,0
119,46,3,5,4,3,5,2,17,2,1,0
119,46,3,5,4,3,5,2,17,2,1,0
119,46,3,5,4,3,5,2,17,2,1,0
119,47,3,5,4,3,4,3,17,2,1,0
119,47,3,5,4,3,4,3,17,2,1,0
119,47,3,5,4,3,4,3,17,2,1,0
119,48,3,5,4,3,5,4,17,2,1,0
119,48,3,5,4,3,5,4,17,2,1,0
119,48,3,5,4,3,5,4,17,2,1,0
119,62,3,5,3,3,5,3,17,2,1,-3.2555775002539846
119,62,3,5,3,3,5,3,17,2,1,-3.2555775002539846
119,62,3,5,3,3,5,3,17,2,1,-3.2555775002539846
119,64,3,5,5,3,5,3,17,2,1,0
119,64,3,5,5,3,5,3,17,2,1,0
119,64,3,5,5,3,5,3,17,2,1,0
119,84,3,5,2,3,3,2,17,2,2,0
119,84,3,5,2,3,3,2,17,2,2,0
119,84,3,5,2,3,3,2,17,2,2,0
119,84,3,5,2,3,3,2,17,2,2,0
119,84,3,5,2,3,3,2,17,2,2,0
119,84,3,5,2,3,3,2,17,2,2,0
119,84,3,5,2,3,3,2,17,2,2,0
119,85,3,5,2,3,5,2,17,2,2,0
119,85,3,5,2,3,5,2,17,2,2,0
119,85,3,5,2,3,5,2,17,2,2,0
119,86,3,5,2,3,4,3,17,2,2,0
119,86,3,5,2,3,4,3,17,2,2,0
119,86,3,5,2,3,4,3,17,2,2,0
119,105,3,5,4,3,3,2,17,2,2,0
119,105,3,5,4,3,3,2,17,2,2,0
119,105,3,5,4,3,3,2,17,2,2,0
119,105,3,5,4,3,3,2,17,2,2,0
119,105,3,5,4,3,3,2,17,2,2,0
119,105,3,5,4,3,3,2,17,2,2,0
119,105,3,5,4,3,3,2,17,2,2,0
119,106,3,5,4,3,5,2,17,2,2,0
119,106,3,5,4,3,5,2,17,2,2,0
119,106,3,5,4,3,5,2,17,2,2,0
119,107,3,5,4,3,4,3,17,2,2,0
119,107,3,5,4,3,4,3,17,2,2,0
119,107,3,5,4,3,4,3,17,2,2,0
119,118,3,5,3,3,3,3,17,2,2,0
119,118,3,5,3,3,3,3,17,2,2,0
119,118,3,5,3,3,3,3,17,2,2,0
119,118,3,5,3,3,3,3,17,2,2,0
119,118,3,5,3,3,3,3,17,2,2,0
119,118,3,5,3,3,3,3,17,2,2,0
119,118,3,5,3,3,3,3,17,2,2,0
119,119,3,5,3,3,5,3,17,2,2,-2.4265641988622502
119,119,3,5,3,3,5,3,17,2,2,-2.4265641988622502
119,119,3,5,3,3,5,3,17,2,2,-2.4265641988622502
119,124,3,5,5,3,3,3,17,2,2,22.621106776083007
119,124,3,5,5,3,3,3,17,2,2,22.621106776083007
119,124,3,5,5,3,3,3,17,2,2,22.621106776083007
119,124,3,5,5,3,3,3,17,2,2,22.621106776083007
119,124,3,5,5,3,3,3,17,2,2,22.621106776083007
119,124,3,5,5,3,3,3,17,2,2,22.621106776083007
119,124,3,5,5,3,3,3,17,2,2,22.621106776083007
119,125,3,5,5,3,5,3,17,2,2,0
119,125,3,5,5,3,5,3,17,2,2,0
119,125,3,5,5,3,5,3,17,2,2,0
119,128,3,5,2,3,3,2,17,2,3,0
119,128,3,5,2,3,3,2,17,2,3,0
119,128,3,5,2,3,3,2,17,2,3,0
119,128,3,5,2,3,3,2,17,2,3,0
119,128,3,5,2,3,3,2,17,2,3,0
120,9,3,3,4,3,5,4,19,2,0,0
120,15,3,3,5,3,5,5,19,2,0,0
120,29,3,3,2,3,3,2,19,2,1,0
120,29,3,3,2,3,3,2,19,2,1,0
120,29,3,3,2,3,3,2,19,2,1,0
120,29,3,3,2,3,3,2,19,2,1,0
120,29,3,3,2,3,3,2,19,2,1,0
120,30,3,3,2,3,5,2,19,2,1,0
120,30,3,3,2,3,5,2,19,2,1,0
120,30,3,3,2,3,5,2,19,2,1,0
120,31,3,3,2,3,4,3,19,2,1,0
120,31,3,3,2,3,4,3,19,2,1,0
120,31,3,3,2,3,4,3,19,2,1,0
120,32,3,3,2,3,5,4,19,2,1,0
120,32,3,3,2,3,5,4,19,2,1,0
120,32,3,3,2,3,5,4,19,2,1,0
120,49,3,3,4,3,3,2,19,2,1,0
120,49,3,3,4,3,3,2,19,2,1,0
120,49,3,3,4,3,3,2,19,2,1,0
120,49,3,3,4,3,3,2,19,2,1,0
120,49,3,3,4,3,3,2,19,2,1,0
120,50,3,3,4,3,5,2,19,2,1,0
120,50,3,3,4,3,5,2,19,2,1,0
120,50,3,3,4,3,5,2,19,2,1,0
120,51,3,3,4,3,4,3,19,2,1,0
120,51,3,3,4,3,4,3,19,2,1,0
120,51,3,3,4,3,4,3,19,2,1,0
120,52,3,3,4,3,5,4,19,2,1,0
120,52,3,3,4,3,5,4,19,2,1,0
120,52,3,3,4,3,5,4,19,2,1,0
120,63,3,3,3,3,5,3,19,2,1,0
120,63,3,3,3,3,5,3,19,2,1,0
120,63,3,3,3,3,5,3,19,2,1,0
120,65,3,3,5,3,5,3,19,2,1,0
120,65,3,3,5,3,5,3,19,2,1,0
120,65,3,3,5,3,5,3,19,2,1,0
120,87,3,3,2,3,3,2,19,2,2,0
120,87,3,3,2,3,3,2,19,2,2,0
120,87,3,3,2,3,3,2,19,2,2,0
120,87,3,3,2,3,3,2,19,2,2,0
120,87,3,3,2,3,3,2,19,2,2,0
120,87,3,3,2,3,3,2,19,2,2,0
120,87,3,3,2,3,3,2,19,2,2,0
120,88,3,3,2,3,5,2,19,2,2,0
120,88,3,3,2,3,5,2,19,2,2,0
120,88,3,3,2,3,5,2,19,2,2,0
120,89,3,3,2,3,4,3,19,2,2,0
120,89,3,3,2,3,4,3,19,2,2,0
120,89,3,3,2,3,4,3,19,2,2,0
120,120,3,3,3,3,3,3,19,2,2,-596.45954592586963
120,120,3,3,3,3,3,3,19,2,2,-596.45954592586963
120,120,3,3,3,3,3,3,19,2,2,-596.45954592586963
120,120,3,3,3,3,3,3,19,2,2,-596.45954592586963
120,120,3,3,3,3,3,3,19,2,2,-596.45954592586963
120,120,3,3,3,3,3,3,19,2,2,-596.45954592586963
120,120,3,3,3,3,3,3,19,2,2,-596.45954592586963
120,121,3,3,3,3,5,3,19,2,2,0
120,121,3,3,3,3,5,3,19,2,2,0
120,121,3,3,3,3,5,3,19,2,2,0
121,9,3,5,4,3,5,4,19,2,0,0
121,15,3,5,5,3,5,5,19,2,0,4.8531284851011289
121,29,3,5,2,3,3,2,19,2,1,0
121,29,3,5,2,3,3,2,19,2,1,0
121,29,3,5,2,3,3,2,19,2,1,0
121,29,3,5,2,3,3,2,19,2,1,0
121,29,3,5,2,3,3,2,19,2,1,0
121,30,3,5,2,3,5,2,19,2,1,0
121,30,3,5,2,3,5,2,19,2,1,0
121,30,3,5,2,3,5,2,19,2,1,0
121,31,3,5,2,3,4,3,19,2,1,0
121,31,3,5,2,3,4,3,19,2,1,0
121,31,3,5,2,3,4,3,19,2,1,0
121,32,3,5,2,3,5,4,19,2,1,0
121,32,3,5,2,3,5,4,19,2,1,0
121,32,3,5,2,3,5,4,19,2,1,0
121,49,3,5,4,3,3,2,19,2,1,0
121,49,3,5,4,3,3,2,19,2,1,0
121,49,3,5,4,3,3,2,19,2,1,0
121,49,3,5,4,3,3,2,19,2,1,0
121,49,3,5,4,3,3,2,19,2,1,0
121,50,3,5,4,3,5,2,19,2,1,0
121,50,3,5,4,3,5,2,19,2,1,0
121,50,3,5,4,3,5,2,19,2,1,0
121,51,3,5,4,3,4,3,19,2,1,0
121,51,3,5,4,3,4,3,19,2,1,0
121,51,3,5,4,3,4,3,19,2,1,0
121,52,3,5,4,3,5,4,19,2,1,0
121,52,3,5,4,3,5,4,19,2,1,0
121,52,3,5,4,3,5,4,19,2,1,0
121,63,3,5,3,3,5,3,19,2,1,3.6398462982933735
121,63,3,5,3,3,5,3,19,2,1,3.6398462982933735
121,63,3,5,3,3,5,3,19,2,1,3.6398462982933735
121,65,3,5,5,3,5,3,19,2,1,0
121,65,3,5,5,3,5,3,19,2,1,0
121,65,3,5,5,3,5,3,19,2,1,0
121,87,3,5,2,3,3,2,19,2,2,0
121,87,3,5,2,3,3,2,19,2,2,0
121,87,3,5,2,3,3,2,19,2,2,0
121,87,3,5,2,3,3,2,19,2,2,0
121,87,3,5,2,3,3,2,19,2,2,0
121,87,3,5,2,3,3,2,19,2,2,0
121,87,3,5,2,3,3,2,19,2,2,0
121,88,3,5,2,3,5,2,19,2,2,0
121,88,3,5,2,3,5,2,19,2,2,0
121,88,3,5,2,3,5,2,19,2,2,0
121,89,3,5,2,3,4,3,19,2,2,0
121,89,3,5,2,3,4,3,19,2,2,0
121,89,3,5,2,3,4,3,19,2,2,0
121,120,3,5,3,3,3,3,19,2,2,0
121,120,3,5,3,3,3,3,19,2,2,0
121,120,3,5,3,3,3,3,19,2,2,0
121,120,3,5,3,3,3,3,19,2,2,0
121,120,3,5,3,3,3,3,19,2,2,0
121,120,3,5,3,3,3,3,19,2,2,0
121,120,3,5,3,3,3,3,19,2,2,0
121,121,3,5,3,3,5,3,19,2,2,1.2132820994311246
121,121,3,5,3,3,5,3,19,2,2,1.2132820994311246
121,121,3,5,3,3,5,3,19,2,2,1.2132820994311246
122,21,3,3,2,5,3,2,15,2,1,0
122,21,3,3,2,5,3,2,15,2,1,0
122,21,3,3,2,5,3,2,15,2,1,0
122,22,3,3,2,5,5,2,15,2,1,0
122,23,3,3,2,5,4,3,15,2,1,0
122,24,3,3,2,5,5,4,15,2,1,0
122,61,3,3,3,5,5,3,15,2,1,-12.390090456993626
122,81,3,3,2,5,3,2,15,2,2,0
122,81,3,3,2,5,3,2,15,2,2,0
122,81,3,3,2,5,3,2,15,2,2,0
122,82,3,3,2,5,5,2,15,2,2,0
122,82,3,3,2,5,5,2,15,2,2,0
122,82,3,3,2,5,5,2,15,2,2,0
122,83,3,3,2,5,4,3,15,2,2,0
122,83,3,3,2,5,4,3,15,2,2,0
122,83,3,3,2,5,4,3,15,2,2,0
122,102,3,3,4,5,3,2,15,2,2,0
122,102,3,3,4,5,3,2,15,2,2,0
122,102,3,3,4,5,3,2,15,2,2,0
122,103,3,3,4,5,5,2,15,2,2,0
122,103,3,3,4,5,5,2,15,2,2,0
122,103,3,3,4,5,5,2,15,2,2,0
122,104,3,3,4,5,4,3,15,2,2,0
122,104,3,3,4,5,4,3,15,2,2,0
122,104,3,3,4,5,4,3,15,2,2,0
122,116,3,3,3,5,3,3,15,2,2,0
122,116,3,3,3,5,3,3,15,2,2,0
122,116,3,3,3,5,3,3,15,2,2,0
122,117,3,3,3,5,5,3,15,2,2,-42.320215632866514
122,117,3,3,3,5,5,3,15,2,2,-42.320215632866514
122,117,3,3,3,5,5,3,15,2,2,-42.320215632866514
122,122,3,3,5,5,3,3,15,2,2,0
122,122,3,3,5,5,3,3,15,2,2,0
122,122,3,3,5,5,3,3,15,2,2,0
122,123,3,3,5,5,5,3,15,2,2,0
122,123,3,3,5,5,5,3,15,2,2,0
122,123,3,3,5,5,5,3,15,2,2,0
122,127,3,3,2,5,3,2,15,2,3,0
122,127,3,3,2,5,3,2,15,2,3,0
122,127,3,3,2,5,3,2,15,2,3,0
123,21,3,5,2,5,3,2,15,2,1,0
123,21,3,5,2,5,3,2,15,2,1,0
123,21,3,5,2,5,3,2,15,2,1,0
123,22,3,5,2,5,5,2,15,2,1,0
123,23,3,5,2,5,4,3,15,2,1,0
123,24,3,5,2,5,5,4,15,2,1,0
123,61,3,5,3,5,5,3,15,2,1,0
123,81,3,5,2,5,3,2,15,2,2,0
123,81,3,5,2,5,3,2,15,2,2,0
123,81,3,5,2,5,3,2,15,2,2,0
123,82,3,5,2,5,5,2,15,2,2,0
123,82,3,5,2,5,5,2,15,2,2,0
123,82,3,5,2,5,5,2,15,2,2,0
123,83,3,5,2,5,4,3,15,2,2,0
123,83,3,5,2,5,4,3,15,2,2,0
123,83,3,5,2,5,4,3,15,2,2,0
123,102,3,5,4,5,3,2,15,2,2,0
123,102,3,5,4,5,3,2,15,2,2,0
123,102,3,5,4,5,3,2,15,2,2,0
123,103,3,5,4,5,5,2,15,2,2,0
123,103,3,5,4,5,5,2,15,2,2,0
123,103,3,5,4,5,5,2,15,2,2,0
123,104,3,5,4,5,4,3,15,2,2,0
123,104,3,5,4,5,4,3,15,2,2,0
123,104,3,5,4,5,4,3,15,2,2,0
123,116,3,5,3,5,3,3,15,2,2,0
123,116,3,5,3,5,3,3,15,2,2,0
123,116,3,5,3,5,3,3,15,2,2,0
123,117,3,5,3,5,5,3,15,2,2,0
123,117,3,5,3,5,5,3,15,2,2,0
123,117,3,5,3,5,5,3,15,2,2,0
123,122,3,5,5,5,3,3,15,2,2,0
123,122,3,5,5,5,3,3,15,2,2,0
123,122,3,5,5,5,3,3,15,2,2,0
123,123,3,5,5,5,5,3,15,2,2,-6.8633601235692083
123,123,3,5,5,5,5,3,15,2,2,-6.8633601235692083
123,123,3,5,5,5,5,3,15,2,2,-6.8633601235692083
123,127,3,5,2,5,3,2,15,2,3,0
123,127,3,5,2,5,3,2,15,2,3,0
123,127,3,5,2,5,3,2,15,2,3,0
124,4,3,3,2,5,3,2,17,2,0,0
124,12,3,3,3,5,3,3,17,2,0,0
124,25,3,3,2,5,3,2,17,2,1,0
124,25,3,3,2,5,3,2,17,2,1,0
124,25,3,3,2,5,3,2,17,2,1,0
124,26,3,3,2,5,5,2,17,2,1,0
124,27,3,3,2,5,4,3,17,2,1,0
124,28,3,3,2,5,5,4,17,2,1,0
124,45,3,3,4,5,3,2,17,2,1,0
124,45,3,3,4,5,3,2,17,2,1,0
124,45,3,3,4,5,3,2,17,2,1,0
124,46,3,3,4,5,5,2,17,2,1,0
124,47,3,3,4,5,4,3,17,2,1,0
124,48,3,3,4,5,5,4,17,2,1,0
124,62,3,3,3,5,5,3,17,2,1,-30.349399486561619
124,64,3,3,5,5,5,3,17,2,1,0
124,84,3,3,2,5,3,2,17,2,2,0
124,84,3,3,2,5,3,2,17,2,2,0
124,84,3,3,2,5,3,2,17,2,2,0
124,85,3,3,2,5,5,2,17,2,2,0
124,85,3,3,2,5,5,2,17,2,2,0
124,85,3,3,2,5,5,2,17,2,2,0
124,86,3,3,2,5,4,3,17,2,2,0
124,86,3,3,2,5,4,3,17,2,2,0
124,86,3,3,2,5,4,3,17,2,2,0
124,105,3,3,4,5,3,2,17,2,2,0
124,105,3,3,4,5,3,2,17,2,2,0
124,105,3,3,4,5,3,2,17,2,2,0
124,106,3,3,4,5,5,2,17,2,2,0
124,106,3,3,4,5,5,2,17,2,2,0
124,106,3,3,4,5,5,2,17,2,2,0
124,107,3,3,4,5,4,3,17,2,2,0
124,107,3,3,4,5,4,3,17,2,2,0
124,107,3,3,4,5,4,3,17,2,2,0
124,118,3,3,3,5,3,3,17,2,2,0
124,118,3,3,3,5,3,3,17,2,2,0
124,118,3,3,3,5,3,3,17,2,2,0
124,119,3,3,3,5,5,3,17,2,2,22.621106776083003
124,119,3,3,3,5,5,3,17,2,2,22.621106776083003
124,119,3,3,3,5,5,3,17,2,2,22.621106776083003
124,124,3,3,5,5,3,3,17,2,2,0
124,124,3,3,5,5,3,3,17,2,2,0
124,124,3,3,5,5,3,3,17,2,2,0
124,125,3,3,5,5,5,3,17,2,2,0
124,125,3,3,5,5,5,3,17,2,2,0
124,125,3,3,5,5,5,3,17,2,2,0
124,128,3,3,2,5,3,2,17,2,3,0
124,128,3,3,2,5,3,2,17,2,3,0
124,128,3,3,2,5,3,2,17,2,3,0
125,4,3,5,2,5,3,2,17,2,0,0
125,12,3,5,3,5,3,3,17,2,0,-3.4316799999999987
125,25,3,5,2,5,3,2,17,2,1,0
125,25,3,5,2,5,3,2,17,2,1,0
125,25,3,5,2,5,3,2,17,2,1,0
125,26,3,5,2,5,5,2,17,2,1,0
125,27,3,5,2,5,4,3,17,2,1,0
125,28,3,5,2,5,5,4,17,2,1,0
125,45,3,5,4,5,3,2,17,2,1,0
125,45,3,5,4,5,3,2,17,2,1,0
125,45,3,5,4,5,3,2,17,2,1,0
125,46,3,5,4,5,5,2,17,2,1,0
125,47,3,5,4,5,4,3,17,2,1,0
125,48,3,5,4,5,5,4,17,2,1,0
125,62,3,5,3,5,5,3,17,2,1,0
125,64,3,5,5,5,5,3,17,2,1,-5.1475200926769062
125,84,3,5,2,5,3,2,17,2,2,0
125,84,3,5,2,5,3,2,17,2,2,0
125,84,3,5,2,5,3,2,17,2,2,0
125,85,3,5,2,5,5,2,17,2,2,0
125,85,3,5,2,5,5,2,17,2,2,0
125,85,3,5,2,5,5,2,17,2,2,0
125,86,3,5,2,5,4,3,17,2,2,0
125,86,3,5,2,5,4,3,17,2,2,0
125,86,3,5,2,5,4,3,17,2,2,0
125,105,3,5,4,5,3,2,17,2,2,0
125,105,3,5,4,5,3,2,17,2,2,0
125,105,3,5,4,5,3,2,17,2,2,0
125,106,3,5,4,5,5,2,17,2,2,0
125,106,3,5,4,5,5,2,17,2,2,0
125,106,3,5,4,5,5,2,17,2,2,0
125,107,3,5,4,5,4,3,17,2,2,0
125,107,3,5,4,5,4,3,17,2,2,0
125,107,3,5,4,5,4,3,17,2,2,0
125,118,3,5,3,5,3,3,17,2,2,0
125,118,3,5,3,5,3,3,17,2,2,0
125,118,3,5,3,5,3,3,17,2,2,0
125,119,3,5,3,5,5,3,17,2,2,0
125,119,3,5,3,5,5,3,17,2,2,0
125,119,3,5,3,5,5,3,17,2,2,0
125,124,3,5,5,5,3,3,17,2,2,0
125,124,3,5,5,5,3,3,17,2,2,0
125,124,3,5,5,5,3,3,17,2,2,0
125,125,3,5,5,5,5,3,17,2,2,1.7158400308923021
125,125,3,5,5,5,5,3,17,2,2,1.7158400308923021
125,125,3,5,5,5,5,3,17,2,2,1.7158400308923021
125,128,3,5,2,5,3,2,17,2,3,0
125,128,3,5,2,5,3,2,17,2,3,0
125,128,3,5,2,5,3,2,17,2,3,0
126,78,2,3,2,2,3,2,13,3,2,0
126,78,2,3,2,2,3,2,13,3,2,0
126,78,2,3,2,2,3,2,13,3,2,0
126,78,2,3,2,2,3,2,13,3,2,0
126,78,2,3,2,2,3,2,13,3,2,0
126,79,2,3,2,2,5,2,13,3,2,0
126,79,2,3,2,2,5,2,13,3,2,0
126,79,2,3,2,2,5,2,13,3,2,0
126,80,2,3,2,2,4,3,13,3,2,0
126,80,2,3,2,2,4,3,13,3,2,0
126,80,2,3,2,2,4,3,13,3,2,0
126,114,2,3,3,2,3,3,13,3,2,0
126,114,2,3,3,2,3,3,13,3,2,0
126,114,2,3,3,2,3,3,13,3,2,0
126,114,2,3,3,2,3,3,13,3,2,0
126,114,2,3,3,2,3,3,13,3,2,0
126,115,2,3,3,2,5,3,13,3,2,0
126,115,2,3,3,2,5,3,13,3,2,0
126,115,2,3,3,2,5,3,13,3,2,0
126,126,2,3,2,2,3,2,13,3,3,0
126,126,2,3,2,2,3,2,13,3,3,0
126,126,2,3,2,2,3,2,13,3,3,0
126,126,2,3,2,2,3,2,13,3,3,0
126,126,2,3,2,2,3,2,13,3,3,0
126,126,2,3,2,2,3,2,13,3,3,0
126,126,2,3,2,2,3,2,13,3,3,0
127,21,2,3,2,2,3,2,15,3,1,0
127,21,2,3,2,2,3,2,15,3,1,0
127,21,2,3,2,2,3,2,15,3,1,0
127,22,2,3,2,2,5,2,15,3,1,0
127,23,2,3,2,2,4,3,15,3,1,0
127,24,2,3,2,2,5,4,15,3,1,0
127,61,2,3,3,2,5,3,15,3,1,0
127,81,2,3,2,2,3,2,15,3,2,0
127,81,2,3,2,2,3,2,15,3,2,0
127,81,2,3,2,2,3,2,15,3,2,0
127,81,2,3,2,2,3,2,15,3,2,0
127,81,2,3,2,2,3,2,15,3,2,0
127,82,2,3,2,2,5,2,15,3,2,0
127,82,2,3,2,2,5,2,15,3,2,0
127,82,2,3,2,2,5,2,15,3,2,0
127,83,2,3,2,2,4,3,15,3,2,0
127,83,2,3,2,2,4,3,15,3,2,0
127,83,2,3,2,2,4,3,15,3,2,0
127,102,2,3,4,2,3,2,15,3,2,0
127,102,2,3,4,2,3,2,15,3,2,0
127,102,2,3,4,2,3,2,15,3,2,0
127,102,2,3,4,2,3,2,15,3,2,0
127,102,2,3,4,2,3,2,15,3,2,0
127,103,2,3,4,2,5,2,15,3,2,0
127,103,2,3,4,2,5,2,15,3,2,0
127,103,2,3,4,2,5,2,15,3,2,0
127,104,2,3,4,2,4,3,15,3,2,0
127,104,2,3,4,2,4,3,15,3,2,0
127,104,2,3,4,2,4,3,15,3,2,0
127,116,2,3,3,2,3,3,15,3,2,0
127,116,2,3,3,2,3,3,15,3,2,0
127,116,2,3,3,2,3,3,15,3,2,0
127,116,2,3,3,2,3,3,15,3,2,0
127,116,2,3,3,2,3,3,15,3,2,0
127,117,2,3,3,2,5,3,15,3,2,0
127,117,2,3,3,2,5,3,15,3,2,0
127,117,2,3,3,2,5,3,15,3,2,0
127,122,2,3,5,2,3,3,15,3,2,0
127,122,2,3,5,2,3,3,15,3,2,0
127,122,2,3,5,2,3,3,15,3,2,0
127,122,2,3,5,2,3,3,15,3,2,0
127,122,2,3,5,2,3,3,15,3,2,0
127,123,2,3,5,2,5,3,15,3,2,0
127,123,2,3,5,2,5,3,15,3,2,0
127,123,2,3,5,2,5,3,15,3,2,0
127,127,2,3,2,2,3,2,15,3,3,0
127,127,2,3,2,2,3,2,15,3,3,0
127,127,2,3,2,2,3,2,15,3,3,0
127,127,2,3,2,2,3,2,15,3,3,0
127,127,2,3,2,2,3,2,15,3,3,0
127,127,2,3,2,2,3,2,15,3,3,0
127,127,2,3,2,2,3,2,15,3,3,0
128,4,2,3,2,2,3,2,17,3,0,0
128,12,2,3,3,2,3,3,17,3,0,0
128,25,2,3,2,2,3,2,17,3,1,0
128,25,2,3,2,2,3,2,17,3,1,0
128,25,2,3,2,2,3,2,17,3,1,0
128,26,2,3,2,2,5,2,17,3,1,0
128,27,2,3,2,2,4,3,17,3,1,0
128,28,2,3,2,2,5,4,17,3,1,0
128,45,2,3,4,2,3,2,17,3,1,0
128,45,2,3,4,2,3,2,17,3,1,0
128,45,2,3,4,2,3,2,17,3,1,0
128,46,2,3,4,2,5,2,17,3,1,0
128,47,2,3,4,2,4,3,17,3,1,0
128,48,2,3,4,2,5,4,17,3,1,0
128,62,2,3,3,2,5,3,17,3,1,0
128,64,2,3,5,2,5,3,17,3,1,0
128,84,2,3,2,2,3,2,17,3,2,0
128,84,2,3,2,2,3,2,17,3,2,0
128,84,2,3,2,2,3,2,17,3,2,0
128,84,2,3,2,2,3,2,17,3,2,0
128,84,2,3,2,2,3,2,17,3,2,0
128,85,2,3,2,2,5,2,17,3,2,0
128,85,2,3,2,2,5,2,17,3,2,0
128,85,2,3,2,2,5,2,17,3,2,0
128,86,2,3,2,2,4,3,17,3,2,0
128,86,2,3,2,2,4,3,17,3,2,0
128,86,2,3,2,2,4,3,17,3,2,0
128,105,2,3,4,2,3,2,17,3,2,0
128,105,2,3,4,2,3,2,17,3,2,0
128,105,2,3,4,2,3,2,17,3,2,0
128,105,2,3,4,2,3,2,17,3,2,0
128,105,2,3,4,2,3,2,17,3,2,0
128,106,2,3,4,2,5,2,17,3,2,0
128,106,2,3,4,2,5,2,17,3,2,0
128,106,2,3,4,2,5,2,17,3,2,0
128,107,2,3,4,2,4,3,17,3,2,0
128,107,2,3,4,2,4,3,17,3,2,0
128,107,2,3,4,2,4,3,17,3,2,0
128,118,2,3,3,2,3,3,17,3,2,0
128,118,2,3,3,2,3,3,17,3,2,0
128,118,2,3,3,2,3,3,17,3,2,0
128,118,2,3,3,2,3,3,17,3,2,0
128,118,2,3,3,2,3,3,17,3,2,0
128,119,2,3,3,2,5,3,17,3,2,0
128,119,2,3,3,2,5,3,17,3,2,0
128,119,2,3,3,2,5,3,17,3,2,0
128,124,2,3,5,2,3,3,17,3,2,0
128,124,2,3,5,2,3,3,17,3,2,0
128,124,2,3,5,2,3,3,17,3,2,0
128,124,2,3,5,2,3,3,17,3,2,0
128,124,2,3,5,2,3,3,17,3,2,0
128,125,2,3,5,2,5,3,17,3,2,0
128,125,2,3,5,2,5,3,17,3,2,0
128,125,2,3,5,2,5,3,17,3,2,0
128,128,2,3,2,2,3,2,17,3,3,0
128,128,2,3,2,2,3,2,17,3,3,0
128,128,2,3,2,2,3,2,17,3,3,0
128,128,2,3,2,2,3,2,17,3,3,0
128,128,2,3,2,2,3,2,17,3,3,0
128,128,2,3,2,2,3,2,17,3,3,0
128,128,2,3,2,2,3,2,17,3,3,0
129,66,2,3,2,3,2,2,12,3,2,0
129,66,2,3,2,3,2,2,12,3,2,0
129,66,2,3,2,3,2,2,12,3,2,0
129,66,2,3,2,3,2,2,12,3,2,0
129,66,2,3,2,3,2,2,12,3,2,0
129,67,2,3,2,3,4,2,12,3,2,0
129,67,2,3,2,3,4,2,12,3,2,0
129,67,2,3,2,3,4,2,12,3,2,0
129,90,2,3,3,3,3,2,12,3,2,0
129,90,2,3,3,3,3,2,12,3,2,0
129,90,2,3,3,3,3,2,12,3,2,0
129,90,2,3,3,3,3,2,12,3,2,0
129,90,2,3,3,3,3,2,12,3,2,0
129,91,2,3,3,3,5,2,12,3,2,0
129,91,2,3,3,3,5,2,12,3,2,0
129,91,2,3,3,3,5,2,12,3,2,0
129,92,2,3,3,3,4,3,12,3,2,0
129,92,2,3,3,3,4,3,12,3,2,0
129,92,2,3,3,3,4,3,12,3,2,0
129,129,2,3,3,3,3,2,12,3,3,0
129,129,2,3,3,3,3,2,12,3,3,0
129,129,2,3,3,3,3,2,12,3,3,0
129,129,2,3,3,3,3,2,12,3,3,0
129,129,2,3,3,3,3,2,12,3,3,0
129,129,2,3,3,3,3,2,12,3,3,0
129,129,2,3,3,3,3,2,12,3,3,0
130,16,2,3,2,3,4,2,14,3,1,0
130,33,2,3,3,3,3,2,14,3,1,0
130,33,2,3,3,3,3,2,14,3,1,0
130,33,2,3,3,3,3,2,14,3,1,0
130,34,2,3,3,3,5,2,14,3,1,0
130,35,2,3,3,3,4,3,14,3,1,0
130,36,2,3,3,3,5,4,14,3,1,0
130,68,2,3,2,3,2,2,14,3,2,0
130,68,2,3,2,3,2,2,14,3,2,0
130,68,2,3,2,3,2,2,14,3,2,0
130,68,2,3,2,3,2,2,14,3,2,0
130,68,2,3,2,3,2,2,14,3,2,0
130,69,2,3,2,3,4,2,14,3,2,0
130,69,2,3,2,3,4,2,14,3,2,0
130,69,2,3,2,3,4,2,14,3,2,0
130,74,2,3,4,3,2,2,14,3,2,0
130,74,2,3,4,3,2,2,14,3,2,0
130,74,2,3,4,3,2,2,14,3,2,0
130,74,2,3,4,3,2,2,14,3,2,0
130,74,2,3,4,3,2,2,14,3,2,0
130,75,2,3,4,3,4,2,14,3,2,0
130,75,2,3,4,3,4,2,14,3,2,0
130,75,2,3,4,3,4,2,14,3,2,0
130,93,2,3,3,3,3,2,14,3,2,0
130,93,2,3,3,3,3,2,14,3,2,0
130,93,2,3,3,3,3,2,14,3,2,0
130,93,2,3,3,3,3,2,14,3,2,0
130,93,2,3,3,3,3,2,14,3,2,0
130,94,2,3,3,3,5,2,14,3,2,0
130,94,2,3,3,3,5,2,14,3,2,0
130,94,2,3,3,3,5,2,14,3,2,0
130,95,2,3,3,3,4,3,14,3,2,0
130,95,2,3,3,3,4,3,14,3,2,0
130,95,2,3,3,3,4,3,14,3,2,0
130,108,2,3,5,3,3,2,14,3,2,0
130,108,2,3,5,3,3,2,14,3,2,0
130,108,2,3,5,3,3,2,14,3,2,0
130,108,2,3,5,3,3,2,14,3,2,0
130,108,2,3,5,3,3,2,14,3,2,0
130,109,2,3,5,3,5,2,14,3,2,0
130,109,2,3,5,3,5,2,14,3,2,0
130,109,2,3,5,3,5,2,14,3,2,0
130,110,2,3,5,3,4,3,14,3,2,0
130,110,2,3,5,3,4,3,14,3,2,0
130,110,2,3,5,3,4,3,14,3,2,0
130,130,2,3,3,3,3,2,14,3,3,0
130,130,2,3,3,3,3,2,14,3,3,0
130,130,2,3,3,3,3,2,14,3,3,0
130,130,2,3,3,3,3,2,14,3,3,0
130,130,2,3,3,3,3,2,14,3,3,0
130,130,2,3,3,3,3,2,14,3,3,0
130,130,2,3,3,3,3,2,14,3,3,0
131,0,2,3,2,3,2,2,16,3,0,0
131,6,2,3,3,3,3,2,16,3,0,0
131,17,2,3,2,3,4,2,16,3,1,0
131,19,2,3,4,3,4,2,16,3,1,0
131,37,2,3,3,3,3,2,16,3,1,0
131,37,2,3,3,3,3,2,16,3,1,0
131,37,2,3,3,3,3,2,16,3,1,0
131,38,2,3,3,3,5,2,16,3,1,0
131,39,2,3,3,3,4,3,16,3,1,0
131,40,2,3,3,3,5,4,16,3,1,0
131,53,2,3,5,3,3,2,16,3,1,0
131,53,2,3,5,3,3,2,16,3,1,0
131,53,2,3,5,3,3,2,16,3,1,0
131,54,2,3,5,3,5,2,16,3,1,0
131,55,2,3,5,3,4,3,16,3,1,0
131,56,2,3,5,3,5,4,16,3,1,0
131,70,2,3,2,3,2,2,16,3,2,0
131,70,2,3,2,3,2,2,16,3,2,0
131,70,2,3,2,3,2,2,16,3,2,0
131,70,2,3,2,3,2,2,16,3,2,0
131,70,2,3,2,3,2,2,16,3,2,0
131,71,2,3,2,3,4,2,16,3,2,0
131,71,2,3,2,3,4,2,16,3,2,0
131,71,2,3,2,3,4,2,16,3,2,0
131,76,2,3,4,3,2,2,16,3,2,0
131,76,2,3,4,3,2,2,16,3,2,0
131,76,2,3,4,3,2,2,16,3,2,0
131,76,2,3,4,3,2,2,16,3,2,0
131,76,2,3,4,3,2,2,16,3,2,0
131,77,2,3,4,3,4,2,16,3,2,0
131,77,2,3,4,3,4,2,16,3,2,0
131,77,2,3,4,3,4,2,16,3,2,0
131,96,2,3,3,3,3,2,16,3,2,0
131,96,2,3,3,3,3,2,16,3,2,0
131,96,2,3,3,3,3,2,16,3,2,0
131,96,2,3,3,3,3,2,16,3,2,0
131,96,2,3,3,3,3,2,16,3,2,0
131,97,2,3,3,3,5,2,16,3,2,0
131,97,2,3,3,3,5,2,16,3,2,0
131,97,2,3,3,3,5,2,16,3,2,0
131,98,2,3,3,3,4,3,16,3,2,0
131,98,2,3,3,3,4,3,16,3,2,0
131,98,2,3,3,3,4,3,16,3,2,0
131,111,2,3,5,3,3,2,16,3,2,0
131,111,2,3,5,3,3,2,16,3,2,0
131,111,2,3,5,3,3,2,16,3,2,0
131,111,2,3,5,3,3,2,16,3,2,0
131,111,2,3,5,3,3,2,16,3,2,0
131,112,2,3,5,3,5,2,16,3,2,0
131,112,2,3,5,3,5,2,16,3,2,0
131,112,2,3,5,3,5,2,16,3,2,0
131,113,2,3,5,3,4,3,16,3,2,0
131,113,2,3,5,3,4,3,16,3,2,0
131,113,2,3,5,3,4,3,16,3,2,0
131,131,2,3,3,3,3,2,16,3,3,0
131,131,2,3,3,3,3,2,16,3,3,0
131,131,2,3,3,3,3,2,16,3,3,0
131,131,2,3,3,3,3,2,16,3,3,0
131,131,2,3,3,3,3,2,16,3,3,0
131,131,2,3,3,3,3,2,16,3,3,0
131,131,2,3,3,3,3,2,16,3,3,0
132,78,2,3,2,4,3,2,13,3,2,0
132,78,2,3,2,4,3,2,13,3,2,0
132,78,2,3,2,4,3,2,13,3,2,0
132,79,2,3,2,4,5,2,13,3,2,0
132,80,2,3,2,4,4,3,13,3,2,0
132,114,2,3,3,4,3,3,13,3,2,0
132,114,2,3,3,4,3,3,13,3,2,0
132,114,2,3,3,4,3,3,13,3,2,0
132,115,2,3,3,4,5,3,13,3,2,0
132,126,2,3,2,4,3,2,13,3,3,0
132,126,2,3,2,4,3,2,13,3,3,0
132,126,2,3,2,4,3,2,13,3,3,0
133,21,2,3,2,4,3,2,15,3,1,0
133,81,2,3,2,4,3,2,15,3,2,0
133,81,2,3,2,4,3,2,15,3,2,0
133,81,2,3,2,4,3,2,15,3,2,0
133,82,2,3,2,4,5,2,15,3,2,0
133,83,2,3,2,4,4,3,15,3,2,0
133,102,2,3,4,4,3,2,15,3,2,0
133,102,2,3,4,4,3,2,15,3,2,0
133,102,2,3,4,4,3,2,15,3,2,0
133,103,2,3,4,4,5,2,15,3,2,0
133,104,2,3,4,4,4,3,15,3,2,0
133,116,2,3,3,4,3,3,15,3,2,0
133,116,2,3,3,4,3,3,15,3,2,0
133,116,2,3,3,4,3,3,15,3,2,0
133,117,2,3,3,4,5,3,15,3,2,0
133,122,2,3,5,4,3,3,15,3,2,0
133,122,2,3,5,4,3,3,15,3,2,0
133,122,2,3,5,4,3,3,15,3,2,0
133,123,2,3,5,4,5,3,15,3,2,0
133,127,2,3,2,4,3,2,15,3,3,0
133,127,2,3,2,4,3,2,15,3,3,0
133,127,2,3,2,4,3,2,15,3,3,0
134,66,2,3,2,5,2,2,12,3,2,0
134,66,2,3,2,5,2,2,12,3,2,0
134,66,2,3,2,5,2,2,12,3,2,0
134,67,2,3,2,5,4,2,12,3,2,0
134,90,2,3,3,5,3,2,12,3,2,0
134,90,2,3,3,5,3,2,12,3,2,0
134,90,2,3,3,5,3,2,12,3,2,0
134,91,2,3,3,5,5,2,12,3,2,0
134,92,2,3,3,5,4,3,12,3,2,0
134,129,2,3,3,5,3,2,12,3,3,0
134,129,2,3,3,5,3,2,12,3,3,0
134,129,2,3,3,5,3,2,12,3,3,0
135,33,2,3,3,5,3,2,14,3,1,0
135,68,2,3,2,5,2,2,14,3,2,0
135,68,2,3,2,5,2,2,14,3,2,0
135,68,2,3,2,5,2,2,14,3,2,0
135,69,2,3,2,5,4,2,14,3,2,0
135,74,2,3,4,5,2,2,14,3,2,0
135,74,2,3,4,5,2,2,14,3,2,0
135,74,2,3,4,5,2,2,14,3,2,0
135,75,2,3,4,5,4,2,14,3,2,0
135,93,2,3,3,5,3,2,14,3,2,0
135,93,2,3,3,5,3,2,14,3,2,0
135,93,2,3,3,5,3,2,14,3,2,0
135,94,2,3,3,5,5,2,14,3,2,0
135,95,2,3,3,5,4,3,14,3,2,0
135,108,2,3,5,5,3,2,14,3,2,0
135,108,2,3,5,5,3,2,14,3,2,0
135,108,2,3,5,5,3,2,14,3,2,0
135,109,2,3,5,5,5,2,14,3,2,0
135,110,2,3,5,5,4,3,14,3,2,0
135,130,2,3,3,5,3,2,14,3,3,0
135,130,2,3,3,5,3,2,14,3,3,0
135,130,2,3,3,5,3,2,14,3,3,0
