pair_i,pair_j,a,b,c,d,e,f,g,jab_seed,jde_seed,entry_jab,entry_jde,twoJ,val
16,16,2,4,2,2,4,2,14,1,1,1,1,2,-0.75
16,16,2,4,2,2,4,2,14,1,1,1,1,4,-0.3
16,16,2,4,2,2,4,2,14,1,1,1,1,2,-0.75
16,16,2,4,2,2,4,2,14,1,1,1,1,4,-0.3
16,16,2,4,2,2,4,2,14,1,1,1,1,2,-0.75
16,16,2,4,2,2,4,2,14,1,1,1,1,4,-0.3
16,33,2,4,3,2,3,2,14,1,1,1,1,2,-0.75
16,33,2,4,3,2,3,2,14,1,1,1,1,4,-0.3
16,33,2,4,3,2,3,2,14,1,1,1,1,2,-0.75
16,33,2,4,3,2,3,2,14,1,1,1,1,4,-0.3
16,33,2,4,3,2,3,2,14,1,1,1,1,2,-0.75
16,33,2,4,3,2,3,2,14,1,1,1,1,4,-0.3
16,33,2,4,3,2,3,2,14,1,1,1,1,2,-0.75
16,33,2,4,3,2,3,2,14,1,1,1,1,4,-0.3
16,33,2,4,3,2,3,2,14,1,1,1,1,2,-0.75
16,33,2,4,3,2,3,2,14,1,1,1,1,4,-0.3
16,34,2,4,3,2,5,2,14,1,1,1,1,2,-0.75
16,34,2,4,3,2,5,2,14,1,1,1,1,4,-0.3
16,34,2,4,3,2,5,2,14,1,1,1,1,2,-0.75
16,34,2,4,3,2,5,2,14,1,1,1,1,4,-0.3
16,34,2,4,3,2,5,2,14,1,1,1,1,2,-0.75
16,34,2,4,3,2,5,2,14,1,1,1,1,4,-0.3
16,68,2,4,2,2,2,2,14,1,2,1,2,2,0.935414346693486
16,68,2,4,2,2,2,2,14,1,2,1,2,4,0.836660026534076
16,68,2,4,2,2,2,2,14,1,2,1,2,2,0.935414346693486
16,68,2,4,2,2,2,2,14,1,2,1,2,4,0.836660026534076
16,68,2,4,2,2,2,2,14,1,2,1,2,2,0.935414346693486
16,68,2,4,2,2,2,2,14,1,2,1,2,4,0.836660026534076
16,68,2,4,2,2,2,2,14,1,2,1,2,2,0.935414346693486
16,68,2,4,2,2,2,2,14,1,2,1,2,4,0.836660026534076
16,68,2,4,2,2,2,2,14,1,2,1,2,2,0.935414346693486
16,68,2,4,2,2,2,2,14,1,2,1,2,4,0.836660026534076
16,69,2,4,2,2,4,2,14,1,2,1,2,2,0.661437827766148
16,69,2,4,2,2,4,2,14,1,2,1,2,4,0.591607978309961
16,69,2,4,2,2,4,2,14,1,2,1,2,2,0.661437827766148
16,69,2,4,2,2,4,2,14,1,2,1,2,4,0.591607978309961
16,69,2,4,2,2,4,2,14,1,2,1,2,2,0.661437827766148
16,69,2,4,2,2,4,2,14,1,2,1,2,4,0.591607978309961
16,74,2,4,4,2,2,2,14,1,2,1,2,2,-1.41421356237309
16,74,2,4,4,2,2,2,14,1,2,1,2,2,-1.41421356237309
16,74,2,4,4,2,2,2,14,1,2,1,2,2,-1.41421356237309
16,74,2,4,4,2,2,2,14,1,2,1,2,2,-1.41421356237309
16,74,2,4,4,2,2,2,14,1,2,1,2,2,-1.41421356237309
16,75,2,4,4,2,4,2,14,1,2,1,2,2,-1
16,75,2,4,4,2,4,2,14,1,2,1,2,2,-1
16,75,2,4,4,2,4,2,14,1,2,1,2,2,-1
16,93,2,4,3,2,3,2,14,1,2,1,2,2,0.661437827766148
16,93,2,4,3,2,3,2,14,1,2,1,2,4,0.591607978309961
16,93,2,4,3,2,3,2,14,1,2,1,2,2,0.661437827766148
16,93,2,4,3,2,3,2,14,1,2,1,2,4,0.591607978309961
16,93,2,4,3,2,3,2,14,1,2,1,2,2,0.661437827766148
16,93,2,4,3,2,3,2,14,1,2,1,2,4,0.591607978309961
16,93,2,4,3,2,3,2,14,1,2,1,2,2,0.661437827766148
16,93,2,4,3,2,3,2,14,1,2,1,2,4,0.591607978309961
16,93,2,4,3,2,3,2,14,1,2,1,2,2,0.661437827766148
16,93,2,4,3,2,3,2,14,1,2,1,2,4,0.591607978309961
16,94,2,4,3,2,5,2,14,1,2,1,2,2,0.661437827766148
16,94,2,4,3,2,5,2,14,1,2,1,2,4,0.591607978309961
16,94,2,4,3,2,5,2,14,1,2,1,2,2,0.661437827766148
16,94,2,4,3,2,5,2,14,1,2,1,2,4,0.591607978309961
16,94,2,4,3,2,5,2,14,1,2,1,2,2,0.661437827766148
16,94,2,4,3,2,5,2,14,1,2,1,2,4,0.591607978309961
16,108,2,4,5,2,3,2,14,1,2,1,2,2,-1
16,108,2,4,5,2,3,2,14,1,2,1,2,2,-1
16,108,2,4,5,2,3,2,14,1,2,1,2,2,-1
16,108,2,4,5,2,3,2,14,1,2,1,2,2,-1
16,108,2,4,5,2,3,2,14,1,2,1,2,2,-1
16,109,2,4,5,2,5,2,14,1,2,1,2,2,-1
16,109,2,4,5,2,5,2,14,1,2,1,2,2,-1
16,109,2,4,5,2,5,2,14,1,2,1,2,2,-1
16,130,2,4,3,2,3,2,14,1,3,1,3,4,-0.748331477354788
16,130,2,4,3,2,3,2,14,1,3,1,3,4,-0.748331477354788
16,130,2,4,3,2,3,2,14,1,3,1,3,4,-0.748331477354788
17,17,2,4,2,2,4,2,16,1,1,1,1,2,0.5
17,17,2,4,2,2,4,2,16,1,1,1,1,4,-0.55
17,17,2,4,2,2,4,2,16,1,1,1,1,2,0.5
17,17,2,4,2,2,4,2,16,1,1,1,1,4,-0.55
17,17,2,4,2,2,4,2,16,1,1,1,1,2,0.5
17,17,2,4,2,2,4,2,16,1,1,1,1,4,-0.55
17,19,2,4,4,2,4,2,16,1,1,1,1,2,0.790569415042095
17,19,2,4,4,2,4,2,16,1,1,1,1,2,0.790569415042095
17,19,2,4,4,2,4,2,16,1,1,1,1,2,0.790569415042095
17,37,2,4,3,2,3,2,16,1,1,1,1,2,0.5
17,37,2,4,3,2,3,2,16,1,1,1,1,4,-0.55
17,37,2,4,3,2,3,2,16,1,1,1,1,2,0.5
17,37,2,4,3,2,3,2,16,1,1,1,1,4,-0.55
17,37,2,4,3,2,3,2,16,1,1,1,1,2,0.5
17,37,2,4,3,2,3,2,16,1,1,1,1,4,-0.55
17,37,2,4,3,2,3,2,16,1,1,1,1,2,0.5
17,37,2,4,3,2,3,2,16,1,1,1,1,4,-0.55
17,37,2,4,3,2,3,2,16,1,1,1,1,2,0.5
17,37,2,4,3,2,3,2,16,1,1,1,1,4,-0.55
17,38,2,4,3,2,5,2,16,1,1,1,1,2,0.5
17,38,2,4,3,2,5,2,16,1,1,1,1,4,-0.55
17,38,2,4,3,2,5,2,16,1,1,1,1,2,0.5
17,38,2,4,3,2,5,2,16,1,1,1,1,4,-0.55
17,38,2,4,3,2,5,2,16,1,1,1,1,2,0.5
17,38,2,4,3,2,5,2,16,1,1,1,1,4,-0.55
17,53,2,4,5,2,3,2,16,1,1,1,1,2,0.790569415042095
17,53,2,4,5,2,3,2,16,1,1,1,1,2,0.790569415042095
17,53,2,4,5,2,3,2,16,1,1,1,1,2,0.790569415042095
17,53,2,4,5,2,3,2,16,1,1,1,1,2,0.790569415042095
17,53,2,4,5,2,3,2,16,1,1,1,1,2,0.790569415042095
17,54,2,4,5,2,5,2,16,1,1,1,1,2,0.790569415042095
17,54,2,4,5,2,5,2,16,1,1,1,1,2,0.790569415042095
17,54,2,4,5,2,5,2,16,1,1,1,1,2,0.790569415042095
17,70,2,4,2,2,2,2,16,1,2,1,2,2,-1.22474487139159
17,70,2,4,2,2,2,2,16,1,2,1,2,4,0.273861278752583
17,70,2,4,2,2,2,2,16,1,2,1,2,2,-1.22474487139159
17,70,2,4,2,2,2,2,16,1,2,1,2,4,0.273861278752583
17,70,2,4,2,2,2,2,16,1,2,1,2,2,-1.22474487139159
17,70,2,4,2,2,2,2,16,1,2,1,2,4,0.273861278752583
17,70,2,4,2,2,2,2,16,1,2,1,2,2,-1.22474487139159
17,70,2,4,2,2,2,2,16,1,2,1,2,4,0.273861278752583
17,70,2,4,2,2,2,2,16,1,2,1,2,2,-1.22474487139159
17,70,2,4,2,2,2,2,16,1,2,1,2,4,0.273861278752583
17,71,2,4,2,2,4,2,16,1,2,1,2,2,-0.866025403784439
17,71,2,4,2,2,4,2,16,1,2,1,2,4,0.193649167310371
17,71,2,4,2,2,4,2,16,1,2,1,2,2,-0.866025403784439
17,71,2,4,2,2,4,2,16,1,2,1,2,4,0.193649167310371
17,71,2,4,2,2,4,2,16,1,2,1,2,2,-0.866025403784439
17,71,2,4,2,2,4,2,16,1,2,1,2,4,0.193649167310371
17,76,2,4,4,2,2,2,16,1,2,1,2,2,0.866025403784438
17,76,2,4,4,2,2,2,16,1,2,1,2,2,0.866025403784438
17,76,2,4,4,2,2,2,16,1,2,1,2,2,0.866025403784438
17,76,2,4,4,2,2,2,16,1,2,1,2,2,0.866025403784438
17,76,2,4,4,2,2,2,16,1,2,1,2,2,0.866025403784438
17,77,2,4,4,2,4,2,16,1,2,1,2,2,0.612372435695794
17,77,2,4,4,2,4,2,16,1,2,1,2,2,0.612372435695794
17,77,2,4,4,2,4,2,16,1,2,1,2,2,0.612372435695794
17,96,2,4,3,2,3,2,16,1,2,1,2,2,-0.866025403784439
17,96,2,4,3,2,3,2,16,1,2,1,2,4,0.193649167310371
17,96,2,4,3,2,3,2,16,1,2,1,2,2,-0.866025403784439
17,96,2,4,3,2,3,2,16,1,2,1,2,4,0.193649167310371
17,96,2,4,3,2,3,2,16,1,2,1,2,2,-0.866025403784439
17,96,2,4,3,2,3,2,16,1,2,1,2,4,0.193649167310371
17,96,2,4,3,2,3,2,16,1,2,1,2,2,-0.866025403784439
17,96,2,4,3,2,3,2,16,1,2,1,2,4,0.193649167310371
17,96,2,4,3,2,3,2,16,1,2,1,2,2,-0.866025403784439
17,96,2,4,3,2,3,2,16,1,2,1,2,4,0.193649167310371
17,97,2,4,3,2,5,2,16,1,2,1,2,2,-0.866025403784439
17,97,2,4,3,2,5,2,16,1,2,1,2,4,0.193649167310371
17,97,2,4,3,2,5,2,16,1,2,1,2,2,-0.866025403784439
17,97,2,4,3,2,5,2,16,1,2,1,2,4,0.193649167310371
17,97,2,4,3,2,5,2,16,1,2,1,2,2,-0.866025403784439
17,97,2,4,3,2,5,2,16,1,2,1,2,4,0.193649167310371
17,111,2,4,5,2,3,2,16,1,2,1,2,2,0.612372435695794
17,111,2,4,5,2,3,2,16,1,2,1,2,2,0.612372435695794
17,111,2,4,5,2,3,2,16,1,2,1,2,2,0.612372435695794
17,111,2,4,5,2,3,2,16,1,2,1,2,2,0.612372435695794
17,111,2,4,5,2,3,2,16,1,2,1,2,2,0.612372435695794
17,112,2,4,5,2,5,2,16,1,2,1,2,2,0.612372435695794
17,112,2,4,5,2,5,2,16,1,2,1,2,2,0.612372435695794
17,112,2,4,5,2,5,2,16,1,2,1,2,2,0.612372435695794
17,131,2,4,3,2,3,2,16,1,3,1,3,4,0.687386354243376
17,131,2,4,3,2,3,2,16,1,3,1,3,4,0.687386354243376
17,131,2,4,3,2,3,2,16,1,3,1,3,4,0.687386354243376
18,18,2,4,2,2,4,2,18,1,1,1,1,2,-0.25
18,18,2,4,2,2,4,2,18,1,1,1,1,4,0.5
18,18,2,4,2,2,4,2,18,1,1,1,1,2,-0.25
18,18,2,4,2,2,4,2,18,1,1,1,1,4,0.5
18,18,2,4,2,2,4,2,18,1,1,1,1,2,-0.25
18,18,2,4,2,2,4,2,18,1,1,1,1,4,0.5
18,20,2,4,4,2,4,2,18,1,1,1,1,2,-1
18,20,2,4,4,2,4,2,18,1,1,1,1,2,-1
18,20,2,4,4,2,4,2,18,1,1,1,1,2,-1
18,41,2,4,3,2,3,2,18,1,1,1,1,2,-0.25
18,41,2,4,3,2,3,2,18,1,1,1,1,4,0.5
18,41,2,4,3,2,3,2,18,1,1,1,1,2,-0.25
18,41,2,4,3,2,3,2,18,1,1,1,1,4,0.5
18,41,2,4,3,2,3,2,18,1,1,1,1,2,-0.25
18,41,2,4,3,2,3,2,18,1,1,1,1,4,0.5
18,41,2,4,3,2,3,2,18,1,1,1,1,2,-0.25
18,41,2,4,3,2,3,2,18,1,1,1,1,4,0.5
18,41,2,4,3,2,3,2,18,1,1,1,1,2,-0.25
18,41,2,4,3,2,3,2,18,1,1,1,1,4,0.5
18,42,2,4,3,2,5,2,18,1,1,1,1,2,-0.25
18,42,2,4,3,2,5,2,18,1,1,1,1,4,0.5
18,42,2,4,3,2,5,2,18,1,1,1,1,2,-0.25
18,42,2,4,3,2,5,2,18,1,1,1,1,4,0.5
18,42,2,4,3,2,5,2,18,1,1,1,1,2,-0.25
18,42,2,4,3,2,5,2,18,1,1,1,1,4,0.5
18,57,2,4,5,2,3,2,18,1,1,1,1,2,-1
18,57,2,4,5,2,3,2,18,1,1,1,1,2,-1
18,57,2,4,5,2,3,2,18,1,1,1,1,2,-1
18,57,2,4,5,2,3,2,18,1,1,1,1,2,-1
18,57,2,4,5,2,3,2,18,1,1,1,1,2,-1
18,58,2,4,5,2,5,2,18,1,1,1,1,2,-1
18,58,2,4,5,2,5,2,18,1,1,1,1,2,-1
18,58,2,4,5,2,5,2,18,1,1,1,1,2,-1
18,72,2,4,2,2,2,2,18,1,2,1,2,2,1.36930639376292
18,72,2,4,2,2,2,2,18,1,2,1,2,4,-1.22474487139159
18,72,2,4,2,2,2,2,18,1,2,1,2,2,1.36930639376292
18,72,2,4,2,2,2,2,18,1,2,1,2,4,-1.22474487139159
18,72,2,4,2,2,2,2,18,1,2,1,2,2,1.36930639376292
18,72,2,4,2,2,2,2,18,1,2,1,2,4,-1.22474487139159
18,72,2,4,2,2,2,2,18,1,2,1,2,2,1.36930639376292
18,72,2,4,2,2,2,2,18,1,2,1,2,4,-1.22474487139159
18,72,2,4,2,2,2,2,18,1,2,1,2,2,1.36930639376292
18,72,2,4,2,2,2,2,18,1,2,1,2,4,-1.22474487139159
18,73,2,4,2,2,4,2,18,1,2,1,2,2,0.968245836551854
18,73,2,4,2,2,4,2,18,1,2,1,2,4,-0.866025403784438
18,73,2,4,2,2,4,2,18,1,2,1,2,2,0.968245836551854
18,73,2,4,2,2,4,2,18,1,2,1,2,4,-0.866025403784438
18,73,2,4,2,2,4,2,18,1,2,1,2,2,0.968245836551854
18,73,2,4,2,2,4,2,18,1,2,1,2,4,-0.866025403784438
18,99,2,4,3,2,3,2,18,1,2,1,2,2,0.968245836551854
18,99,2,4,3,2,3,2,18,1,2,1,2,4,-0.866025403784438
18,99,2,4,3,2,3,2,18,1,2,1,2,2,0.968245836551854
18,99,2,4,3,2,3,2,18,1,2,1,2,4,-0.866025403784438
18,99,2,4,3,2,3,2,18,1,2,1,2,2,0.968245836551854
18,99,2,4,3,2,3,2,18,1,2,1,2,4,-0.866025403784438
18,99,2,4,3,2,3,2,18,1,2,1,2,2,0.968245836551854
18,99,2,4,3,2,3,2,18,1,2,1,2,4,-0.866025403784438
18,99,2,4,3,2,3,2,18,1,2,1,2,2,0.968245836551854
18,99,2,4,3,2,3,2,18,1,2,1,2,4,-0.866025403784438
18,100,2,4,3,2,5,2,18,1,2,1,2,2,0.968245836551854
18,100,2,4,3,2,5,2,18,1,2,1,2,4,-0.866025403784438
18,100,2,4,3,2,5,2,18,1,2,1,2,2,0.968245836551854
18,100,2,4,3,2,5,2,18,1,2,1,2,4,-0.866025403784438
18,100,2,4,3,2,5,2,18,1,2,1,2,2,0.968245836551854
18,100,2,4,3,2,5,2,18,1,2,1,2,4,-0.866025403784438
19,40,2,4,3,4,5,4,16,1,1,1,1,2,0.790569415042095
19,40,2,4,3,4,5,4,16,1,1,1,1,2,0.790569415042095
19,40,2,4,3,4,5,4,16,1,1,1,1,2,0.790569415042095
19,56,2,4,5,4,5,4,16,1,1,1,1,2,-1
19,56,2,4,5,4,5,4,16,1,1,1,1,2,-1
19,56,2,4,5,4,5,4,16,1,1,1,1,2,-1
20,44,2,4,3,4,5,4,18,1,1,1,1,2,-1
20,44,2,4,3,4,5,4,18,1,1,1,1,2,-1
20,44,2,4,3,4,5,4,18,1,1,1,1,2,-1
20,60,2,4,5,4,5,4,18,1,1,1,1,2,0.5
20,60,2,4,5,4,5,4,18,1,1,1,1,2,0.5
20,60,2,4,5,4,5,4,18,1,1,1,1,2,0.5
21,21,2,3,2,2,3,2,15,1,1,1,1,2,-0.75
21,21,2,3,2,2,3,2,15,1,1,1,1,4,-0.3
21,21,2,3,2,2,3,2,15,1,1,1,1,2,-0.75
21,21,2,3,2,2,3,2,15,1,1,1,1,4,-0.3
21,21,2,3,2,2,3,2,15,1,1,1,1,2,-0.75
21,21,2,3,2,2,3,2,15,1,1,1,1,4,-0.3
21,21,2,3,2,2,3,2,15,1,1,1,1,2,-0.75
21,21,2,3,2,2,3,2,15,1,1,1,1,4,-0.3
21,21,2,3,2,2,3,2,15,1,1,1,1,2,-0.75
21,21,2,3,2,2,3,2,15,1,1,1,1,4,-0.3
21,22,2,3,2,2,5,2,15,1,1,1,1,2,-0.75
21,22,2,3,2,2,5,2,15,1,1,1,1,4,-0.3
21,22,2,3,2,2,5,2,15,1,1,1,1,2,-0.75
21,22,2,3,2,2,5,2,15,1,1,1,1,4,-0.3
21,22,2,3,2,2,5,2,15,1,1,1,1,2,-0.75
21,22,2,3,2,2,5,2,15,1,1,1,1,4,-0.3
21,81,2,3,2,2,3,2,15,1,2,1,2,2,0.661437827766148
21,81,2,3,2,2,3,2,15,1,2,1,2,4,0.591607978309961
21,81,2,3,2,2,3,2,15,1,2,1,2,2,0.661437827766148
21,81,2,3,2,2,3,2,15,1,2,1,2,4,0.591607978309961
21,81,2,3,2,2,3,2,15,1,2,1,2,2,0.661437827766148
21,81,2,3,2,2,3,2,15,1,2,1,2,4,0.591607978309961
21,81,2,3,2,2,3,2,15,1,2,1,2,2,0.661437827766148
21,81,2,3,2,2,3,2,15,1,2,1,2,4,0.591607978309961
21,81,2,3,2,2,3,2,15,1,2,1,2,2,0.661437827766148
21,81,2,3,2,2,3,2,15,1,2,1,2,4,0.591607978309961
21,82,2,3,2,2,5,2,15,1,2,1,2,2,0.661437827766148
21,82,2,3,2,2,5,2,15,1,2,1,2,4,0.591607978309961
21,82,2,3,2,2,5,2,15,1,2,1,2,2,0.661437827766148
21,82,2,3,2,2,5,2,15,1,2,1,2,4,0.591607978309961
21,82,2,3,2,2,5,2,15,1,2,1,2,2,0.661437827766148
21,82,2,3,2,2,5,2,15,1,2,1,2,4,0.591607978309961
21,102,2,3,4,2,3,2,15,1,2,1,2,2,-1
21,102,2,3,4,2,3,2,15,1,2,1,2,2,-1
21,102,2,3,4,2,3,2,15,1,2,1,2,2,-1
21,102,2,3,4,2,3,2,15,1,2,1,2,2,-1
21,102,2,3,4,2,3,2,15,1,2,1,2,2,-1
21,103,2,3,4,2,5,2,15,1,2,1,2,2,-1
21,103,2,3,4,2,5,2,15,1,2,1,2,2,-1
21,103,2,3,4,2,5,2,15,1,2,1,2,2,-1
21,127,2,3,2,2,3,2,15,1,3,1,3,4,-0.748331477354788
21,127,2,3,2,2,3,2,15,1,3,1,3,4,-0.748331477354788
21,127,2,3,2,2,3,2,15,1,3,1,3,4,-0.748331477354788
22,21,2,5,2,2,3,2,15,1,1,1,1,2,-0.75
22,21,2,5,2,2,3,2,15,1,1,1,1,4,-0.3
22,21,2,5,2,2,3,2,15,1,1,1,1,2,-0.75
22,21,2,5,2,2,3,2,15,1,1,1,1,4,-0.3
22,21,2,5,2,2,3,2,15,1,1,1,1,2,-0.75
22,21,2,5,2,2,3,2,15,1,1,1,1,4,-0.3
22,21,2,5,2,2,3,2,15,1,1,1,1,2,-0.75
22,21,2,5,2,2,3,2,15,1,1,1,1,4,-0.3
22,21,2,5,2,2,3,2,15,1,1,1,1,2,-0.75
22,21,2,5,2,2,3,2,15,1,1,1,1,4,-0.3
22,22,2,5,2,2,5,2,15,1,1,1,1,2,-0.75
22,22,2,5,2,2,5,2,15,1,1,1,1,4,-0.3
22,22,2,5,2,2,5,2,15,1,1,1,1,2,-0.75
22,22,2,5,2,2,5,2,15,1,1,1,1,4,-0.3
22,22,2,5,2,2,5,2,15,1,1,1,1,2,-0.75
22,22,2,5,2,2,5,2,15,1,1,1,1,4,-0.3
22,81,2,5,2,2,3,2,15,1,2,1,2,2,0.661437827766148
22,81,2,5,2,2,3,2,15,1,2,1,2,4,0.591607978309961
22,81,2,5,2,2,3,2,15,1,2,1,2,2,0.661437827766148
22,81,2,5,2,2,3,2,15,1,2,1,2,4,0.591607978309961
22,81,2,5,2,2,3,2,15,1,2,1,2,2,0.661437827766148
22,81,2,5,2,2,3,2,15,1,2,1,2,4,0.591607978309961
22,81,2,5,2,2,3,2,15,1,2,1,2,2,0.661437827766148
22,81,2,5,2,2,3,2,15,1,2,1,2,4,0.591607978309961
22,81,2,5,2,2,3,2,15,1,2,1,2,2,0.661437827766148
22,81,2,5,2,2,3,2,15,1,2,1,2,4,0.591607978309961
22,82,2,5,2,2,5,2,15,1,2,1,2,2,0.661437827766148
22,82,2,5,2,2,5,2,15,1,2,1,2,4,0.591607978309961
22,82,2,5,2,2,5,2,15,1,2,1,2,2,0.661437827766148
22,82,2,5,2,2,5,2,15,1,2,1,2,4,0.591607978309961
22,82,2,5,2,2,5,2,15,1,2,1,2,2,0.661437827766148
22,82,2,5,2,2,5,2,15,1,2,1,2,4,0.591607978309961
22,102,2,5,4,2,3,2,15,1,2,1,2,2,-1
22,102,2,5,4,2,3,2,15,1,2,1,2,2,-1
22,102,2,5,4,2,3,2,15,1,2,1,2,2,-1
22,102,2,5,4,2,3,2,15,1,2,1,2,2,-1
22,102,2,5,4,2,3,2,15,1,2,1,2,2,-1
22,103,2,5,4,2,5,2,15,1,2,1,2,2,-1
22,103,2,5,4,2,5,2,15,1,2,1,2,2,-1
22,103,2,5,4,2,5,2,15,1,2,1,2,2,-1
22,127,2,5,2,2,3,2,15,1,3,1,3,4,-0.748331477354788
22,127,2,5,2,2,3,2,15,1,3,1,3,4,-0.748331477354788
22,127,2,5,2,2,3,2,15,1,3,1,3,4,-0.748331477354788
23,21,3,4,2,2,3,2,15,1,1,1,1,2,-0.75
23,21,3,4,2,2,3,2,15,1,1,1,1,4,-0.3
23,21,3,4,2,2,3,2,15,1,1,1,1,2,-0.75
23,21,3,4,2,2,3,2,15,1,1,1,1,4,-0.3
23,21,3,4,2,2,3,2,15,1,1,1,1,2,-0.75
23,21,3,4,2,2,3,2,15,1,1,1,1,4,-0.3
23,21,3,4,2,2,3,2,15,1,1,1,1,2,-0.75
23,21,3,4,2,2,3,2,15,1,1,1,1,4,-0.3
23,21,3,4,2,2,3,2,15,1,1,1,1,2,-0.75
23,21,3,4,2,2,3,2,15,1,1,1,1,4,-0.3
23,22,3,4,2,2,5,2,15,1,1,1,1,2,-0.75
23,22,3,4,2,2,5,2,15,1,1,1,1,4,-0.3
23,22,3,4,2,2,5,2,15,1,1,1,1,2,-0.75
23,22,3,4,2,2,5,2,15,1,1,1,1,4,-0.3
23,22,3,4,2,2,5,2,15,1,1,1,1,2,-0.75
23,22,3,4,2,2,5,2,15,1,1,1,1,4,-0.3
23,81,3,4,2,2,3,2,15,1,2,1,2,2,0.661437827766148
23,81,3,4,2,2,3,2,15,1,2,1,2,4,0.591607978309961
23,81,3,4,2,2,3,2,15,1,2,1,2,2,0.661437827766148
23,81,3,4,2,2,3,2,15,1,2,1,2,4,0.591607978309961
23,81,3,4,2,2,3,2,15,1,2,1,2,2,0.661437827766148
23,81,3,4,2,2,3,2,15,1,2,1,2,4,0.591607978309961
23,81,3,4,2,2,3,2,15,1,2,1,2,2,0.661437827766148
23,81,3,4,2,2,3,2,15,1,2,1,2,4,0.591607978309961
23,81,3,4,2,2,3,2,15,1,2,1,2,2,0.661437827766148
23,81,3,4,2,2,3,2,15,1,2,1,2,4,0.591607978309961
23,82,3,4,2,2,5,2,15,1,2,1,2,2,0.661437827766148
23,82,3,4,2,2,5,2,15,1,2,1,2,4,0.591607978309961
23,82,3,4,2,2,5,2,15,1,2,1,2,2,0.661437827766148
23,82,3,4,2,2,5,2,15,1,2,1,2,4,0.591607978309961
23,82,3,4,2,2,5,2,15,1,2,1,2,2,0.661437827766148
23,82,3,4,2,2,5,2,15,1,2,1,2,4,0.591607978309961
23,102,3,4,4,2,3,2,15,1,2,1,2,2,-1
23,102,3,4,4,2,3,2,15,1,2,1,2,2,-1
23,102,3,4,4,2,3,2,15,1,2,1,2,2,-1
23,102,3,4,4,2,3,2,15,1,2,1,2,2,-1
23,102,3,4,4,2,3,2,15,1,2,1,2,2,-1
23,103,3,4,4,2,5,2,15,1,2,1,2,2,-1
23,103,3,4,4,2,5,2,15,1,2,1,2,2,-1
23,103,3,4,4,2,5,2,15,1,2,1,2,2,-1
23,127,3,4,2,2,3,2,15,1,3,1,3,4,-0.748331477354788
23,127,3,4,2,2,3,2,15,1,3,1,3,4,-0.748331477354788
23,127,3,4,2,2,3,2,15,1,3,1,3,4,-0.748331477354788
24,21,4,5,2,2,3,2,15,1,1,1,1,2,-0.75
24,21,4,5,2,2,3,2,15,1,1,1,1,4,-0.3
24,21,4,5,2,2,3,2,15,1,1,1,1,2,-0.75
24,21,4,5,2,2,3,2,15,1,1,1,1,4,-0.3
24,21,4,5,2,2,3,2,15,1,1,1,1,2,-0.75
24,21,4,5,2,2,3,2,15,1,1,1,1,4,-0.3
24,21,4,5,2,2,3,2,15,1,1,1,1,2,-0.75
24,21,4,5,2,2,3,2,15,1,1,1,1,4,-0.3
24,21,4,5,2,2,3,2,15,1,1,1,1,2,-0.75
24,21,4,5,2,2,3,2,15,1,1,1,1,4,-0.3
24,22,4,5,2,2,5,2,15,1,1,1,1,2,-0.75
24,22,4,5,2,2,5,2,15,1,1,1,1,4,-0.3
24,22,4,5,2,2,5,2,15,1,1,1,1,2,-0.75
24,22,4,5,2,2,5,2,15,1,1,1,1,4,-0.3
24,22,4,5,2,2,5,2,15,1,1,1,1,2,-0.75
24,22,4,5,2,2,5,2,15,1,1,1,1,4,-0.3
24,81,4,5,2,2,3,2,15,1,2,1,2,2,0.661437827766148
24,81,4,5,2,2,3,2,15,1,2,1,2,4,0.591607978309961
24,81,4,5,2,2,3,2,15,1,2,1,2,2,0.661437827766148
24,81,4,5,2,2,3,2,15,1,2,1,2,4,0.591607978309961
24,81,4,5,2,2,3,2,15,1,2,1,2,2,0.661437827766148
24,81,4,5,2,2,3,2,15,1,2,1,2,4,0.591607978309961
24,81,4,5,2,2,3,2,15,1,2,1,2,2,0.661437827766148
24,81,4,5,2,2,3,2,15,1,2,1,2,4,0.591607978309961
24,81,4,5,2,2,3,2,15,1,2,1,2,2,0.661437827766148
24,81,4,5,2,2,3,2,15,1,2,1,2,4,0.591607978309961
24,82,4,5,2,2,5,2,15,1,2,1,2,2,0.661437827766148
24,82,4,5,2,2,5,2,15,1,2,1,2,4,0.591607978309961
24,82,4,5,2,2,5,2,15,1,2,1,2,2,0.661437827766148
24,82,4,5,2,2,5,2,15,1,2,1,2,4,0.591607978309961
24,82,4,5,2,2,5,2,15,1,2,1,2,2,0.661437827766148
24,82,4,5,2,2,5,2,15,1,2,1,2,4,0.591607978309961
24,102,4,5,4,2,3,2,15,1,2,1,2,2,-1
24,102,4,5,4,2,3,2,15,1,2,1,2,2,-1
24,102,4,5,4,2,3,2,15,1,2,1,2,2,-1
24,102,4,5,4,2,3,2,15,1,2,1,2,2,-1
24,102,4,5,4,2,3,2,15,1,2,1,2,2,-1
24,103,4,5,4,2,5,2,15,1,2,1,2,2,-1
24,103,4,5,4,2,5,2,15,1,2,1,2,2,-1
24,103,4,5,4,2,5,2,15,1,2,1,2,2,-1
24,127,4,5,2,2,3,2,15,1,3,1,3,4,-0.748331477354788
24,127,4,5,2,2,3,2,15,1,3,1,3,4,-0.748331477354788
24,127,4,5,2,2,3,2,15,1,3,1,3,4,-0.748331477354788
25,25,2,3,2,2,3,2,17,1,1,1,1,2,0.5
25,25,2,3,2,2,3,2,17,1,1,1,1,4,-0.55
25,25,2,3,2,2,3,2,17,1,1,1,1,2,0.5
25,25,2,3,2,2,3,2,17,1,1,1,1,4,-0.55
25,25,2,3,2,2,3,2,17,1,1,1,1,2,0.5
25,25,2,3,2,2,3,2,17,1,1,1,1,4,-0.55
25,25,2,3,2,2,3,2,17,1,1,1,1,2,0.5
25,25,2,3,2,2,3,2,17,1,1,1,1,4,-0.55
25,25,2,3,2,2,3,2,17,1,1,1,1,2,0.5
25,25,2,3,2,2,3,2,17,1,1,1,1,4,-0.55
25,26,2,3,2,2,5,2,17,1,1,1,1,2,0.5
25,26,2,3,2,2,5,2,17,1,1,1,1,4,-0.55
25,26,2,3,2,2,5,2,17,1,1,1,1,2,0.5
25,26,2,3,2,2,5,2,17,1,1,1,1,4,-0.55
25,26,2,3,2,2,5,2,17,1,1,1,1,2,0.5
25,26,2,3,2,2,5,2,17,1,1,1,1,4,-0.55
25,45,2,3,4,2,3,2,17,1,1,1,1,2,0.790569415042095
25,45,2,3,4,2,3,2,17,1,1,1,1,2,0.790569415042095
25,45,2,3,4,2,3,2,17,1,1,1,1,2,0.790569415042095
25,45,2,3,4,2,3,2,17,1,1,1,1,2,0.790569415042095
25,45,2,3,4,2,3,2,17,1,1,1,1,2,0.790569415042095
25,46,2,3,4,2,5,2,17,1,1,1,1,2,0.790569415042095
25,46,2,3,4,2,5,2,17,1,1,1,1,2,0.790569415042095
25,46,2,3,4,2,5,2,17,1,1,1,1,2,0.790569415042095
25,84,2,3,2,2,3,2,17,1,2,1,2,2,-0.866025403784439
25,84,2,3,2,2,3,2,17,1,2,1,2,4,0.193649167310371
25,84,2,3,2,2,3,2,17,1,2,1,2,2,-0.866025403784439
25,84,2,3,2,2,3,2,17,1,2,1,2,4,0.193649167310371
25,84,2,3,2,2,3,2,17,1,2,1,2,2,-0.866025403784439
25,84,2,3,2,2,3,2,17,1,2,1,2,4,0.193649167310371
25,84,2,3,2,2,3,2,17,1,2,1,2,2,-0.866025403784439
25,84,2,3,2,2,3,2,17,1,2,1,2,4,0.193649167310371
25,84,2,3,2,2,3,2,17,1,2,1,2,2,-0.866025403784439
25,84,2,3,2,2,3,2,17,1,2,1,2,4,0.193649167310371
25,85,2,3,2,2,5,2,17,1,2,1,2,2,-0.866025403784439
25,85,2,3,2,2,5,2,17,1,2,1,2,4,0.193649167310371
25,85,2,3,2,2,5,2,17,1,2,1,2,2,-0.866025403784439
25,85,2,3,2,2,5,2,17,1,2,1,2,4,0.193649167310371
25,85,2,3,2,2,5,2,17,1,2,1,2,2,-0.866025403784439
25,85,2,3,2,2,5,2,17,1,2,1,2,4,0.193649167310371
25,105,2,3,4,2,3,2,17,1,2,1,2,2,0.612372435695794
25,105,2,3,4,2,3,2,17,1,2,1,2,2,0.612372435695794
25,105,2,3,4,2,3,2,17,1,2,1,2,2,0.612372435695794
25,105,2,3,4,2,3,2,17,1,2,1,2,2,0.612372435695794
25,105,2,3,4,2,3,2,17,1,2,1,2,2,0.612372435695794
25,106,2,3,4,2,5,2,17,1,2,1,2,2,0.612372435695794
25,106,2,3,4,2,5,2,17,1,2,1,2,2,0.612372435695794
25,106,2,3,4,2,5,2,17,1,2,1,2,2,0.612372435695794
25,128,2,3,2,2,3,2,17,1,3,1,3,4,0.687386354243376
25,128,2,3,2,2,3,2,17,1,3,1,3,4,0.687386354243376
25,128,2,3,2,2,3,2,17,1,3,1,3,4,0.687386354243376
26,25,2,5,2,2,3,2,17,1,1,1,1,2,0.5
26,25,2,5,2,2,3,2,17,1,1,1,1,4,-0.55
26,25,2,5,2,2,3,2,17,1,1,1,1,2,0.5
26,25,2,5,2,2,3,2,17,1,1,1,1,4,-0.55
26,25,2,5,2,2,3,2,17,1,1,1,1,2,0.5
26,25,2,5,2,2,3,2,17,1,1,1,1,4,-0.55
26,25,2,5,2,2,3,2,17,1,1,1,1,2,0.5
26,25,2,5,2,2,3,2,17,1,1,1,1,4,-0.55
26,25,2,5,2,2,3,2,17,1,1,1,1,2,0.5
26,25,2,5,2,2,3,2,17,1,1,1,1,4,-0.55
26,26,2,5,2,2,5,2,17,1,1,1,1,2,0.5
26,26,2,5,2,2,5,2,17,1,1,1,1,4,-0.55
26,26,2,5,2,2,5,2,17,1,1,1,1,2,0.5
26,26,2,5,2,2,5,2,17,1,1,1,1,4,-0.55
26,26,2,5,2,2,5,2,17,1,1,1,1,2,0.5
26,26,2,5,2,2,5,2,17,1,1,1,1,4,-0.55
26,45,2,5,4,2,3,2,17,1,1,1,1,2,0.790569415042095
26,45,2,5,4,2,3,2,17,1,1,1,1,2,0.790569415042095
26,45,2,5,4,2,3,2,17,1,1,1,1,2,0.790569415042095
26,45,2,5,4,2,3,2,17,1,1,1,1,2,0.790569415042095
26,45,2,5,4,2,3,2,17,1,1,1,1,2,0.790569415042095
26,46,2,5,4,2,5,2,17,1,1,1,1,2,0.790569415042095
26,46,2,5,4,2,5,2,17,1,1,1,1,2,0.790569415042095
26,46,2,5,4,2,5,2,17,1,1,1,1,2,0.790569415042095
26,84,2,5,2,2,3,2,17,1,2,1,2,2,-0.866025403784439
26,84,2,5,2,2,3,2,17,1,2,1,2,4,0.193649167310371
26,84,2,5,2,2,3,2,17,1,2,1,2,2,-0.866025403784439
26,84,2,5,2,2,3,2,17,1,2,1,2,4,0.193649167310371
26,84,2,5,2,2,3,2,17,1,2,1,2,2,-0.866025403784439
26,84,2,5,2,2,3,2,17,1,2,1,2,4,0.193649167310371
26,84,2,5,2,2,3,2,17,1,2,1,2,2,-0.866025403784439
26,84,2,5,2,2,3,2,17,1,2,1,2,4,0.193649167310371
26,84,2,5,2,2,3,2,17,1,2,1,2,2,-0.866025403784439
26,84,2,5,2,2,3,2,17,1,2,1,2,4,0.193649167310371
26,85,2,5,2,2,5,2,17,1,2,1,2,2,-0.866025403784439
26,85,2,5,2,2,5,2,17,1,2,1,2,4,0.193649167310371
26,85,2,5,2,2,5,2,17,1,2,1,2,2,-0.866025403784439
26,85,2,5,2,2,5,2,17,1,2,1,2,4,0.193649167310371
26,85,2,5,2,2,5,2,17,1,2,1,2,2,-0.866025403784439
26,85,2,5,2,2,5,2,17,1,2,1,2,4,0.193649167310371
26,105,2,5,4,2,3,2,17,1,2,1,2,2,0.612372435695794
26,105,2,5,4,2,3,2,17,1,2,1,2,2,0.612372435695794
26,105,2,5,4,2,3,2,17,1,2,1,2,2,0.612372435695794
26,105,2,5,4,2,3,2,17,1,2,1,2,2,0.612372435695794
26,105,2,5,4,2,3,2,17,1,2,1,2,2,0.612372435695794
26,106,2,5,4,2,5,2,17,1,2,1,2,2,0.612372435695794
26,106,2,5,4,2,5,2,17,1,2,1,2,2,0.612372435695794
26,106,2,5,4,2,5,2,17,1,2,1,2,2,0.612372435695794
26,128,2,5,2,2,3,2,17,1,3,1,3,4,0.687386354243376
26,128,2,5,2,2,3,2,17,1,3,1,3,4,0.687386354243376
26,128,2,5,2,2,3,2,17,1,3,1,3,4,0.687386354243376
27,25,3,4,2,2,3,2,17,1,1,1,1,2,0.5
27,25,3,4,2,2,3,2,17,1,1,1,1,4,-0.55
27,25,3,4,2,2,3,2,17,1,1,1,1,2,0.5
27,25,3,4,2,2,3,2,17,1,1,1,1,4,-0.55
27,25,3,4,2,2,3,2,17,1,1,1,1,2,0.5
27,25,3,4,2,2,3,2,17,1,1,1,1,4,-0.55
27,25,3,4,2,2,3,2,17,1,1,1,1,2,0.5
27,25,3,4,2,2,3,2,17,1,1,1,1,4,-0.55
27,25,3,4,2,2,3,2,17,1,1,1,1,2,0.5
27,25,3,4,2,2,3,2,17,1,1,1,1,4,-0.55
27,26,3,4,2,2,5,2,17,1,1,1,1,2,0.5
27,26,3,4,2,2,5,2,17,1,1,1,1,4,-0.55
27,26,3,4,2,2,5,2,17,1,1,1,1,2,0.5
27,26,3,4,2,2,5,2,17,1,1,1,1,4,-0.55
27,26,3,4,2,2,5,2,17,1,1,1,1,2,0.5
27,26,3,4,2,2,5,2,17,1,1,1,1,4,-0.55
27,45,3,4,4,2,3,2,17,1,1,1,1,2,0.790569415042095
27,45,3,4,4,2,3,2,17,1,1,1,1,2,0.790569415042095
27,45,3,4,4,2,3,2,17,1,1,1,1,2,0.790569415042095
27,45,3,4,4,2,3,2,17,1,1,1,1,2,0.790569415042095
27,45,3,4,4,2,3,2,17,1,1,1,1,2,0.790569415042095
27,46,3,4,4,2,5,2,17,1,1,1,1,2,0.790569415042095
27,46,3,4,4,2,5,2,17,1,1,1,1,2,0.790569415042095
27,46,3,4,4,2,5,2,17,1,1,1,1,2,0.790569415042095
27,84,3,4,2,2,3,2,17,1,2,1,2,2,-0.866025403784439
27,84,3,4,2,2,3,2,17,1,2,1,2,4,0.193649167310371
27,84,3,4,2,2,3,2,17,1,2,1,2,2,-0.866025403784439
27,84,3,4,2,2,3,2,17,1,2,1,2,4,0.193649167310371
27,84,3,4,2,2,3,2,17,1,2,1,2,2,-0.866025403784439
27,84,3,4,2,2,3,2,17,1,2,1,2,4,0.193649167310371
27,84,3,4,2,2,3,2,17,1,2,1,2,2,-0.866025403784439
27,84,3,4,2,2,3,2,17,1,2,1,2,4,0.193649167310371
27,84,3,4,2,2,3,2,17,1,2,1,2,2,-0.866025403784439
27,84,3,4,2,2,3,2,17,1,2,1,2,4,0.193649167310371
27,85,3,4,2,2,5,2,17,1,2,1,2,2,-0.866025403784439
27,85,3,4,2,2,5,2,17,1,2,1,2,4,0.193649167310371
27,85,3,4,2,2,5,2,17,1,2,1,2,2,-0.866025403784439
27,85,3,4,2,2,5,2,17,1,2,1,2,4,0.193649167310371
27,85,3,4,2,2,5,2,17,1,2,1,2,2,-0.866025403784439
27,85,3,4,2,2,5,2,17,1,2,1,2,4,0.193649167310371
27,105,3,4,4,2,3,2,17,1,2,1,2,2,0.612372435695794
27,105,3,4,4,2,3,2,17,1,2,1,2,2,0.612372435695794
27,105,3,4,4,2,3,2,17,1,2,1,2,2,0.612372435695794
27,105,3,4,4,2,3,2,17,1,2,1,2,2,0.612372435695794
27,105,3,4,4,2,3,2,17,1,2,1,2,2,0.612372435695794
27,106,3,4,4,2,5,2,17,1,2,1,2,2,0.612372435695794
27,106,3,4,4,2,5,2,17,1,2,1,2,2,0.612372435695794
27,106,3,4,4,2,5,2,17,1,2,1,2,2,0.612372435695794
27,128,3,4,2,2,3,2,17,1,3,1,3,4,0.687386354243376
27,128,3,4,2,2,3,2,17,1,3,1,3,4,0.687386354243376
27,128,3,4,2,2,3,2,17,1,3,1,3,4,0.687386354243376
28,25,4,5,2,2,3,2,17,1,1,1,1,2,0.5
28,25,4,5,2,2,3,2,17,1,1,1,1,4,-0.55
28,25,4,5,2,2,3,2,17,1,1,1,1,2,0.5
28,25,4,5,2,2,3,2,17,1,1,1,1,4,-0.55
28,25,4,5,2,2,3,2,17,1,1,1,1,2,0.5
28,25,4,5,2,2,3,2,17,1,1,1,1,4,-0.55
28,25,4,5,2,2,3,2,17,1,1,1,1,2,0.5
28,25,4,5,2,2,3,2,17,1,1,1,1,4,-0.55
28,25,4,5,2,2,3,2,17,1,1,1,1,2,0.5
28,25,4,5,2,2,3,2,17,1,1,1,1,4,-0.55
28,26,4,5,2,2,5,2,17,1,1,1,1,2,0.5
28,26,4,5,2,2,5,2,17,1,1,1,1,4,-0.55
28,26,4,5,2,2,5,2,17,1,1,1,1,2,0.5
28,26,4,5,2,2,5,2,17,1,1,1,1,4,-0.55
28,26,4,5,2,2,5,2,17,1,1,1,1,2,0.5
28,26,4,5,2,2,5,2,17,1,1,1,1,4,-0.55
28,45,4,5,4,2,3,2,17,1,1,1,1,2,0.790569415042095
28,45,4,5,4,2,3,2,17,1,1,1,1,2,0.790569415042095
28,45,4,5,4,2,3,2,17,1,1,1,1,2,0.790569415042095
28,45,4,5,4,2,3,2,17,1,1,1,1,2,0.790569415042095
28,45,4,5,4,2,3,2,17,1,1,1,1,2,0.790569415042095
28,46,4,5,4,2,5,2,17,1,1,1,1,2,0.790569415042095
28,46,4,5,4,2,5,2,17,1,1,1,1,2,0.790569415042095
28,46,4,5,4,2,5,2,17,1,1,1,1,2,0.790569415042095
28,84,4,5,2,2,3,2,17,1,2,1,2,2,-0.866025403784439
28,84,4,5,2,2,3,2,17,1,2,1,2,4,0.193649167310371
28,84,4,5,2,2,3,2,17,1,2,1,2,2,-0.866025403784439
28,84,4,5,2,2,3,2,17,1,2,1,2,4,0.193649167310371
28,84,4,5,2,2,3,2,17,1,2,1,2,2,-0.866025403784439
28,84,4,5,2,2,3,2,17,1,2,1,2,4,0.193649167310371
28,84,4,5,2,2,3,2,17,1,2,1,2,2,-0.866025403784439
28,84,4,5,2,2,3,2,17,1,2,1,2,4,0.193649167310371
28,84,4,5,2,2,3,2,17,1,2,1,2,2,-0.866025403784439
28,84,4,5,2,2,3,2,17,1,2,1,2,4,0.193649167310371
28,85,4,5,2,2,5,2,17,1,2,1,2,2,-0.866025403784439
28,85,4,5,2,2,5,2,17,1,2,1,2,4,0.193649167310371
28,85,4,5,2,2,5,2,17,1,2,1,2,2,-0.866025403784439
28,85,4,5,2,2,5,2,17,1,2,1,2,4,0.193649167310371
28,85,4,5,2,2,5,2,17,1,2,1,2,2,-0.866025403784439
28,85,4,5,2,2,5,2,17,1,2,1,2,4,0.193649167310371
28,105,4,5,4,2,3,2,17,1,2,1,2,2,0.612372435695794
28,105,4,5,4,2,3,2,17,1,2,1,2,2,0.612372435695794
28,105,4,5,4,2,3,2,17,1,2,1,2,2,0.612372435695794
28,105,4,5,4,2,3,2,17,1,2,1,2,2,0.612372435695794
28,105,4,5,4,2,3,2,17,1,2,1,2,2,0.612372435695794
28,106,4,5,4,2,5,2,17,1,2,1,2,2,0.612372435695794
28,106,4,5,4,2,5,2,17,1,2,1,2,2,0.612372435695794
28,106,4,5,4,2,5,2,17,1,2,1,2,2,0.612372435695794
28,128,4,5,2,2,3,2,17,1,3,1,3,4,0.687386354243376
28,128,4,5,2,2,3,2,17,1,3,1,3,4,0.687386354243376
28,128,4,5,2,2,3,2,17,1,3,1,3,4,0.687386354243376
29,29,2,3,2,2,3,2,19,1,1,1,1,2,-0.25
29,29,2,3,2,2,3,2,19,1,1,1,1,4,0.5
29,29,2,3,2,2,3,2,19,1,1,1,1,2,-0.25
29,29,2,3,2,2,3,2,19,1,1,1,1,4,0.5
29,29,2,3,2,2,3,2,19,1,1,1,1,2,-0.25
29,29,2,3,2,2,3,2,19,1,1,1,1,4,0.5
29,29,2,3,2,2,3,2,19,1,1,1,1,2,-0.25
29,29,2,3,2,2,3,2,19,1,1,1,1,4,0.5
29,29,2,3,2,2,3,2,19,1,1,1,1,2,-0.25
29,29,2,3,2,2,3,2,19,1,1,1,1,4,0.5
29,30,2,3,2,2,5,2,19,1,1,1,1,2,-0.25
29,30,2,3,2,2,5,2,19,1,1,1,1,4,0.5
29,30,2,3,2,2,5,2,19,1,1,1,1,2,-0.25
29,30,2,3,2,2,5,2,19,1,1,1,1,4,0.5
29,30,2,3,2,2,5,2,19,1,1,1,1,2,-0.25
29,30,2,3,2,2,5,2,19,1,1,1,1,4,0.5
29,49,2,3,4,2,3,2,19,1,1,1,1,2,-1
29,49,2,3,4,2,3,2,19,1,1,1,1,2,-1
29,49,2,3,4,2,3,2,19,1,1,1,1,2,-1
29,49,2,3,4,2,3,2,19,1,1,1,1,2,-1
29,49,2,3,4,2,3,2,19,1,1,1,1,2,-1
29,50,2,3,4,2,5,2,19,1,1,1,1,2,-1
29,50,2,3,4,2,5,2,19,1,1,1,1,2,-1
29,50,2,3,4,2,5,2,19,1,1,1,1,2,-1
29,87,2,3,2,2,3,2,19,1,2,1,2,2,0.968245836551854
29,87,2,3,2,2,3,2,19,1,2,1,2,4,-0.866025403784438
29,87,2,3,2,2,3,2,19,1,2,1,2,2,0.968245836551854
29,87,2,3,2,2,3,2,19,1,2,1,2,4,-0.866025403784438
29,87,2,3,2,2,3,2,19,1,2,1,2,2,0.968245836551854
29,87,2,3,2,2,3,2,19,1,2,1,2,4,-0.866025403784438
29,87,2,3,2,2,3,2,19,1,2,1,2,2,0.968245836551854
29,87,2,3,2,2,3,2,19,1,2,1,2,4,-0.866025403784438
29,87,2,3,2,2,3,2,19,1,2,1,2,2,0.968245836551854
29,87,2,3,2,2,3,2,19,1,2,1,2,4,-0.866025403784438
29,88,2,3,2,2,5,2,19,1,2,1,2,2,0.968245836551854
29,88,2,3,2,2,5,2,19,1,2,1,2,4,-0.866025403784438
29,88,2,3,2,2,5,2,19,1,2,1,2,2,0.968245836551854
29,88,2,3,2,2,5,2,19,1,2,1,2,4,-0.866025403784438
29,88,2,3,2,2,5,2,19,1,2,1,2,2,0.968245836551854
29,88,2,3,2,2,5,2,19,1,2,1,2,4,-0.866025403784438
30,29,2,5,2,2,3,2,19,1,1,1,1,2,-0.25
30,29,2,5,2,2,3,2,19,1,1,1,1,4,0.5
30,29,2,5,2,2,3,2,19,1,1,1,1,2,-0.25
30,29,2,5,2,2,3,2,19,1,1,1,1,4,0.5
30,29,2,5,2,2,3,2,19,1,1,1,1,2,-0.25
30,29,2,5,2,2,3,2,19,1,1,1,1,4,0.5
30,29,2,5,2,2,3,2,19,1,1,1,1,2,-0.25
30,29,2,5,2,2,3,2,19,1,1,1,1,4,0.5
30,29,2,5,2,2,3,2,19,1,1,1,1,2,-0.25
30,29,2,5,2,2,3,2,19,1,1,1,1,4,0.5
30,30,2,5,2,2,5,2,19,1,1,1,1,2,-0.25
30,30,2,5,2,2,5,2,19,1,1,1,1,4,0.5
30,30,2,5,2,2,5,2,19,1,1,1,1,2,-0.25
30,30,2,5,2,2,5,2,19,1,1,1,1,4,0.5
30,30,2,5,2,2,5,2,19,1,1,1,1,2,-0.25
30,30,2,5,2,2,5,2,19,1,1,1,1,4,0.5
30,49,2,5,4,2,3,2,19,1,1,1,1,2,-1
30,49,2,5,4,2,3,2,19,1,1,1,1,2,-1
30,49,2,5,4,2,3,2,19,1,1,1,1,2,-1
30,49,2,5,4,2,3,2,19,1,1,1,1,2,-1
30,49,2,5,4,2,3,2,19,1,1,1,1,2,-1
30,50,2,5,4,2,5,2,19,1,1,1,1,2,-1
30,50,2,5,4,2,5,2,19,1,1,1,1,2,-1
30,50,2,5,4,2,5,2,19,1,1,1,1,2,-1
30,87,2,5,2,2,3,2,19,1,2,1,2,2,0.968245836551854
30,87,2,5,2,2,3,2,19,1,2,1,2,4,-0.866025403784438
30,87,2,5,2,2,3,2,19,1,2,1,2,2,0.968245836551854
30,87,2,5,2,2,3,2,19,1,2,1,2,4,-0.866025403784438
30,87,2,5,2,2,3,2,19,1,2,1,2,2,0.968245836551854
30,87,2,5,2,2,3,2,19,1,2,1,2,4,-0.866025403784438
30,87,2,5,2,2,3,2,19,1,2,1,2,2,0.968245836551854
30,87,2,5,2,2,3,2,19,1,2,1,2,4,-0.866025403784438
30,87,2,5,2,2,3,2,19,1,2,1,2,2,0.968245836551854
30,87,2,5,2,2,3,2,19,1,2,1,2,4,-0.866025403784438
30,88,2,5,2,2,5,2,19,1,2,1,2,2,0.968245836551854
30,88,2,5,2,2,5,2,19,1,2,1,2,4,-0.866025403784438
30,88,2,5,2,2,5,2,19,1,2,1,2,2,0.968245836551854
30,88,2,5,2,2,5,2,19,1,2,1,2,4,-0.866025403784438
30,88,2,5,2,2,5,2,19,1,2,1,2,2,0.968245836551854
30,88,2,5,2,2,5,2,19,1,2,1,2,4,-0.866025403784438
31,29,3,4,2,2,3,2,19,1,1,1,1,2,-0.25
31,29,3,4,2,2,3,2,19,1,1,1,1,4,0.5
31,29,3,4,2,2,3,2,19,1,1,1,1,2,-0.25
31,29,3,4,2,2,3,2,19,1,1,1,1,4,0.5
31,29,3,4,2,2,3,2,19,1,1,1,1,2,-0.25
31,29,3,4,2,2,3,2,19,1,1,1,1,4,0.5
31,29,3,4,2,2,3,2,19,1,1,1,1,2,-0.25
31,29,3,4,2,2,3,2,19,1,1,1,1,4,0.5
31,29,3,4,2,2,3,2,19,1,1,1,1,2,-0.25
31,29,3,4,2,2,3,2,19,1,1,1,1,4,0.5
31,30,3,4,2,2,5,2,19,1,1,1,1,2,-0.25
31,30,3,4,2,2,5,2,19,1,1,1,1,4,0.5
31,30,3,4,2,2,5,2,19,1,1,1,1,2,-0.25
31,30,3,4,2,2,5,2,19,1,1,1,1,4,0.5
31,30,3,4,2,2,5,2,19,1,1,1,1,2,-0.25
31,30,3,4,2,2,5,2,19,1,1,1,1,4,0.5
31,49,3,4,4,2,3,2,19,1,1,1,1,2,-1
31,49,3,4,4,2,3,2,19,1,1,1,1,2,-1
31,49,3,4,4,2,3,2,19,1,1,1,1,2,-1
31,49,3,4,4,2,3,2,19,1,1,1,1,2,-1
31,49,3,4,4,2,3,2,19,1,1,1,1,2,-1
31,50,3,4,4,2,5,2,19,1,1,1,1,2,-1
31,50,3,4,4,2,5,2,19,1,1,1,1,2,-1
31,50,3,4,4,2,5,2,19,1,1,1,1,2,-1
31,87,3,4,2,2,3,2,19,1,2,1,2,2,0.968245836551854
31,87,3,4,2,2,3,2,19,1,2,1,2,4,-0.866025403784438
31,87,3,4,2,2,3,2,19,1,2,1,2,2,0.968245836551854
31,87,3,4,2,2,3,2,19,1,2,1,2,4,-0.866025403784438
31,87,3,4,2,2,3,2,19,1,2,1,2,2,0.968245836551854
31,87,3,4,2,2,3,2,19,1,2,1,2,4,-0.866025403784438
31,87,3,4,2,2,3,2,19,1,2,1,2,2,0.968245836551854
31,87,3,4,2,2,3,2,19,1,2,1,2,4,-0.866025403784438
31,87,3,4,2,2,3,2,19,1,2,1,2,2,0.968245836551854
31,87,3,4,2,2,3,2,19,1,2,1,2,4,-0.866025403784438
31,88,3,4,2,2,5,2,19,1,2,1,2,2,0.968245836551854
31,88,3,4,2,2,5,2,19,1,2,1,2,4,-0.866025403784438
31,88,3,4,2,2,5,2,19,1,2,1,2,2,0.968245836551854
31,88,3,4,2,2,5,2,19,1,2,1,2,4,-0.866025403784438
31,88,3,4,2,2,5,2,19,1,2,1,2,2,0.968245836551854
31,88,3,4,2,2,5,2,19,1,2,1,2,4,-0.866025403784438
32,29,4,5,2,2,3,2,19,1,1,1,1,2,-0.25
32,29,4,5,2,2,3,2,19,1,1,1,1,4,0.5
32,29,4,5,2,2,3,2,19,1,1,1,1,2,-0.25
32,29,4,5,2,2,3,2,19,1,1,1,1,4,0.5
32,29,4,5,2,2,3,2,19,1,1,1,1,2,-0.25
32,29,4,5,2,2,3,2,19,1,1,1,1,4,0.5
32,29,4,5,2,2,3,2,19,1,1,1,1,2,-0.25
32,29,4,5,2,2,3,2,19,1,1,1,1,4,0.5
32,29,4,5,2,2,3,2,19,1,1,1,1,2,-0.25
32,29,4,5,2,2,3,2,19,1,1,1,1,4,0.5
32,30,4,5,2,2,5,2,19,1,1,1,1,2,-0.25
32,30,4,5,2,2,5,2,19,1,1,1,1,4,0.5
32,30,4,5,2,2,5,2,19,1,1,1,1,2,-0.25
32,30,4,5,2,2,5,2,19,1,1,1,1,4,0.5
32,30,4,5,2,2,5,2,19,1,1,1,1,2,-0.25
32,30,4,5,2,2,5,2,19,1,1,1,1,4,0.5
32,49,4,5,4,2,3,2,19,1,1,1,1,2,-1
32,49,4,5,4,2,3,2,19,1,1,1,1,2,-1
32,49,4,5,4,2,3,2,19,1,1,1,1,2,-1
32,49,4,5,4,2,3,2,19,1,1,1,1,2,-1
32,49,4,5,4,2,3,2,19,1,1,1,1,2,-1
32,50,4,5,4,2,5,2,19,1,1,1,1,2,-1
32,50,4,5,4,2,5,2,19,1,1,1,1,2,-1
32,50,4,5,4,2,5,2,19,1,1,1,1,2,-1
32,87,4,5,2,2,3,2,19,1,2,1,2,2,0.968245836551854
32,87,4,5,2,2,3,2,19,1,2,1,2,4,-0.866025403784438
32,87,4,5,2,2,3,2,19,1,2,1,2,2,0.968245836551854
32,87,4,5,2,2,3,2,19,1,2,1,2,4,-0.866025403784438
32,87,4,5,2,2,3,2,19,1,2,1,2,2,0.968245836551854
32,87,4,5,2,2,3,2,19,1,2,1,2,4,-0.866025403784438
32,87,4,5,2,2,3,2,19,1,2,1,2,2,0.968245836551854
32,87,4,5,2,2,3,2,19,1,2,1,2,4,-0.866025403784438
32,87,4,5,2,2,3,2,19,1,2,1,2,2,0.968245836551854
32,87,4,5,2,2,3,2,19,1,2,1,2,4,-0.866025403784438
32,88,4,5,2,2,5,2,19,1,2,1,2,2,0.968245836551854
32,88,4,5,2,2,5,2,19,1,2,1,2,4,-0.866025403784438
32,88,4,5,2,2,5,2,19,1,2,1,2,2,0.968245836551854
32,88,4,5,2,2,5,2,19,1,2,1,2,4,-0.866025403784438
32,88,4,5,2,2,5,2,19,1,2,1,2,2,0.968245836551854
32,88,4,5,2,2,5,2,19,1,2,1,2,4,-0.866025403784438
33,35,2,3,3,3,4,3,14,1,1,1,1,2,-0.75
33,35,2,3,3,3,4,3,14,1,1,1,1,4,-0.3
33,35,2,3,3,3,4,3,14,1,1,1,1,2,-0.75
33,35,2,3,3,3,4,3,14,1,1,1,1,4,-0.3
33,35,2,3,3,3,4,3,14,1,1,1,1,2,-0.75
33,35,2,3,3,3,4,3,14,1,1,1,1,4,-0.3
33,95,2,3,3,3,4,3,14,1,2,1,2,2,0.661437827766148
33,95,2,3,3,3,4,3,14,1,2,1,2,4,0.591607978309961
33,95,2,3,3,3,4,3,14,1,2,1,2,2,0.661437827766148
33,95,2,3,3,3,4,3,14,1,2,1,2,4,0.591607978309961
33,95,2,3,3,3,4,3,14,1,2,1,2,2,0.661437827766148
33,95,2,3,3,3,4,3,14,1,2,1,2,4,0.591607978309961
33,110,2,3,5,3,4,3,14,1,2,1,2,2,-1
33,110,2,3,5,3,4,3,14,1,2,1,2,2,-1
33,110,2,3,5,3,4,3,14,1,2,1,2,2,-1
34,35,2,5,3,3,4,3,14,1,1,1,1,2,-0.75
34,35,2,5,3,3,4,3,14,1,1,1,1,4,-0.3
34,35,2,5,3,3,4,3,14,1,1,1,1,2,-0.75
34,35,2,5,3,3,4,3,14,1,1,1,1,4,-0.3
34,35,2,5,3,3,4,3,14,1,1,1,1,2,-0.75
34,35,2,5,3,3,4,3,14,1,1,1,1,4,-0.3
34,95,2,5,3,3,4,3,14,1,2,1,2,2,0.661437827766148
34,95,2,5,3,3,4,3,14,1,2,1,2,4,0.591607978309961
34,95,2,5,3,3,4,3,14,1,2,1,2,2,0.661437827766148
34,95,2,5,3,3,4,3,14,1,2,1,2,4,0.591607978309961
34,95,2,5,3,3,4,3,14,1,2,1,2,2,0.661437827766148
34,95,2,5,3,3,4,3,14,1,2,1,2,4,0.591607978309961
34,110,2,5,5,3,4,3,14,1,2,1,2,2,-1
34,110,2,5,5,3,4,3,14,1,2,1,2,2,-1
34,110,2,5,5,3,4,3,14,1,2,1,2,2,-1
35,35,3,4,3,3,4,3,14,1,1,1,1,2,-0.75
35,35,3,4,3,3,4,3,14,1,1,1,1,4,-0.3
35,35,3,4,3,3,4,3,14,1,1,1,1,2,-0.75
35,35,3,4,3,3,4,3,14,1,1,1,1,4,-0.3
35,35,3,4,3,3,4,3,14,1,1,1,1,2,-0.75
35,35,3,4,3,3,4,3,14,1,1,1,1,4,-0.3
35,95,3,4,3,3,4,3,14,1,2,1,2,2,0.661437827766148
35,95,3,4,3,3,4,3,14,1,2,1,2,4,0.591607978309961
35,95,3,4,3,3,4,3,14,1,2,1,2,2,0.661437827766148
35,95,3,4,3,3,4,3,14,1,2,1,2,4,0.591607978309961
35,95,3,4,3,3,4,3,14,1,2,1,2,2,0.661437827766148
35,95,3,4,3,3,4,3,14,1,2,1,2,4,0.591607978309961
35,110,3,4,5,3,4,3,14,1,2,1,2,2,-1
35,110,3,4,5,3,4,3,14,1,2,1,2,2,-1
35,110,3,4,5,3,4,3,14,1,2,1,2,2,-1
36,35,4,5,3,3,4,3,14,1,1,1,1,2,-0.75
36,35,4,5,3,3,4,3,14,1,1,1,1,4,-0.3
36,35,4,5,3,3,4,3,14,1,1,1,1,2,-0.75
36,35,4,5,3,3,4,3,14,1,1,1,1,4,-0.3
36,35,4,5,3,3,4,3,14,1,1,1,1,2,-0.75
36,35,4,5,3,3,4,3,14,1,1,1,1,4,-0.3
36,95,4,5,3,3,4,3,14,1,2,1,2,2,0.661437827766148
36,95,4,5,3,3,4,3,14,1,2,1,2,4,0.591607978309961
36,95,4,5,3,3,4,3,14,1,2,1,2,2,0.661437827766148
36,95,4,5,3,3,4,3,14,1,2,1,2,4,0.591607978309961
36,95,4,5,3,3,4,3,14,1,2,1,2,2,0.661437827766148
36,95,4,5,3,3,4,3,14,1,2,1,2,4,0.591607978309961
36,110,4,5,5,3,4,3,14,1,2,1,2,2,-1
36,110,4,5,5,3,4,3,14,1,2,1,2,2,-1
36,110,4,5,5,3,4,3,14,1,2,1,2,2,-1
37,39,2,3,3,3,4,3,16,1,1,1,1,2,0.5
37,39,2,3,3,3,4,3,16,1,1,1,1,4,-0.55
37,39,2,3,3,3,4,3,16,1,1,1,1,2,0.5
37,39,2,3,3,3,4,3,16,1,1,1,1,4,-0.55
37,39,2,3,3,3,4,3,16,1,1,1,1,2,0.5
37,39,2,3,3,3,4,3,16,1,1,1,1,4,-0.55
37,55,2,3,5,3,4,3,16,1,1,1,1,2,0.790569415042095
37,55,2,3,5,3,4,3,16,1,1,1,1,2,0.790569415042095
37,55,2,3,5,3,4,3,16,1,1,1,1,2,0.790569415042095
37,98,2,3,3,3,4,3,16,1,2,1,2,2,-0.866025403784439
37,98,2,3,3,3,4,3,16,1,2,1,2,4,0.193649167310371
37,98,2,3,3,3,4,3,16,1,2,1,2,2,-0.866025403784439
37,98,2,3,3,3,4,3,16,1,2,1,2,4,0.193649167310371
37,98,2,3,3,3,4,3,16,1,2,1,2,2,-0.866025403784439
37,98,2,3,3,3,4,3,16,1,2,1,2,4,0.193649167310371
37,113,2,3,5,3,4,3,16,1,2,1,2,2,0.612372435695794
37,113,2,3,5,3,4,3,16,1,2,1,2,2,0.612372435695794
37,113,2,3,5,3,4,3,16,1,2,1,2,2,0.612372435695794
38,39,2,5,3,3,4,3,16,1,1,1,1,2,0.5
38,39,2,5,3,3,4,3,16,1,1,1,1,4,-0.55
38,39,2,5,3,3,4,3,16,1,1,1,1,2,0.5
38,39,2,5,3,3,4,3,16,1,1,1,1,4,-0.55
38,39,2,5,3,3,4,3,16,1,1,1,1,2,0.5
38,39,2,5,3,3,4,3,16,1,1,1,1,4,-0.55
38,55,2,5,5,3,4,3,16,1,1,1,1,2,0.790569415042095
38,55,2,5,5,3,4,3,16,1,1,1,1,2,0.790569415042095
38,55,2,5,5,3,4,3,16,1,1,1,1,2,0.790569415042095
38,98,2,5,3,3,4,3,16,1,2,1,2,2,-0.866025403784439
38,98,2,5,3,3,4,3,16,1,2,1,2,4,0.193649167310371
38,98,2,5,3,3,4,3,16,1,2,1,2,2,-0.866025403784439
38,98,2,5,3,3,4,3,16,1,2,1,2,4,0.193649167310371
38,98,2,5,3,3,4,3,16,1,2,1,2,2,-0.866025403784439
38,98,2,5,3,3,4,3,16,1,2,1,2,4,0.193649167310371
38,113,2,5,5,3,4,3,16,1,2,1,2,2,0.612372435695794
38,113,2,5,5,3,4,3,16,1,2,1,2,2,0.612372435695794
38,113,2,5,5,3,4,3,16,1,2,1,2,2,0.612372435695794
39,39,3,4,3,3,4,3,16,1,1,1,1,2,0.5
39,39,3,4,3,3,4,3,16,1,1,1,1,4,-0.55
39,39,3,4,3,3,4,3,16,1,1,1,1,2,0.5
39,39,3,4,3,3,4,3,16,1,1,1,1,4,-0.55
39,39,3,4,3,3,4,3,16,1,1,1,1,2,0.5
39,39,3,4,3,3,4,3,16,1,1,1,1,4,-0.55
39,55,3,4,5,3,4,3,16,1,1,1,1,2,0.790569415042095
39,55,3,4,5,3,4,3,16,1,1,1,1,2,0.790569415042095
39,55,3,4,5,3,4,3,16,1,1,1,1,2,0.790569415042095
39,98,3,4,3,3,4,3,16,1,2,1,2,2,-0.866025403784439
39,98,3,4,3,3,4,3,16,1,2,1,2,4,0.193649167310371
39,98,3,4,3,3,4,3,16,1,2,1,2,2,-0.866025403784439
39,98,3,4,3,3,4,3,16,1,2,1,2,4,0.193649167310371
39,98,3,4,3,3,4,3,16,1,2,1,2,2,-0.866025403784439
39,98,3,4,3,3,4,3,16,1,2,1,2,4,0.193649167310371
39,113,3,4,5,3,4,3,16,1,2,1,2,2,0.612372435695794
39,113,3,4,5,3,4,3,16,1,2,1,2,2,0.612372435695794
39,113,3,4,5,3,4,3,16,1,2,1,2,2,0.612372435695794
40,39,4,5,3,3,4,3,16,1,1,1,1,2,0.5
40,39,4,5,3,3,4,3,16,1,1,1,1,4,-0.55
40,39,4,5,3,3,4,3,16,1,1,1,1,2,0.5
40,39,4,5,3,3,4,3,16,1,1,1,1,4,-0.55
40,39,4,5,3,3,4,3,16,1,1,1,1,2,0.5
40,39,4,5,3,3,4,3,16,1,1,1,1,4,-0.55
40,55,4,5,5,3,4,3,16,1,1,1,1,2,0.790569415042095
40,55,4,5,5,3,4,3,16,1,1,1,1,2,0.790569415042095
40,55,4,5,5,3,4,3,16,1,1,1,1,2,0.790569415042095
40,98,4,5,3,3,4,3,16,1,2,1,2,2,-0.866025403784439
40,98,4,5,3,3,4,3,16,1,2,1,2,4,0.193649167310371
40,98,4,5,3,3,4,3,16,1,2,1,2,2,-0.866025403784439
40,98,4,5,3,3,4,3,16,1,2,1,2,4,0.193649167310371
40,98,4,5,3,3,4,3,16,1,2,1,2,2,-0.866025403784439
40,98,4,5,3,3,4,3,16,1,2,1,2,4,0.193649167310371
40,113,4,5,5,3,4,3,16,1,2,1,2,2,0.612372435695794
40,113,4,5,5,3,4,3,16,1,2,1,2,2,0.612372435695794
40,113,4,5,5,3,4,3,16,1,2,1,2,2,0.612372435695794
41,43,2,3,3,3,4,3,18,1,1,1,1,2,-0.25
41,43,2,3,3,3,4,3,18,1,1,1,1,4,0.5
41,43,2,3,3,3,4,3,18,1,1,1,1,2,-0.25
41,43,2,3,3,3,4,3,18,1,1,1,1,4,0.5
41,43,2,3,3,3,4,3,18,1,1,1,1,2,-0.25
41,43,2,3,3,3,4,3,18,1,1,1,1,4,0.5
41,59,2,3,5,3,4,3,18,1,1,1,1,2,-1
41,59,2,3,5,3,4,3,18,1,1,1,1,2,-1
41,59,2,3,5,3,4,3,18,1,1,1,1,2,-1
41,101,2,3,3,3,4,3,18,1,2,1,2,2,0.968245836551854
41,101,2,3,3,3,4,3,18,1,2,1,2,4,-0.866025403784438
41,101,2,3,3,3,4,3,18,1,2,1,2,2,0.968245836551854
41,101,2,3,3,3,4,3,18,1,2,1,2,4,-0.866025403784438
41,101,2,3,3,3,4,3,18,1,2,1,2,2,0.968245836551854
41,101,2,3,3,3,4,3,18,1,2,1,2,4,-0.866025403784438
42,43,2,5,3,3,4,3,18,1,1,1,1,2,-0.25
42,43,2,5,3,3,4,3,18,1,1,1,1,4,0.5
42,43,2,5,3,3,4,3,18,1,1,1,1,2,-0.25
42,43,2,5,3,3,4,3,18,1,1,1,1,4,0.5
42,43,2,5,3,3,4,3,18,1,1,1,1,2,-0.25
42,43,2,5,3,3,4,3,18,1,1,1,1,4,0.5
42,59,2,5,5,3,4,3,18,1,1,1,1,2,-1
42,59,2,5,5,3,4,3,18,1,1,1,1,2,-1
42,59,2,5,5,3,4,3,18,1,1,1,1,2,-1
42,101,2,5,3,3,4,3,18,1,2,1,2,2,0.968245836551854
42,101,2,5,3,3,4,3,18,1,2,1,2,4,-0.866025403784438
42,101,2,5,3,3,4,3,18,1,2,1,2,2,0.968245836551854
42,101,2,5,3,3,4,3,18,1,2,1,2,4,-0.866025403784438
42,101,2,5,3,3,4,3,18,1,2,1,2,2,0.968245836551854
42,101,2,5,3,3,4,3,18,1,2,1,2,4,-0.866025403784438
43,43,3,4,3,3,4,3,18,1,1,1,1,2,-0.25
43,43,3,4,3,3,4,3,18,1,1,1,1,4,0.5
43,43,3,4,3,3,4,3,18,1,1,1,1,2,-0.25
43,43,3,4,3,3,4,3,18,1,1,1,1,4,0.5
43,43,3,4,3,3,4,3,18,1,1,1,1,2,-0.25
43,43,3,4,3,3,4,3,18,1,1,1,1,4,0.5
43,59,3,4,5,3,4,3,18,1,1,1,1,2,-1
43,59,3,4,5,3,4,3,18,1,1,1,1,2,-1
43,59,3,4,5,3,4,3,18,1,1,1,1,2,-1
43,101,3,4,3,3,4,3,18,1,2,1,2,2,0.968245836551854
43,101,3,4,3,3,4,3,18,1,2,1,2,4,-0.866025403784438
43,101,3,4,3,3,4,3,18,1,2,1,2,2,0.968245836551854
43,101,3,4,3,3,4,3,18,1,2,1,2,4,-0.866025403784438
43,101,3,4,3,3,4,3,18,1,2,1,2,2,0.968245836551854
43,101,3,4,3,3,4,3,18,1,2,1,2,4,-0.866025403784438
44,43,4,5,3,3,4,3,18,1,1,1,1,2,-0.25
44,43,4,5,3,3,4,3,18,1,1,1,1,4,0.5
44,43,4,5,3,3,4,3,18,1,1,1,1,2,-0.25
44,43,4,5,3,3,4,3,18,1,1,1,1,4,0.5
44,43,4,5,3,3,4,3,18,1,1,1,1,2,-0.25
44,43,4,5,3,3,4,3,18,1,1,1,1,4,0.5
44,59,4,5,5,3,4,3,18,1,1,1,1,2,-1
44,59,4,5,5,3,4,3,18,1,1,1,1,2,-1
44,59,4,5,5,3,4,3,18,1,1,1,1,2,-1
44,101,4,5,3,3,4,3,18,1,2,1,2,2,0.968245836551854
44,101,4,5,3,3,4,3,18,1,2,1,2,4,-0.866025403784438
44,101,4,5,3,3,4,3,18,1,2,1,2,2,0.968245836551854
44,101,4,5,3,3,4,3,18,1,2,1,2,4,-0.866025403784438
44,101,4,5,3,3,4,3,18,1,2,1,2,2,0.968245836551854
44,101,4,5,3,3,4,3,18,1,2,1,2,4,-0.866025403784438
45,28,2,3,2,4,5,4,17,1,1,1,1,2,0.790569415042095
45,28,2,3,2,4,5,4,17,1,1,1,1,2,0.790569415042095
45,28,2,3,2,4,5,4,17,1,1,1,1,2,0.790569415042095
45,48,2,3,4,4,5,4,17,1,1,1,1,2,-1
45,48,2,3,4,4,5,4,17,1,1,1,1,2,-1
45,48,2,3,4,4,5,4,17,1,1,1,1,2,-1
46,28,2,5,2,4,5,4,17,1,1,1,1,2,0.790569415042095
46,28,2,5,2,4,5,4,17,1,1,1,1,2,0.790569415042095
46,28,2,5,2,4,5,4,17,1,1,1,1,2,0.790569415042095
46,48,2,5,4,4,5,4,17,1,1,1,1,2,-1
46,48,2,5,4,4,5,4,17,1,1,1,1,2,-1
46,48,2,5,4,4,5,4,17,1,1,1,1,2,-1
47,28,3,4,2,4,5,4,17,1,1,1,1,2,0.790569415042095
47,28,3,4,2,4,5,4,17,1,1,1,1,2,0.790569415042095
47,28,3,4,2,4,5,4,17,1,1,1,1,2,0.790569415042095
47,48,3,4,4,4,5,4,17,1,1,1,1,2,-1
47,48,3,4,4,4,5,4,17,1,1,1,1,2,-1
47,48,3,4,4,4,5,4,17,1,1,1,1,2,-1
48,28,4,5,2,4,5,4,17,1,1,1,1,2,0.790569415042095
48,28,4,5,2,4,5,4,17,1,1,1,1,2,0.790569415042095
48,28,4,5,2,4,5,4,17,1,1,1,1,2,0.790569415042095
48,48,4,5,4,4,5,4,17,1,1,1,1,2,-1
48,48,4,5,4,4,5,4,17,1,1,1,1,2,-1
48,48,4,5,4,4,5,4,17,1,1,1,1,2,-1
49,32,2,3,2,4,5,4,19,1,1,1,1,2,-1
49,32,2,3,2,4,5,4,19,1,1,1,1,2,-1
49,32,2,3,2,4,5,4,19,1,1,1,1,2,-1
49,52,2,3,4,4,5,4,19,1,1,1,1,2,0.5
49,52,2,3,4,4,5,4,19,1,1,1,1,2,0.5
49,52,2,3,4,4,5,4,19,1,1,1,1,2,0.5
50,32,2,5,2,4,5,4,19,1,1,1,1,2,-1
50,32,2,5,2,4,5,4,19,1,1,1,1,2,-1
50,32,2,5,2,4,5,4,19,1,1,1,1,2,-1
50,52,2,5,4,4,5,4,19,1,1,1,1,2,0.5
50,52,2,5,4,4,5,4,19,1,1,1,1,2,0.5
50,52,2,5,4,4,5,4,19,1,1,1,1,2,0.5
51,32,3,4,2,4,5,4,19,1,1,1,1,2,-1
51,32,3,4,2,4,5,4,19,1,1,1,1,2,-1
51,32,3,4,2,4,5,4,19,1,1,1,1,2,-1
51,52,3,4,4,4,5,4,19,1,1,1,1,2,0.5
51,52,3,4,4,4,5,4,19,1,1,1,1,2,0.5
51,52,3,4,4,4,5,4,19,1,1,1,1,2,0.5
52,32,4,5,2,4,5,4,19,1,1,1,1,2,-1
52,32,4,5,2,4,5,4,19,1,1,1,1,2,-1
52,32,4,5,2,4,5,4,19,1,1,1,1,2,-1
52,52,4,5,4,4,5,4,19,1,1,1,1,2,0.5
52,52,4,5,4,4,5,4,19,1,1,1,1,2,0.5
52,52,4,5,4,4,5,4,19,1,1,1,1,2,0.5
61,23,3,5,2,3,4,3,15,1,1,1,1,2,-0.75
61,23,3,5,2,3,4,3,15,1,1,1,1,4,-0.3
61,23,3,5,2,3,4,3,15,1,1,1,1,2,-0.75
61,23,3,5,2,3,4,3,15,1,1,1,1,4,-0.3
61,23,3,5,2,3,4,3,15,1,1,1,1,2,-0.75
61,23,3,5,2,3,4,3,15,1,1,1,1,4,-0.3
61,61,3,5,3,3,5,3,15,1,1,1,1,2,-0.75
61,61,3,5,3,3,5,3,15,1,1,1,1,4,-0.3
61,61,3,5,3,3,5,3,15,1,1,1,1,2,-0.75
61,61,3,5,3,3,5,3,15,1,1,1,1,4,-0.3
61,61,3,5,3,3,5,3,15,1,1,1,1,2,-0.75
61,61,3,5,3,3,5,3,15,1,1,1,1,4,-0.3
61,83,3,5,2,3,4,3,15,1,2,1,2,2,0.661437827766148
61,83,3,5,2,3,4,3,15,1,2,1,2,4,0.591607978309961
61,83,3,5,2,3,4,3,15,1,2,1,2,2,0.661437827766148
61,83,3,5,2,3,4,3,15,1,2,1,2,4,0.591607978309961
61,83,3,5,2,3,4,3,15,1,2,1,2,2,0.661437827766148
61,83,3,5,2,3,4,3,15,1,2,1,2,4,0.591607978309961
61,104,3,5,4,3,4,3,15,1,2,1,2,2,-1
61,104,3,5,4,3,4,3,15,1,2,1,2,2,-1
61,104,3,5,4,3,4,3,15,1,2,1,2,2,-1
61,116,3,5,3,3,3,3,15,1,2,1,2,2,0.935414346693486
61,116,3,5,3,3,3,3,15,1,2,1,2,4,0.836660026534076
61,116,3,5,3,3,3,3,15,1,2,1,2,2,0.935414346693486
61,116,3,5,3,3,3,3,15,1,2,1,2,4,0.836660026534076
61,116,3,5,3,3,3,3,15,1,2,1,2,2,0.935414346693486
61,116,3,5,3,3,3,3,15,1,2,1,2,4,0.836660026534076
61,116,3,5,3,3,3,3,15,1,2,1,2,2,0.935414346693486
61,116,3,5,3,3,3,3,15,1,2,1,2,4,0.836660026534076
61,116,3,5,3,3,3,3,15,1,2,1,2,2,0.935414346693486
61,116,3,5,3,3,3,3,15,1,2,1,2,4,0.836660026534076
61,117,3,5,3,3,5,3,15,1,2,1,2,2,0.661437827766148
61,117,3,5,3,3,5,3,15,1,2,1,2,4,0.591607978309961
61,117,3,5,3,3,5,3,15,1,2,1,2,2,0.661437827766148
61,117,3,5,3,3,5,3,15,1,2,1,2,4,0.591607978309961
61,117,3,5,3,3,5,3,15,1,2,1,2,2,0.661437827766148
61,117,3,5,3,3,5,3,15,1,2,1,2,4,0.591607978309961
61,122,3,5,5,3,3,3,15,1,2,1,2,2,-1.41421356237309
61,122,3,5,5,3,3,3,15,1,2,1,2,2,-1.41421356237309
61,122,3,5,5,3,3,3,15,1,2,1,2,2,-1.41421356237309
61,122,3,5,5,3,3,3,15,1,2,1,2,2,-1.41421356237309
61,122,3,5,5,3,3,3,15,1,2,1,2,2,-1.41421356237309
61,123,3,5,5,3,5,3,15,1,2,1,2,2,-1
61,123,3,5,5,3,5,3,15,1,2,1,2,2,-1
61,123,3,5,5,3,5,3,15,1,2,1,2,2,-1
62,27,3,5,2,3,4,3,17,1,1,1,1,2,0.5
62,27,3,5,2,3,4,3,17,1,1,1,1,4,-0.55
62,27,3,5,2,3,4,3,17,1,1,1,1,2,0.5
62,27,3,5,2,3,4,3,17,1,1,1,1,4,-0.55
62,27,3,5,2,3,4,3,17,1,1,1,1,2,0.5
62,27,3,5,2,3,4,3,17,1,1,1,1,4,-0.55
62,47,3,5,4,3,4,3,17,1,1,1,1,2,0.790569415042095
62,47,3,5,4,3,4,3,17,1,1,1,1,2,0.790569415042095
62,47,3,5,4,3,4,3,17,1,1,1,1,2,0.790569415042095
62,62,3,5,3,3,5,3,17,1,1,1,1,2,0.5
62,62,3,5,3,3,5,3,17,1,1,1,1,4,-0.55
62,62,3,5,3,3,5,3,17,1,1,1,1,2,0.5
62,62,3,5,3,3,5,3,17,1,1,1,1,4,-0.55
62,62,3,5,3,3,5,3,17,1,1,1,1,2,0.5
62,62,3,5,3,3,5,3,17,1,1,1,1,4,-0.55
62,64,3,5,5,3,5,3,17,1,1,1,1,2,0.790569415042095
62,64,3,5,5,3,5,3,17,1,1,1,1,2,0.790569415042095
62,64,3,5,5,3,5,3,17,1,1,1,1,2,0.790569415042095
62,86,3,5,2,3,4,3,17,1,2,1,2,2,-0.866025403784439
62,86,3,5,2,3,4,3,17,1,2,1,2,4,0.193649167310371
62,86,3,5,2,3,4,3,17,1,2,1,2,2,-0.866025403784439
62,86,3,5,2,3,4,3,17,1,2,1,2,4,0.193649167310371
62,86,3,5,2,3,4,3,17,1,2,1,2,2,-0.866025403784439
62,86,3,5,2,3,4,3,17,1,2,1,2,4,0.193649167310371
62,107,3,5,4,3,4,3,17,1,2,1,2,2,0.612372435695794
62,107,3,5,4,3,4,3,17,1,2,1,2,2,0.612372435695794
62,107,3,5,4,3,4,3,17,1,2,1,2,2,0.612372435695794
62,118,3,5,3,3,3,3,17,1,2,1,2,2,-1.22474487139159
62,118,3,5,3,3,3,3,17,1,2,1,2,4,0.273861278752583
62,118,3,5,3,3,3,3,17,1,2,1,2,2,-1.22474487139159
62,118,3,5,3,3,3,3,17,1,2,1,2,4,0.273861278752583
62,118,3,5,3,3,3,3,17,1,2,1,2,2,-1.22474487139159
62,118,3,5,3,3,3,3,17,1,2,1,2,4,0.273861278752583
62,118,3,5,3,3,3,3,17,1,2,1,2,2,-1.22474487139159
62,118,3,5,3,3,3,3,17,1,2,1,2,4,0.273861278752583
62,118,3,5,3,3,3,3,17,1,2,1,2,2,-1.22474487139159
62,118,3,5,3,3,3,3,17,1,2,1,2,4,0.273861278752583
62,119,3,5,3,3,5,3,17,1,2,1,2,2,-0.866025403784439
62,119,3,5,3,3,5,3,17,1,2,1,2,4,0.193649167310371
62,119,3,5,3,3,5,3,17,1,2,1,2,2,-0.866025403784439
62,119,3,5,3,3,5,3,17,1,2,1,2,4,0.193649167310371
62,119,3,5,3,3,5,3,17,1,2,1,2,2,-0.866025403784439
62,119,3,5,3,3,5,3,17,1,2,1,2,4,0.193649167310371
62,124,3,5,5,3,3,3,17,1,2,1,2,2,0.866025403784438
62,124,3,5,5,3,3,3,17,1,2,1,2,2,0.866025403784438
62,124,3,5,5,3,3,3,17,1,2,1,2,2,0.866025403784438
62,124,3,5,5,3,3,3,17,1,2,1,2,2,0.866025403784438
62,124,3,5,5,3,3,3,17,1,2,1,2,2,0.866025403784438
62,125,3,5,5,3,5,3,17,1,2,1,2,2,0.612372435695794
62,125,3,5,5,3,5,3,17,1,2,1,2,2,0.612372435695794
62,125,3,5,5,3,5,3,17,1,2,1,2,2,0.612372435695794
63,31,3,5,2,3,4,3,19,1,1,1,1,2,-0.25
63,31,3,5,2,3,4,3,19,1,1,1,1,4,0.5
63,31,3,5,2,3,4,3,19,1,1,1,1,2,-0.25
63,31,3,5,2,3,4,3,19,1,1,1,1,4,0.5
63,31,3,5,2,3,4,3,19,1,1,1,1,2,-0.25
63,31,3,5,2,3,4,3,19,1,1,1,1,4,0.5
63,51,3,5,4,3,4,3,19,1,1,1,1,2,-1
63,51,3,5,4,3,4,3,19,1,1,1,1,2,-1
63,51,3,5,4,3,4,3,19,1,1,1,1,2,-1
63,63,3,5,3,3,5,3,19,1,1,1,1,2,-0.25
63,63,3,5,3,3,5,3,19,1,1,1,1,4,0.5
63,63,3,5,3,3,5,3,19,1,1,1,1,2,-0.25
63,63,3,5,3,3,5,3,19,1,1,1,1,4,0.5
63,63,3,5,3,3,5,3,19,1,1,1,1,2,-0.25
63,63,3,5,3,3,5,3,19,1,1,1,1,4,0.5
63,65,3,5,5,3,5,3,19,1,1,1,1,2,-1
63,65,3,5,5,3,5,3,19,1,1,1,1,2,-1
63,65,3,5,5,3,5,3,19,1,1,1,1,2,-1
63,89,3,5,2,3,4,3,19,1,2,1,2,2,0.968245836551854
63,89,3,5,2,3,4,3,19,1,2,1,2,4,-0.866025403784438
63,89,3,5,2,3,4,3,19,1,2,1,2,2,0.968245836551854
63,89,3,5,2,3,4,3,19,1,2,1,2,4,-0.866025403784438
63,89,3,5,2,3,4,3,19,1,2,1,2,2,0.968245836551854
63,89,3,5,2,3,4,3,19,1,2,1,2,4,-0.866025403784438
63,120,3,5,3,3,3,3,19,1,2,1,2,2,1.36930639376292
63,120,3,5,3,3,3,3,19,1,2,1,2,4,-1.22474487139159
63,120,3,5,3,3,3,3,19,1,2,1,2,2,1.36930639376292
63,120,3,5,3,3,3,3,19,1,2,1,2,4,-1.22474487139159
63,120,3,5,3,3,3,3,19,1,2,1,2,2,1.36930639376292
63,120,3,5,3,3,3,3,19,1,2,1,2,4,-1.22474487139159
63,120,3,5,3,3,3,3,19,1,2,1,2,2,1.36930639376292
63,120,3,5,3,3,3,3,19,1,2,1,2,4,-1.22474487139159
63,120,3,5,3,3,3,3,19,1,2,1,2,2,1.36930639376292
63,120,3,5,3,3,3,3,19,1,2,1,2,4,-1.22474487139159
63,121,3,5,3,3,5,3,19,1,2,1,2,2,0.968245836551854
63,121,3,5,3,3,5,3,19,1,2,1,2,4,-0.866025403784438
63,121,3,5,3,3,5,3,19,1,2,1,2,2,0.968245836551854
63,121,3,5,3,3,5,3,19,1,2,1,2,4,-0.866025403784438
63,121,3,5,3,3,5,3,19,1,2,1,2,2,0.968245836551854
63,121,3,5,3,3,5,3,19,1,2,1,2,4,-0.866025403784438
66,66,2,2,2,2,2,2,12,2,2,2,2,2,-2
66,66,2,2,2,2,2,2,12,2,2,2,2,4,-1
66,66,2,2,2,2,2,2,12,2,2,2,2,6,-0.285714285714286
66,66,2,2,2,2,2,2,12,2,2,2,2,2,-2
66,66,2,2,2,2,2,2,12,2,2,2,2,4,-1
66,66,2,2,2,2,2,2,12,2,2,2,2,6,-0.285714285714286
66,66,2,2,2,2,2,2,12,2,2,2,2,2,-2
66,66,2,2,2,2,2,2,12,2,2,2,2,4,-1
66,66,2,2,2,2,2,2,12,2,2,2,2,6,-0.285714285714286
66,66,2,2,2,2,2,2,12,2,2,2,2,2,-2
66,66,2,2,2,2,2,2,12,2,2,2,2,4,-1
66,66,2,2,2,2,2,2,12,2,2,2,2,6,-0.285714285714286
66,66,2,2,2,2,2,2,12,2,2,2,2,2,-2
66,66,2,2,2,2,2,2,12,2,2,2,2,4,-1
66,66,2,2,2,2,2,2,12,2,2,2,2,6,-0.285714285714286
66,66,2,2,2,2,2,2,12,2,2,2,2,2,-2
66,66,2,2,2,2,2,2,12,2,2,2,2,4,-1
66,66,2,2,2,2,2,2,12,2,2,2,2,6,-0.285714285714286
66,66,2,2,2,2,2,2,12,2,2,2,2,2,-2
66,66,2,2,2,2,2,2,12,2,2,2,2,4,-1
66,66,2,2,2,2,2,2,12,2,2,2,2,6,-0.285714285714286
66,67,2,2,2,2,4,2,12,2,2,2,2,2,-1.4142135623731
66,67,2,2,2,2,4,2,12,2,2,2,2,4,-0.707106781186548
66,67,2,2,2,2,4,2,12,2,2,2,2,6,-0.202030508910442
66,67,2,2,2,2,4,2,12,2,2,2,2,2,-1.4142135623731
66,67,2,2,2,2,4,2,12,2,2,2,2,4,-0.707106781186548
66,67,2,2,2,2,4,2,12,2,2,2,2,6,-0.202030508910442
66,67,2,2,2,2,4,2,12,2,2,2,2,2,-1.4142135623731
66,67,2,2,2,2,4,2,12,2,2,2,2,4,-0.707106781186548
66,67,2,2,2,2,4,2,12,2,2,2,2,6,-0.202030508910442
66,90,2,2,3,2,3,2,12,2,2,2,2,2,-1.4142135623731
66,90,2,2,3,2,3,2,12,2,2,2,2,4,-0.707106781186548
66,90,2,2,3,2,3,2,12,2,2,2,2,6,-0.202030508910442
66,90,2,2,3,2,3,2,12,2,2,2,2,2,-1.4142135623731
66,90,2,2,3,2,3,2,12,2,2,2,2,4,-0.707106781186548
66,90,2,2,3,2,3,2,12,2,2,2,2,6,-0.202030508910442
66,90,2,2,3,2,3,2,12,2,2,2,2,2,-1.4142135623731
66,90,2,2,3,2,3,2,12,2,2,2,2,4,-0.707106781186548
66,90,2,2,3,2,3,2,12,2,2,2,2,6,-0.202030508910442
66,90,2,2,3,2,3,2,12,2,2,2,2,2,-1.4142135623731
66,90,2,2,3,2,3,2,12,2,2,2,2,4,-0.707106781186548
66,90,2,2,3,2,3,2,12,2,2,2,2,6,-0.202030508910442
66,90,2,2,3,2,3,2,12,2,2,2,2,2,-1.4142135623731
66,90,2,2,3,2,3,2,12,2,2,2,2,4,-0.707106781186548
66,90,2,2,3,2,3,2,12,2,2,2,2,6,-0.202030508910442
66,90,2,2,3,2,3,2,12,2,2,2,2,2,-1.4142135623731
66,90,2,2,3,2,3,2,12,2,2,2,2,4,-0.707106781186548
66,90,2,2,3,2,3,2,12,2,2,2,2,6,-0.202030508910442
66,90,2,2,3,2,3,2,12,2,2,2,2,2,-1.4142135623731
66,90,2,2,3,2,3,2,12,2,2,2,2,4,-0.707106781186548
66,90,2,2,3,2,3,2,12,2,2,2,2,6,-0.202030508910442
66,91,2,2,3,2,5,2,12,2,2,2,2,2,-1.4142135623731
66,91,2,2,3,2,5,2,12,2,2,2,2,4,-0.707106781186548
66,91,2,2,3,2,5,2,12,2,2,2,2,6,-0.202030508910442
66,91,2,2,3,2,5,2,12,2,2,2,2,2,-1.4142135623731
66,91,2,2,3,2,5,2,12,2,2,2,2,4,-0.707106781186548
66,91,2,2,3,2,5,2,12,2,2,2,2,6,-0.202030508910442
66,91,2,2,3,2,5,2,12,2,2,2,2,2,-1.4142135623731
66,91,2,2,3,2,5,2,12,2,2,2,2,4,-0.707106781186548
66,91,2,2,3,2,5,2,12,2,2,2,2,6,-0.202030508910442
66,129,2,2,3,2,3,2,12,2,3,2,3,4,1.22474487139159
66,129,2,2,3,2,3,2,12,2,3,2,3,6,0.654653670707977
66,129,2,2,3,2,3,2,12,2,3,2,3,4,1.22474487139159
66,129,2,2,3,2,3,2,12,2,3,2,3,6,0.654653670707977
66,129,2,2,3,2,3,2,12,2,3,2,3,4,1.22474487139159
66,129,2,2,3,2,3,2,12,2,3,2,3,6,0.654653670707977
66,129,2,2,3,2,3,2,12,2,3,2,3,4,1.22474487139159
66,129,2,2,3,2,3,2,12,2,3,2,3,6,0.654653670707977
66,129,2,2,3,2,3,2,12,2,3,2,3,4,1.22474487139159
66,129,2,2,3,2,3,2,12,2,3,2,3,6,0.654653670707977
67,66,2,4,2,2,2,2,12,2,2,2,2,2,-1.4142135623731
67,66,2,4,2,2,2,2,12,2,2,2,2,4,-0.707106781186548
67,66,2,4,2,2,2,2,12,2,2,2,2,6,-0.202030508910442
67,66,2,4,2,2,2,2,12,2,2,2,2,2,-1.4142135623731
67,66,2,4,2,2,2,2,12,2,2,2,2,4,-0.707106781186548
67,66,2,4,2,2,2,2,12,2,2,2,2,6,-0.202030508910442
67,66,2,4,2,2,2,2,12,2,2,2,2,2,-1.4142135623731
67,66,2,4,2,2,2,2,12,2,2,2,2,4,-0.707106781186548
67,66,2,4,2,2,2,2,12,2,2,2,2,6,-0.202030508910442
67,66,2,4,2,2,2,2,12,2,2,2,2,2,-1.4142135623731
67,66,2,4,2,2,2,2,12,2,2,2,2,4,-0.707106781186548
67,66,2,4,2,2,2,2,12,2,2,2,2,6,-0.202030508910442
67,66,2,4,2,2,2,2,12,2,2,2,2,2,-1.4142135623731
67,66,2,4,2,2,2,2,12,2,2,2,2,4,-0.707106781186548
67,66,2,4,2,2,2,2,12,2,2,2,2,6,-0.202030508910442
67,66,2,4,2,2,2,2,12,2,2,2,2,2,-1.4142135623731
67,66,2,4,2,2,2,2,12,2,2,2,2,4,-0.707106781186548
67,66,2,4,2,2,2,2,12,2,2,2,2,6,-0.202030508910442
67,66,2,4,2,2,2,2,12,2,2,2,2,2,-1.4142135623731
67,66,2,4,2,2,2,2,12,2,2,2,2,4,-0.707106781186548
67,66,2,4,2,2,2,2,12,2,2,2,2,6,-0.202030508910442
67,67,2,4,2,2,4,2,12,2,2,2,2,2,-1
67,67,2,4,2,2,4,2,12,2,2,2,2,4,-0.5
67,67,2,4,2,2,4,2,12,2,2,2,2,6,-0.142857142857143
67,67,2,4,2,2,4,2,12,2,2,2,2,2,-1
67,67,2,4,2,2,4,2,12,2,2,2,2,4,-0.5
67,67,2,4,2,2,4,2,12,2,2,2,2,6,-0.142857142857143
67,67,2,4,2,2,4,2,12,2,2,2,2,2,-1
67,67,2,4,2,2,4,2,12,2,2,2,2,4,-0.5
67,67,2,4,2,2,4,2,12,2,2,2,2,6,-0.142857142857143
67,90,2,4,3,2,3,2,12,2,2,2,2,2,-1
67,90,2,4,3,2,3,2,12,2,2,2,2,4,-0.5
67,90,2,4,3,2,3,2,12,2,2,2,2,6,-0.142857142857143
67,90,2,4,3,2,3,2,12,2,2,2,2,2,-1
67,90,2,4,3,2,3,2,12,2,2,2,2,4,-0.5
67,90,2,4,3,2,3,2,12,2,2,2,2,6,-0.142857142857143
67,90,2,4,3,2,3,2,12,2,2,2,2,2,-1
67,90,2,4,3,2,3,2,12,2,2,2,2,4,-0.5
67,90,2,4,3,2,3,2,12,2,2,2,2,6,-0.142857142857143
67,90,2,4,3,2,3,2,12,2,2,2,2,2,-1
67,90,2,4,3,2,3,2,12,2,2,2,2,4,-0.5
67,90,2,4,3,2,3,2,12,2,2,2,2,6,-0.142857142857143
67,90,2,4,3,2,3,2,12,2,2,2,2,2,-1
67,90,2,4,3,2,3,2,12,2,2,2,2,4,-0.5
67,90,2,4,3,2,3,2,12,2,2,2,2,6,-0.142857142857143
67,90,2,4,3,2,3,2,12,2,2,2,2,2,-1
67,90,2,4,3,2,3,2,12,2,2,2,2,4,-0.5
67,90,2,4,3,2,3,2,12,2,2,2,2,6,-0.142857142857143
67,90,2,4,3,2,3,2,12,2,2,2,2,2,-1
67,90,2,4,3,2,3,2,12,2,2,2,2,4,-0.5
67,90,2,4,3,2,3,2,12,2,2,2,2,6,-0.142857142857143
67,91,2,4,3,2,5,2,12,2,2,2,2,2,-1
67,91,2,4,3,2,5,2,12,2,2,2,2,4,-0.5
67,91,2,4,3,2,5,2,12,2,2,2,2,6,-0.142857142857143
67,91,2,4,3,2,5,2,12,2,2,2,2,2,-1
67,91,2,4,3,2,5,2,12,2,2,2,2,4,-0.5
67,91,2,4,3,2,5,2,12,2,2,2,2,6,-0.142857142857143
67,91,2,4,3,2,5,2,12,2,2,2,2,2,-1
67,91,2,4,3,2,5,2,12,2,2,2,2,4,-0.5
67,91,2,4,3,2,5,2,12,2,2,2,2,6,-0.142857142857143
67,129,2,4,3,2,3,2,12,2,3,2,3,4,0.866025403784439
67,129,2,4,3,2,3,2,12,2,3,2,3,6,0.462910049886276
67,129,2,4,3,2,3,2,12,2,3,2,3,4,0.866025403784439
67,129,2,4,3,2,3,2,12,2,3,2,3,6,0.462910049886276
67,129,2,4,3,2,3,2,12,2,3,2,3,4,0.866025403784439
67,129,2,4,3,2,3,2,12,2,3,2,3,6,0.462910049886276
67,129,2,4,3,2,3,2,12,2,3,2,3,4,0.866025403784439
67,129,2,4,3,2,3,2,12,2,3,2,3,6,0.462910049886276
67,129,2,4,3,2,3,2,12,2,3,2,3,4,0.866025403784439
67,129,2,4,3,2,3,2,12,2,3,2,3,6,0.462910049886276
68,16,2,2,2,2,4,2,14,2,1,2,1,2,0.935414346693485
68,16,2,2,2,2,4,2,14,2,1,2,1,4,0.836660026534076
68,16,2,2,2,2,4,2,14,2,1,2,1,2,0.935414346693485
68,16,2,2,2,2,4,2,14,2,1,2,1,4,0.836660026534076
68,16,2,2,2,2,4,2,14,2,1,2,1,2,0.935414346693485
68,16,2,2,2,2,4,2,14,2,1,2,1,4,0.836660026534076
68,33,2,2,3,2,3,2,14,2,1,2,1,2,0.935414346693485
68,33,2,2,3,2,3,2,14,2,1,2,1,4,0.836660026534076
68,33,2,2,3,2,3,2,14,2,1,2,1,2,0.935414346693485
68,33,2,2,3,2,3,2,14,2,1,2,1,4,0.836660026534076
68,33,2,2,3,2,3,2,14,2,1,2,1,2,0.935414346693485
68,33,2,2,3,2,3,2,14,2,1,2,1,4,0.836660026534076
68,33,2,2,3,2,3,2,14,2,1,2,1,2,0.935414346693485
68,33,2,2,3,2,3,2,14,2,1,2,1,4,0.836660026534076
68,33,2,2,3,2,3,2,14,2,1,2,1,2,0.935414346693485
68,33,2,2,3,2,3,2,14,2,1,2,1,4,0.836660026534076
68,34,2,2,3,2,5,2,14,2,1,2,1,2,0.935414346693485
68,34,2,2,3,2,5,2,14,2,1,2,1,4,0.836660026534076
68,34,2,2,3,2,5,2,14,2,1,2,1,2,0.935414346693485
68,34,2,2,3,2,5,2,14,2,1,2,1,4,0.836660026534076
68,34,2,2,3,2,5,2,14,2,1,2,1,2,0.935414346693485
68,34,2,2,3,2,5,2,14,2,1,2,1,4,0.836660026534076
68,68,2,2,2,2,2,2,14,2,2,2,2,2,1.5
68,68,2,2,2,2,2,2,14,2,2,2,2,4,-1
68,68,2,2,2,2,2,2,14,2,2,2,2,6,-1.11904761904762
68,68,2,2,2,2,2,2,14,2,2,2,2,2,1.5
68,68,2,2,2,2,2,2,14,2,2,2,2,4,-1
68,68,2,2,2,2,2,2,14,2,2,2,2,6,-1.11904761904762
68,68,2,2,2,2,2,2,14,2,2,2,2,2,1.5
68,68,2,2,2,2,2,2,14,2,2,2,2,4,-1
68,68,2,2,2,2,2,2,14,2,2,2,2,6,-1.11904761904762
68,68,2,2,2,2,2,2,14,2,2,2,2,2,1.5
68,68,2,2,2,2,2,2,14,2,2,2,2,4,-1
68,68,2,2,2,2,2,2,14,2,2,2,2,6,-1.11904761904762
68,68,2,2,2,2,2,2,14,2,2,2,2,2,1.5
68,68,2,2,2,2,2,2,14,2,2,2,2,4,-1
68,68,2,2,2,2,2,2,14,2,2,2,2,6,-1.11904761904762
68,68,2,2,2,2,2,2,14,2,2,2,2,2,1.5
68,68,2,2,2,2,2,2,14,2,2,2,2,4,-1
68,68,2,2,2,2,2,2,14,2,2,2,2,6,-1.11904761904762
68,68,2,2,2,2,2,2,14,2,2,2,2,2,1.5
68,68,2,2,2,2,2,2,14,2,2,2,2,4,-1
68,68,2,2,2,2,2,2,14,2,2,2,2,6,-1.11904761904762
68,69,2,2,2,2,4,2,14,2,2,2,2,2,1.06066017177982
68,69,2,2,2,2,4,2,14,2,2,2,2,4,-0.707106781186548
68,69,2,2,2,2,4,2,14,2,2,2,2,6,-0.791286159899232
68,69,2,2,2,2,4,2,14,2,2,2,2,2,1.06066017177982
68,69,2,2,2,2,4,2,14,2,2,2,2,4,-0.707106781186548
68,69,2,2,2,2,4,2,14,2,2,2,2,6,-0.791286159899232
68,69,2,2,2,2,4,2,14,2,2,2,2,2,1.06066017177982
68,69,2,2,2,2,4,2,14,2,2,2,2,4,-0.707106781186548
68,69,2,2,2,2,4,2,14,2,2,2,2,6,-0.791286159899232
68,74,2,2,4,2,2,2,14,2,2,2,2,4,1.87082869338697
68,74,2,2,4,2,2,2,14,2,2,2,2,4,1.87082869338697
68,74,2,2,4,2,2,2,14,2,2,2,2,4,1.87082869338697
68,74,2,2,4,2,2,2,14,2,2,2,2,4,1.87082869338697
68,74,2,2,4,2,2,2,14,2,2,2,2,4,1.87082869338697
68,74,2,2,4,2,2,2,14,2,2,2,2,4,1.87082869338697
68,74,2,2,4,2,2,2,14,2,2,2,2,4,1.87082869338697
68,75,2,2,4,2,4,2,14,2,2,2,2,4,1.3228756555323
68,75,2,2,4,2,4,2,14,2,2,2,2,4,1.3228756555323
68,75,2,2,4,2,4,2,14,2,2,2,2,4,1.3228756555323
68,93,2,2,3,2,3,2,14,2,2,2,2,2,1.06066017177982
68,93,2,2,3,2,3,2,14,2,2,2,2,4,-0.707106781186548
68,93,2,2,3,2,3,2,14,2,2,2,2,6,-0.791286159899232
68,93,2,2,3,2,3,2,14,2,2,2,2,2,1.06066017177982
68,93,2,2,3,2,3,2,14,2,2,2,2,4,-0.707106781186548
68,93,2,2,3,2,3,2,14,2,2,2,2,6,-0.791286159899232
68,93,2,2,3,2,3,2,14,2,2,2,2,2,1.06066017177982
68,93,2,2,3,2,3,2,14,2,2,2,2,4,-0.707106781186548
68,93,2,2,3,2,3,2,14,2,2,2,2,6,-0.791286159899232
68,93,2,2,3,2,3,2,14,2,2,2,2,2,1.06066017177982
68,93,2,2,3,2,3,2,14,2,2,2,2,4,-0.707106781186548
68,93,2,2,3,2,3,2,14,2,2,2,2,6,-0.791286159899232
68,93,2,2,3,2,3,2,14,2,2,2,2,2,1.06066017177982
68,93,2,2,3,2,3,2,14,2,2,2,2,4,-0.707106781186548
68,93,2,2,3,2,3,2,14,2,2,2,2,6,-0.791286159899232
68,93,2,2,3,2,3,2,14,2,2,2,2,2,1.06066017177982
68,93,2,2,3,2,3,2,14,2,2,2,2,4,-0.707106781186548
68,93,2,2,3,2,3,2,14,2,2,2,2,6,-0.791286159899232
68,93,2,2,3,2,3,2,14,2,2,2,2,2,1.06066017177982
68,93,2,2,3,2,3,2,14,2,2,2,2,4,-0.707106781186548
68,93,2,2,3,2,3,2,14,2,2,2,2,6,-0.791286159899232
68,94,2,2,3,2,5,2,14,2,2,2,2,2,1.06066017177982
68,94,2,2,3,2,5,2,14,2,2,2,2,4,-0.707106781186548
68,94,2,2,3,2,5,2,14,2,2,2,2,6,-0.791286159899232
68,94,2,2,3,2,5,2,14,2,2,2,2,2,1.06066017177982
68,94,2,2,3,2,5,2,14,2,2,2,2,4,-0.707106781186548
68,94,2,2,3,2,5,2,14,2,2,2,2,6,-0.791286159899232
68,94,2,2,3,2,5,2,14,2,2,2,2,2,1.06066017177982
68,94,2,2,3,2,5,2,14,2,2,2,2,4,-0.707106781186548
68,94,2,2,3,2,5,2,14,2,2,2,2,6,-0.791286159899232
68,108,2,2,5,2,3,2,14,2,2,2,2,4,1.3228756555323
68,108,2,2,5,2,3,2,14,2,2,2,2,4,1.3228756555323
68,108,2,2,5,2,3,2,14,2,2,2,2,4,1.3228756555323
68,108,2,2,5,2,3,2,14,2,2,2,2,4,1.3228756555323
68,108,2,2,5,2,3,2,14,2,2,2,2,4,1.3228756555323
68,108,2,2,5,2,3,2,14,2,2,2,2,4,1.3228756555323
68,108,2,2,5,2,3,2,14,2,2,2,2,4,1.3228756555323
68,109,2,2,5,2,5,2,14,2,2,2,2,4,1.3228756555323
68,109,2,2,5,2,5,2,14,2,2,2,2,4,1.3228756555323
68,109,2,2,5,2,5,2,14,2,2,2,2,4,1.3228756555323
68,130,2,2,3,2,3,2,14,2,3,2,3,4,-0.894427190999916
68,130,2,2,3,2,3,2,14,2,3,2,3,6,0.916341933823035
68,130,2,2,3,2,3,2,14,2,3,2,3,4,-0.894427190999916
68,130,2,2,3,2,3,2,14,2,3,2,3,6,0.916341933823035
68,130,2,2,3,2,3,2,14,2,3,2,3,4,-0.894427190999916
68,130,2,2,3,2,3,2,14,2,3,2,3,6,0.916341933823035
68,130,2,2,3,2,3,2,14,2,3,2,3,4,-0.894427190999916
68,130,2,2,3,2,3,2,14,2,3,2,3,6,0.916341933823035
68,130,2,2,3,2,3,2,14,2,3,2,3,4,-0.894427190999916
68,130,2,2,3,2,3,2,14,2,3,2,3,6,0.916341933823035
69,16,2,4,2,2,4,2,14,2,1,2,1,2,0.661437827766148
69,16,2,4,2,2,4,2,14,2,1,2,1,4,0.591607978309962
69,16,2,4,2,2,4,2,14,2,1,2,1,2,0.661437827766148
69,16,2,4,2,2,4,2,14,2,1,2,1,4,0.591607978309962
69,16,2,4,2,2,4,2,14,2,1,2,1,2,0.661437827766148
69,16,2,4,2,2,4,2,14,2,1,2,1,4,0.591607978309962
69,33,2,4,3,2,3,2,14,2,1,2,1,2,0.661437827766148
69,33,2,4,3,2,3,2,14,2,1,2,1,4,0.591607978309962
69,33,2,4,3,2,3,2,14,2,1,2,1,2,0.661437827766148
69,33,2,4,3,2,3,2,14,2,1,2,1,4,0.591607978309962
69,33,2,4,3,2,3,2,14,2,1,2,1,2,0.661437827766148
69,33,2,4,3,2,3,2,14,2,1,2,1,4,0.591607978309962
69,33,2,4,3,2,3,2,14,2,1,2,1,2,0.661437827766148
69,33,2,4,3,2,3,2,14,2,1,2,1,4,0.591607978309962
69,33,2,4,3,2,3,2,14,2,1,2,1,2,0.661437827766148
69,33,2,4,3,2,3,2,14,2,1,2,1,4,0.591607978309962
69,34,2,4,3,2,5,2,14,2,1,2,1,2,0.661437827766148
69,34,2,4,3,2,5,2,14,2,1,2,1,4,0.591607978309962
69,34,2,4,3,2,5,2,14,2,1,2,1,2,0.661437827766148
69,34,2,4,3,2,5,2,14,2,1,2,1,4,0.591607978309962
69,34,2,4,3,2,5,2,14,2,1,2,1,2,0.661437827766148
69,34,2,4,3,2,5,2,14,2,1,2,1,4,0.591607978309962
69,68,2,4,2,2,2,2,14,2,2,2,2,2,1.06066017177982
69,68,2,4,2,2,2,2,14,2,2,2,2,4,-0.707106781186548
69,68,2,4,2,2,2,2,14,2,2,2,2,6,-0.791286159899232
69,68,2,4,2,2,2,2,14,2,2,2,2,2,1.06066017177982
69,68,2,4,2,2,2,2,14,2,2,2,2,4,-0.707106781186548
69,68,2,4,2,2,2,2,14,2,2,2,2,6,-0.791286159899232
69,68,2,4,2,2,2,2,14,2,2,2,2,2,1.06066017177982
69,68,2,4,2,2,2,2,14,2,2,2,2,4,-0.707106781186548
69,68,2,4,2,2,2,2,14,2,2,2,2,6,-0.791286159899232
69,68,2,4,2,2,2,2,14,2,2,2,2,2,1.06066017177982
69,68,2,4,2,2,2,2,14,2,2,2,2,4,-0.707106781186548
69,68,2,4,2,2,2,2,14,2,2,2,2,6,-0.791286159899232
69,68,2,4,2,2,2,2,14,2,2,2,2,2,1.06066017177982
69,68,2,4,2,2,2,2,14,2,2,2,2,4,-0.707106781186548
69,68,2,4,2,2,2,2,14,2,2,2,2,6,-0.791286159899232
69,68,2,4,2,2,2,2,14,2,2,2,2,2,1.06066017177982
69,68,2,4,2,2,2,2,14,2,2,2,2,4,-0.707106781186548
69,68,2,4,2,2,2,2,14,2,2,2,2,6,-0.791286159899232
69,68,2,4,2,2,2,2,14,2,2,2,2,2,1.06066017177982
69,68,2,4,2,2,2,2,14,2,2,2,2,4,-0.707106781186548
69,68,2,4,2,2,2,2,14,2,2,2,2,6,-0.791286159899232
69,69,2,4,2,2,4,2,14,2,2,2,2,2,0.75
69,69,2,4,2,2,4,2,14,2,2,2,2,4,-0.5
69,69,2,4,2,2,4,2,14,2,2,2,2,6,-0.55952380952381
69,69,2,4,2,2,4,2,14,2,2,2,2,2,0.75
69,69,2,4,2,2,4,2,14,2,2,2,2,4,-0.5
69,69,2,4,2,2,4,2,14,2,2,2,2,6,-0.55952380952381
69,69,2,4,2,2,4,2,14,2,2,2,2,2,0.75
69,69,2,4,2,2,4,2,14,2,2,2,2,4,-0.5
69,69,2,4,2,2,4,2,14,2,2,2,2,6,-0.55952380952381
69,74,2,4,4,2,2,2,14,2,2,2,2,4,1.3228756555323
69,74,2,4,4,2,2,2,14,2,2,2,2,4,1.3228756555323
69,74,2,4,4,2,2,2,14,2,2,2,2,4,1.3228756555323
69,74,2,4,4,2,2,2,14,2,2,2,2,4,1.3228756555323
69,74,2,4,4,2,2,2,14,2,2,2,2,4,1.3228756555323
69,74,2,4,4,2,2,2,14,2,2,2,2,4,1.3228756555323
69,74,2,4,4,2,2,2,14,2,2,2,2,4,1.3228756555323
69,75,2,4,4,2,4,2,14,2,2,2,2,4,0.935414346693485
69,75,2,4,4,2,4,2,14,2,2,2,2,4,0.935414346693485
69,75,2,4,4,2,4,2,14,2,2,2,2,4,0.935414346693485
69,93,2,4,3,2,3,2,14,2,2,2,2,2,0.75
69,93,2,4,3,2,3,2,14,2,2,2,2,4,-0.5
69,93,2,4,3,2,3,2,14,2,2,2,2,6,-0.55952380952381
69,93,2,4,3,2,3,2,14,2,2,2,2,2,0.75
69,93,2,4,3,2,3,2,14,2,2,2,2,4,-0.5
69,93,2,4,3,2,3,2,14,2,2,2,2,6,-0.55952380952381
69,93,2,4,3,2,3,2,14,2,2,2,2,2,0.75
69,93,2,4,3,2,3,2,14,2,2,2,2,4,-0.5
69,93,2,4,3,2,3,2,14,2,2,2,2,6,-0.55952380952381
69,93,2,4,3,2,3,2,14,2,2,2,2,2,0.75
69,93,2,4,3,2,3,2,14,2,2,2,2,4,-0.5
69,93,2,4,3,2,3,2,14,2,2,2,2,6,-0.55952380952381
69,93,2,4,3,2,3,2,14,2,2,2,2,2,0.75
69,93,2,4,3,2,3,2,14,2,2,2,2,4,-0.5
69,93,2,4,3,2,3,2,14,2,2,2,2,6,-0.55952380952381
69,93,2,4,3,2,3,2,14,2,2,2,2,2,0.75
69,93,2,4,3,2,3,2,14,2,2,2,2,4,-0.5
69,93,2,4,3,2,3,2,14,2,2,2,2,6,-0.55952380952381
69,93,2,4,3,2,3,2,14,2,2,2,2,2,0.75
69,93,2,4,3,2,3,2,14,2,2,2,2,4,-0.5
69,93,2,4,3,2,3,2,14,2,2,2,2,6,-0.55952380952381
69,94,2,4,3,2,5,2,14,2,2,2,2,2,0.75
69,94,2,4,3,2,5,2,14,2,2,2,2,4,-0.5
69,94,2,4,3,2,5,2,14,2,2,2,2,6,-0.55952380952381
69,94,2,4,3,2,5,2,14,2,2,2,2,2,0.75
69,94,2,4,3,2,5,2,14,2,2,2,2,4,-0.5
69,94,2,4,3,2,5,2,14,2,2,2,2,6,-0.55952380952381
69,94,2,4,3,2,5,2,14,2,2,2,2,2,0.75
69,94,2,4,3,2,5,2,14,2,2,2,2,4,-0.5
69,94,2,4,3,2,5,2,14,2,2,2,2,6,-0.55952380952381
69,108,2,4,5,2,3,2,14,2,2,2,2,4,0.935414346693485
69,108,2,4,5,2,3,2,14,2,2,2,2,4,0.935414346693485
69,108,2,4,5,2,3,2,14,2,2,2,2,4,0.935414346693485
69,108,2,4,5,2,3,2,14,2,2,2,2,4,0.935414346693485
69,108,2,4,5,2,3,2,14,2,2,2,2,4,0.935414346693485
69,108,2,4,5,2,3,2,14,2,2,2,2,4,0.935414346693485
69,108,2,4,5,2,3,2,14,2,2,2,2,4,0.935414346693485
69,109,2,4,5,2,5,2,14,2,2,2,2,4,0.935414346693485
69,109,2,4,5,2,5,2,14,2,2,2,2,4,0.935414346693485
69,109,2,4,5,2,5,2,14,2,2,2,2,4,0.935414346693485
69,130,2,4,3,2,3,2,14,2,3,2,3,4,-0.632455532033676
69,130,2,4,3,2,3,2,14,2,3,2,3,6,0.647951595291863
69,130,2,4,3,2,3,2,14,2,3,2,3,4,-0.632455532033676
69,130,2,4,3,2,3,2,14,2,3,2,3,6,0.647951595291863
69,130,2,4,3,2,3,2,14,2,3,2,3,4,-0.632455532033676
69,130,2,4,3,2,3,2,14,2,3,2,3,6,0.647951595291863
69,130,2,4,3,2,3,2,14,2,3,2,3,4,-0.632455532033676
69,130,2,4,3,2,3,2,14,2,3,2,3,6,0.647951595291863
69,130,2,4,3,2,3,2,14,2,3,2,3,4,-0.632455532033676
69,130,2,4,3,2,3,2,14,2,3,2,3,6,0.647951595291863
70,17,2,2,2,2,4,2,16,2,1,2,1,2,-1.22474487139159
70,17,2,2,2,2,4,2,16,2,1,2,1,4,0.273861278752583
70,17,2,2,2,2,4,2,16,2,1,2,1,2,-1.22474487139159
70,17,2,2,2,2,4,2,16,2,1,2,1,4,0.273861278752583
70,17,2,2,2,2,4,2,16,2,1,2,1,2,-1.22474487139159
70,17,2,2,2,2,4,2,16,2,1,2,1,4,0.273861278752583
70,19,2,2,4,2,4,2,16,2,1,2,1,4,-1.22474487139159
70,19,2,2,4,2,4,2,16,2,1,2,1,4,-1.22474487139159
70,19,2,2,4,2,4,2,16,2,1,2,1,4,-1.22474487139159
70,37,2,2,3,2,3,2,16,2,1,2,1,2,-1.22474487139159
70,37,2,2,3,2,3,2,16,2,1,2,1,4,0.273861278752583
70,37,2,2,3,2,3,2,16,2,1,2,1,2,-1.22474487139159
70,37,2,2,3,2,3,2,16,2,1,2,1,4,0.273861278752583
70,37,2,2,3,2,3,2,16,2,1,2,1,2,-1.22474487139159
70,37,2,2,3,2,3,2,16,2,1,2,1,4,0.273861278752583
70,37,2,2,3,2,3,2,16,2,1,2,1,2,-1.22474487139159
70,37,2,2,3,2,3,2,16,2,1,2,1,4,0.273861278752583
70,37,2,2,3,2,3,2,16,2,1,2,1,2,-1.22474487139159
70,37,2,2,3,2,3,2,16,2,1,2,1,4,0.273861278752583
70,38,2,2,3,2,5,2,16,2,1,2,1,2,-1.22474487139159
70,38,2,2,3,2,5,2,16,2,1,2,1,4,0.273861278752583
70,38,2,2,3,2,5,2,16,2,1,2,1,2,-1.22474487139159
70,38,2,2,3,2,5,2,16,2,1,2,1,4,0.273861278752583
70,38,2,2,3,2,5,2,16,2,1,2,1,2,-1.22474487139159
70,38,2,2,3,2,5,2,16,2,1,2,1,4,0.273861278752583
70,53,2,2,5,2,3,2,16,2,1,2,1,4,-1.22474487139159
70,53,2,2,5,2,3,2,16,2,1,2,1,4,-1.22474487139159
70,53,2,2,5,2,3,2,16,2,1,2,1,4,-1.22474487139159
70,53,2,2,5,2,3,2,16,2,1,2,1,4,-1.22474487139159
70,53,2,2,5,2,3,2,16,2,1,2,1,4,-1.22474487139159
70,54,2,2,5,2,5,2,16,2,1,2,1,4,-1.22474487139159
70,54,2,2,5,2,5,2,16,2,1,2,1,4,-1.22474487139159
70,54,2,2,5,2,5,2,16,2,1,2,1,4,-1.22474487139159
70,70,2,2,2,2,2,2,16,2,2,2,2,2,-1
70,70,2,2,2,2,2,2,16,2,2,2,2,4,1.5
70,70,2,2,2,2,2,2,16,2,2,2,2,6,-1
70,70,2,2,2,2,2,2,16,2,2,2,2,2,-1
70,70,2,2,2,2,2,2,16,2,2,2,2,4,1.5
70,70,2,2,2,2,2,2,16,2,2,2,2,6,-1
70,70,2,2,2,2,2,2,16,2,2,2,2,2,-1
70,70,2,2,2,2,2,2,16,2,2,2,2,4,1.5
70,70,2,2,2,2,2,2,16,2,2,2,2,6,-1
70,70,2,2,2,2,2,2,16,2,2,2,2,2,-1
70,70,2,2,2,2,2,2,16,2,2,2,2,4,1.5
70,70,2,2,2,2,2,2,16,2,2,2,2,6,-1
70,70,2,2,2,2,2,2,16,2,2,2,2,2,-1
70,70,2,2,2,2,2,2,16,2,2,2,2,4,1.5
70,70,2,2,2,2,2,2,16,2,2,2,2,6,-1
70,70,2,2,2,2,2,2,16,2,2,2,2,2,-1
70,70,2,2,2,2,2,2,16,2,2,2,2,4,1.5
70,70,2,2,2,2,2,2,16,2,2,2,2,6,-1
70,70,2,2,2,2,2,2,16,2,2,2,2,2,-1
70,70,2,2,2,2,2,2,16,2,2,2,2,4,1.5
70,70,2,2,2,2,2,2,16,2,2,2,2,6,-1
70,71,2,2,2,2,4,2,16,2,2,2,2,2,-0.707106781186548
70,71,2,2,2,2,4,2,16,2,2,2,2,4,1.06066017177982
70,71,2,2,2,2,4,2,16,2,2,2,2,6,-0.707106781186548
70,71,2,2,2,2,4,2,16,2,2,2,2,2,-0.707106781186548
70,71,2,2,2,2,4,2,16,2,2,2,2,4,1.06066017177982
70,71,2,2,2,2,4,2,16,2,2,2,2,6,-0.707106781186548
70,71,2,2,2,2,4,2,16,2,2,2,2,2,-0.707106781186548
70,71,2,2,2,2,4,2,16,2,2,2,2,4,1.06066017177982
70,71,2,2,2,2,4,2,16,2,2,2,2,6,-0.707106781186548
70,76,2,2,4,2,2,2,16,2,2,2,2,4,-1
70,76,2,2,4,2,2,2,16,2,2,2,2,4,-1
70,76,2,2,4,2,2,2,16,2,2,2,2,4,-1
70,76,2,2,4,2,2,2,16,2,2,2,2,4,-1
70,76,2,2,4,2,2,2,16,2,2,2,2,4,-1
70,76,2,2,4,2,2,2,16,2,2,2,2,4,-1
70,76,2,2,4,2,2,2,16,2,2,2,2,4,-1
70,77,2,2,4,2,4,2,16,2,2,2,2,4,-0.707106781186548
70,77,2,2,4,2,4,2,16,2,2,2,2,4,-0.707106781186548
70,77,2,2,4,2,4,2,16,2,2,2,2,4,-0.707106781186548
70,96,2,2,3,2,3,2,16,2,2,2,2,2,-0.707106781186548
70,96,2,2,3,2,3,2,16,2,2,2,2,4,1.06066017177982
70,96,2,2,3,2,3,2,16,2,2,2,2,6,-0.707106781186548
70,96,2,2,3,2,3,2,16,2,2,2,2,2,-0.707106781186548
70,96,2,2,3,2,3,2,16,2,2,2,2,4,1.06066017177982
70,96,2,2,3,2,3,2,16,2,2,2,2,6,-0.707106781186548
70,96,2,2,3,2,3,2,16,2,2,2,2,2,-0.707106781186548
70,96,2,2,3,2,3,2,16,2,2,2,2,4,1.06066017177982
70,96,2,2,3,2,3,2,16,2,2,2,2,6,-0.707106781186548
70,96,2,2,3,2,3,2,16,2,2,2,2,2,-0.707106781186548
70,96,2,2,3,2,3,2,16,2,2,2,2,4,1.06066017177982
70,96,2,2,3,2,3,2,16,2,2,2,2,6,-0.707106781186548
70,96,2,2,3,2,3,2,16,2,2,2,2,2,-0.707106781186548
70,96,2,2,3,2,3,2,16,2,2,2,2,4,1.06066017177982
70,96,2,2,3,2,3,2,16,2,2,2,2,6,-0.707106781186548
70,96,2,2,3,2,3,2,16,2,2,2,2,2,-0.707106781186548
70,96,2,2,3,2,3,2,16,2,2,2,2,4,1.06066017177982
70,96,2,2,3,2,3,2,16,2,2,2,2,6,-0.707106781186548
70,96,2,2,3,2,3,2,16,2,2,2,2,2,-0.707106781186548
70,96,2,2,3,2,3,2,16,2,2,2,2,4,1.06066017177982
70,96,2,2,3,2,3,2,16,2,2,2,2,6,-0.707106781186548
70,97,2,2,3,2,5,2,16,2,2,2,2,2,-0.707106781186548
70,97,2,2,3,2,5,2,16,2,2,2,2,4,1.06066017177982
70,97,2,2,3,2,5,2,16,2,2,2,2,6,-0.707106781186548
70,97,2,2,3,2,5,2,16,2,2,2,2,2,-0.707106781186548
70,97,2,2,3,2,5,2,16,2,2,2,2,4,1.06066017177982
70,97,2,2,3,2,5,2,16,2,2,2,2,6,-0.707106781186548
70,97,2,2,3,2,5,2,16,2,2,2,2,2,-0.707106781186548
70,97,2,2,3,2,5,2,16,2,2,2,2,4,1.06066017177982
70,97,2,2,3,2,5,2,16,2,2,2,2,6,-0.707106781186548
70,111,2,2,5,2,3,2,16,2,2,2,2,4,-0.707106781186548
70,111,2,2,5,2,3,2,16,2,2,2,2,4,-0.707106781186548
70,111,2,2,5,2,3,2,16,2,2,2,2,4,-0.707106781186548
70,111,2,2,5,2,3,2,16,2,2,2,2,4,-0.707106781186548
70,111,2,2,5,2,3,2,16,2,2,2,2,4,-0.707106781186548
70,111,2,2,5,2,3,2,16,2,2,2,2,4,-0.707106781186548
70,111,2,2,5,2,3,2,16,2,2,2,2,4,-0.707106781186548
70,112,2,2,5,2,5,2,16,2,2,2,2,4,-0.707106781186548
70,112,2,2,5,2,5,2,16,2,2,2,2,4,-0.707106781186548
70,112,2,2,5,2,5,2,16,2,2,2,2,4,-0.707106781186548
70,131,2,2,3,2,3,2,16,2,3,2,3,4,0.418330013267038
70,131,2,2,3,2,3,2,16,2,3,2,3,6,-0.894427190999916
70,131,2,2,3,2,3,2,16,2,3,2,3,4,0.418330013267038
70,131,2,2,3,2,3,2,16,2,3,2,3,6,-0.894427190999916
70,131,2,2,3,2,3,2,16,2,3,2,3,4,0.418330013267038
70,131,2,2,3,2,3,2,16,2,3,2,3,6,-0.894427190999916
70,131,2,2,3,2,3,2,16,2,3,2,3,4,0.418330013267038
70,131,2,2,3,2,3,2,16,2,3,2,3,6,-0.894427190999916
70,131,2,2,3,2,3,2,16,2,3,2,3,4,0.418330013267038
70,131,2,2,3,2,3,2,16,2,3,2,3,6,-0.894427190999916
71,17,2,4,2,2,4,2,16,2,1,2,1,2,-0.866025403784439
71,17,2,4,2,2,4,2,16,2,1,2,1,4,0.193649167310371
71,17,2,4,2,2,4,2,16,2,1,2,1,2,-0.866025403784439
71,17,2,4,2,2,4,2,16,2,1,2,1,4,0.193649167310371
71,17,2,4,2,2,4,2,16,2,1,2,1,2,-0.866025403784439
71,17,2,4,2,2,4,2,16,2,1,2,1,4,0.193649167310371
71,19,2,4,4,2,4,2,16,2,1,2,1,4,-0.866025403784439
71,19,2,4,4,2,4,2,16,2,1,2,1,4,-0.866025403784439
71,19,2,4,4,2,4,2,16,2,1,2,1,4,-0.866025403784439
71,37,2,4,3,2,3,2,16,2,1,2,1,2,-0.866025403784439
71,37,2,4,3,2,3,2,16,2,1,2,1,4,0.193649167310371
71,37,2,4,3,2,3,2,16,2,1,2,1,2,-0.866025403784439
71,37,2,4,3,2,3,2,16,2,1,2,1,4,0.193649167310371
71,37,2,4,3,2,3,2,16,2,1,2,1,2,-0.866025403784439
71,37,2,4,3,2,3,2,16,2,1,2,1,4,0.193649167310371
71,37,2,4,3,2,3,2,16,2,1,2,1,2,-0.866025403784439
71,37,2,4,3,2,3,2,16,2,1,2,1,4,0.193649167310371
71,37,2,4,3,2,3,2,16,2,1,2,1,2,-0.866025403784439
71,37,2,4,3,2,3,2,16,2,1,2,1,4,0.193649167310371
71,38,2,4,3,2,5,2,16,2,1,2,1,2,-0.866025403784439
71,38,2,4,3,2,5,2,16,2,1,2,1,4,0.193649167310371
71,38,2,4,3,2,5,2,16,2,1,2,1,2,-0.866025403784439
71,38,2,4,3,2,5,2,16,2,1,2,1,4,0.193649167310371
71,38,2,4,3,2,5,2,16,2,1,2,1,2,-0.866025403784439
71,38,2,4,3,2,5,2,16,2,1,2,1,4,0.193649167310371
71,53,2,4,5,2,3,2,16,2,1,2,1,4,-0.866025403784439
71,53,2,4,5,2,3,2,16,2,1,2,1,4,-0.866025403784439
71,53,2,4,5,2,3,2,16,2,1,2,1,4,-0.866025403784439
71,53,2,4,5,2,3,2,16,2,1,2,1,4,-0.866025403784439
71,53,2,4,5,2,3,2,16,2,1,2,1,4,-0.866025403784439
71,54,2,4,5,2,5,2,16,2,1,2,1,4,-0.866025403784439
71,54,2,4,5,2,5,2,16,2,1,2,1,4,-0.866025403784439
71,54,2,4,5,2,5,2,16,2,1,2,1,4,-0.866025403784439
71,70,2,4,2,2,2,2,16,2,2,2,2,2,-0.707106781186548
71,70,2,4,2,2,2,2,16,2,2,2,2,4,1.06066017177982
71,70,2,4,2,2,2,2,16,2,2,2,2,6,-0.707106781186548
71,70,2,4,2,2,2,2,16,2,2,2,2,2,-0.707106781186548
71,70,2,4,2,2,2,2,16,2,2,2,2,4,1.06066017177982
71,70,2,4,2,2,2,2,16,2,2,2,2,6,-0.707106781186548
71,70,2,4,2,2,2,2,16,2,2,2,2,2,-0.707106781186548
71,70,2,4,2,2,2,2,16,2,2,2,2,4,1.06066017177982
71,70,2,4,2,2,2,2,16,2,2,2,2,6,-0.707106781186548
71,70,2,4,2,2,2,2,16,2,2,2,2,2,-0.707106781186548
71,70,2,4,2,2,2,2,16,2,2,2,2,4,1.06066017177982
71,70,2,4,2,2,2,2,16,2,2,2,2,6,-0.707106781186548
71,70,2,4,2,2,2,2,16,2,2,2,2,2,-0.707106781186548
71,70,2,4,2,2,2,2,16,2,2,2,2,4,1.06066017177982
71,70,2,4,2,2,2,2,16,2,2,2,2,6,-0.707106781186548
71,70,2,4,2,2,2,2,16,2,2,2,2,2,-0.707106781186548
71,70,2,4,2,2,2,2,16,2,2,2,2,4,1.06066017177982
71,70,2,4,2,2,2,2,16,2,2,2,2,6,-0.707106781186548
71,70,2,4,2,2,2,2,16,2,2,2,2,2,-0.707106781186548
71,70,2,4,2,2,2,2,16,2,2,2,2,4,1.06066017177982
71,70,2,4,2,2,2,2,16,2,2,2,2,6,-0.707106781186548
71,71,2,4,2,2,4,2,16,2,2,2,2,2,-0.5
71,71,2,4,2,2,4,2,16,2,2,2,2,4,0.75
71,71,2,4,2,2,4,2,16,2,2,2,2,6,-0.5
71,71,2,4,2,2,4,2,16,2,2,2,2,2,-0.5
71,71,2,4,2,2,4,2,16,2,2,2,2,4,0.75
71,71,2,4,2,2,4,2,16,2,2,2,2,6,-0.5
71,71,2,4,2,2,4,2,16,2,2,2,2,2,-0.5
71,71,2,4,2,2,4,2,16,2,2,2,2,4,0.75
71,71,2,4,2,2,4,2,16,2,2,2,2,6,-0.5
71,76,2,4,4,2,2,2,16,2,2,2,2,4,-0.707106781186548
71,76,2,4,4,2,2,2,16,2,2,2,2,4,-0.707106781186548
71,76,2,4,4,2,2,2,16,2,2,2,2,4,-0.707106781186548
71,76,2,4,4,2,2,2,16,2,2,2,2,4,-0.707106781186548
71,76,2,4,4,2,2,2,16,2,2,2,2,4,-0.707106781186548
71,76,2,4,4,2,2,2,16,2,2,2,2,4,-0.707106781186548
71,76,2,4,4,2,2,2,16,2,2,2,2,4,-0.707106781186548
71,77,2,4,4,2,4,2,16,2,2,2,2,4,-0.5
71,77,2,4,4,2,4,2,16,2,2,2,2,4,-0.5
71,77,2,4,4,2,4,2,16,2,2,2,2,4,-0.5
71,96,2,4,3,2,3,2,16,2,2,2,2,2,-0.5
71,96,2,4,3,2,3,2,16,2,2,2,2,4,0.75
71,96,2,4,3,2,3,2,16,2,2,2,2,6,-0.5
71,96,2,4,3,2,3,2,16,2,2,2,2,2,-0.5
71,96,2,4,3,2,3,2,16,2,2,2,2,4,0.75
71,96,2,4,3,2,3,2,16,2,2,2,2,6,-0.5
71,96,2,4,3,2,3,2,16,2,2,2,2,2,-0.5
71,96,2,4,3,2,3,2,16,2,2,2,2,4,0.75
71,96,2,4,3,2,3,2,16,2,2,2,2,6,-0.5
71,96,2,4,3,2,3,2,16,2,2,2,2,2,-0.5
71,96,2,4,3,2,3,2,16,2,2,2,2,4,0.75
71,96,2,4,3,2,3,2,16,2,2,2,2,6,-0.5
71,96,2,4,3,2,3,2,16,2,2,2,2,2,-0.5
71,96,2,4,3,2,3,2,16,2,2,2,2,4,0.75
71,96,2,4,3,2,3,2,16,2,2,2,2,6,-0.5
71,96,2,4,3,2,3,2,16,2,2,2,2,2,-0.5
71,96,2,4,3,2,3,2,16,2,2,2,2,4,0.75
71,96,2,4,3,2,3,2,16,2,2,2,2,6,-0.5
71,96,2,4,3,2,3,2,16,2,2,2,2,2,-0.5
71,96,2,4,3,2,3,2,16,2,2,2,2,4,0.75
71,96,2,4,3,2,3,2,16,2,2,2,2,6,-0.5
71,97,2,4,3,2,5,2,16,2,2,2,2,2,-0.5
71,97,2,4,3,2,5,2,16,2,2,2,2,4,0.75
71,97,2,4,3,2,5,2,16,2,2,2,2,6,-0.5
71,97,2,4,3,2,5,2,16,2,2,2,2,2,-0.5
71,97,2,4,3,2,5,2,16,2,2,2,2,4,0.75
71,97,2,4,3,2,5,2,16,2,2,2,2,6,-0.5
71,97,2,4,3,2,5,2,16,2,2,2,2,2,-0.5
71,97,2,4,3,2,5,2,16,2,2,2,2,4,0.75
71,97,2,4,3,2,5,2,16,2,2,2,2,6,-0.5
71,111,2,4,5,2,3,2,16,2,2,2,2,4,-0.5
71,111,2,4,5,2,3,2,16,2,2,2,2,4,-0.5
71,111,2,4,5,2,3,2,16,2,2,2,2,4,-0.5
71,111,2,4,5,2,3,2,16,2,2,2,2,4,-0.5
71,111,2,4,5,2,3,2,16,2,2,2,2,4,-0.5
71,111,2,4,5,2,3,2,16,2,2,2,2,4,-0.5
71,111,2,4,5,2,3,2,16,2,2,2,2,4,-0.5
71,112,2,4,5,2,5,2,16,2,2,2,2,4,-0.5
71,112,2,4,5,2,5,2,16,2,2,2,2,4,-0.5
71,112,2,4,5,2,5,2,16,2,2,2,2,4,-0.5
71,131,2,4,3,2,3,2,16,2,3,2,3,4,0.295803989154981
71,131,2,4,3,2,3,2,16,2,3,2,3,6,-0.632455532033676
71,131,2,4,3,2,3,2,16,2,3,2,3,4,0.295803989154981
71,131,2,4,3,2,3,2,16,2,3,2,3,6,-0.632455532033676
71,131,2,4,3,2,3,2,16,2,3,2,3,4,0.295803989154981
71,131,2,4,3,2,3,2,16,2,3,2,3,6,-0.632455532033676
71,131,2,4,3,2,3,2,16,2,3,2,3,4,0.295803989154981
71,131,2,4,3,2,3,2,16,2,3,2,3,6,-0.632455532033676
71,131,2,4,3,2,3,2,16,2,3,2,3,4,0.295803989154981
71,131,2,4,3,2,3,2,16,2,3,2,3,6,-0.632455532033676
72,18,2,2,2,2,4,2,18,2,1,2,1,2,1.36930639376292
72,18,2,2,2,2,4,2,18,2,1,2,1,4,-1.22474487139159
72,18,2,2,2,2,4,2,18,2,1,2,1,2,1.36930639376292
72,18,2,2,2,2,4,2,18,2,1,2,1,4,-1.22474487139159
72,18,2,2,2,2,4,2,18,2,1,2,1,2,1.36930639376292
72,18,2,2,2,2,4,2,18,2,1,2,1,4,-1.22474487139159
72,20,2,2,4,2,4,2,18,2,1,2,1,4,0.866025403784439
72,20,2,2,4,2,4,2,18,2,1,2,1,4,0.866025403784439
72,20,2,2,4,2,4,2,18,2,1,2,1,4,0.866025403784439
72,41,2,2,3,2,3,2,18,2,1,2,1,2,1.36930639376292
72,41,2,2,3,2,3,2,18,2,1,2,1,4,-1.22474487139159
72,41,2,2,3,2,3,2,18,2,1,2,1,2,1.36930639376292
72,41,2,2,3,2,3,2,18,2,1,2,1,4,-1.22474487139159
72,41,2,2,3,2,3,2,18,2,1,2,1,2,1.36930639376292
72,41,2,2,3,2,3,2,18,2,1,2,1,4,-1.22474487139159
72,41,2,2,3,2,3,2,18,2,1,2,1,2,1.36930639376292
72,41,2,2,3,2,3,2,18,2,1,2,1,4,-1.22474487139159
72,41,2,2,3,2,3,2,18,2,1,2,1,2,1.36930639376292
72,41,2,2,3,2,3,2,18,2,1,2,1,4,-1.22474487139159
72,42,2,2,3,2,5,2,18,2,1,2,1,2,1.36930639376292
72,42,2,2,3,2,5,2,18,2,1,2,1,4,-1.22474487139159
72,42,2,2,3,2,5,2,18,2,1,2,1,2,1.36930639376292
72,42,2,2,3,2,5,2,18,2,1,2,1,4,-1.22474487139159
72,42,2,2,3,2,5,2,18,2,1,2,1,2,1.36930639376292
72,42,2,2,3,2,5,2,18,2,1,2,1,4,-1.22474487139159
72,57,2,2,5,2,3,2,18,2,1,2,1,4,0.866025403784439
72,57,2,2,5,2,3,2,18,2,1,2,1,4,0.866025403784439
72,57,2,2,5,2,3,2,18,2,1,2,1,4,0.866025403784439
72,57,2,2,5,2,3,2,18,2,1,2,1,4,0.866025403784439
72,57,2,2,5,2,3,2,18,2,1,2,1,4,0.866025403784439
72,58,2,2,5,2,5,2,18,2,1,2,1,4,0.866025403784439
72,58,2,2,5,2,5,2,18,2,1,2,1,4,0.866025403784439
72,58,2,2,5,2,5,2,18,2,1,2,1,4,0.866025403784439
72,72,2,2,2,2,2,2,18,2,2,2,2,2,0.5
72,72,2,2,2,2,2,2,18,2,2,2,2,4,-1
72,72,2,2,2,2,2,2,18,2,2,2,2,6,1.5
72,72,2,2,2,2,2,2,18,2,2,2,2,2,0.5
72,72,2,2,2,2,2,2,18,2,2,2,2,4,-1
72,72,2,2,2,2,2,2,18,2,2,2,2,6,1.5
72,72,2,2,2,2,2,2,18,2,2,2,2,2,0.5
72,72,2,2,2,2,2,2,18,2,2,2,2,4,-1
72,72,2,2,2,2,2,2,18,2,2,2,2,6,1.5
72,72,2,2,2,2,2,2,18,2,2,2,2,2,0.5
72,72,2,2,2,2,2,2,18,2,2,2,2,4,-1
72,72,2,2,2,2,2,2,18,2,2,2,2,6,1.5
72,72,2,2,2,2,2,2,18,2,2,2,2,2,0.5
72,72,2,2,2,2,2,2,18,2,2,2,2,4,-1
72,72,2,2,2,2,2,2,18,2,2,2,2,6,1.5
72,72,2,2,2,2,2,2,18,2,2,2,2,2,0.5
72,72,2,2,2,2,2,2,18,2,2,2,2,4,-1
72,72,2,2,2,2,2,2,18,2,2,2,2,6,1.5
72,72,2,2,2,2,2,2,18,2,2,2,2,2,0.5
72,72,2,2,2,2,2,2,18,2,2,2,2,4,-1
72,72,2,2,2,2,2,2,18,2,2,2,2,6,1.5
72,73,2,2,2,2,4,2,18,2,2,2,2,2,0.353553390593274
72,73,2,2,2,2,4,2,18,2,2,2,2,4,-0.707106781186548
72,73,2,2,2,2,4,2,18,2,2,2,2,6,1.06066017177982
72,73,2,2,2,2,4,2,18,2,2,2,2,2,0.353553390593274
72,73,2,2,2,2,4,2,18,2,2,2,2,4,-0.707106781186548
72,73,2,2,2,2,4,2,18,2,2,2,2,6,1.06066017177982
72,73,2,2,2,2,4,2,18,2,2,2,2,2,0.353553390593274
72,73,2,2,2,2,4,2,18,2,2,2,2,4,-0.707106781186548
72,73,2,2,2,2,4,2,18,2,2,2,2,6,1.06066017177982
72,99,2,2,3,2,3,2,18,2,2,2,2,2,0.353553390593274
72,99,2,2,3,2,3,2,18,2,2,2,2,4,-0.707106781186548
72,99,2,2,3,2,3,2,18,2,2,2,2,6,1.06066017177982
72,99,2,2,3,2,3,2,18,2,2,2,2,2,0.353553390593274
72,99,2,2,3,2,3,2,18,2,2,2,2,4,-0.707106781186548
72,99,2,2,3,2,3,2,18,2,2,2,2,6,1.06066017177982
72,99,2,2,3,2,3,2,18,2,2,2,2,2,0.353553390593274
72,99,2,2,3,2,3,2,18,2,2,2,2,4,-0.707106781186548
72,99,2,2,3,2,3,2,18,2,2,2,2,6,1.06066017177982
72,99,2,2,3,2,3,2,18,2,2,2,2,2,0.353553390593274
72,99,2,2,3,2,3,2,18,2,2,2,2,4,-0.707106781186548
72,99,2,2,3,2,3,2,18,2,2,2,2,6,1.06066017177982
72,99,2,2,3,2,3,2,18,2,2,2,2,2,0.353553390593274
72,99,2,2,3,2,3,2,18,2,2,2,2,4,-0.707106781186548
72,99,2,2,3,2,3,2,18,2,2,2,2,6,1.06066017177982
72,99,2,2,3,2,3,2,18,2,2,2,2,2,0.353553390593274
72,99,2,2,3,2,3,2,18,2,2,2,2,4,-0.707106781186548
72,99,2,2,3,2,3,2,18,2,2,2,2,6,1.06066017177982
72,99,2,2,3,2,3,2,18,2,2,2,2,2,0.353553390593274
72,99,2,2,3,2,3,2,18,2,2,2,2,4,-0.707106781186548
72,99,2,2,3,2,3,2,18,2,2,2,2,6,1.06066017177982
72,100,2,2,3,2,5,2,18,2,2,2,2,2,0.353553390593274
72,100,2,2,3,2,5,2,18,2,2,2,2,4,-0.707106781186548
72,100,2,2,3,2,5,2,18,2,2,2,2,6,1.06066017177982
72,100,2,2,3,2,5,2,18,2,2,2,2,2,0.353553390593274
72,100,2,2,3,2,5,2,18,2,2,2,2,4,-0.707106781186548
72,100,2,2,3,2,5,2,18,2,2,2,2,6,1.06066017177982
72,100,2,2,3,2,5,2,18,2,2,2,2,2,0.353553390593274
72,100,2,2,3,2,5,2,18,2,2,2,2,4,-0.707106781186548
72,100,2,2,3,2,5,2,18,2,2,2,2,6,1.06066017177982
73,18,2,4,2,2,4,2,18,2,1,2,1,2,0.968245836551854
73,18,2,4,2,2,4,2,18,2,1,2,1,4,-0.866025403784439
73,18,2,4,2,2,4,2,18,2,1,2,1,2,0.968245836551854
73,18,2,4,2,2,4,2,18,2,1,2,1,4,-0.866025403784439
73,18,2,4,2,2,4,2,18,2,1,2,1,2,0.968245836551854
73,18,2,4,2,2,4,2,18,2,1,2,1,4,-0.866025403784439
73,20,2,4,4,2,4,2,18,2,1,2,1,4,0.612372435695794
73,20,2,4,4,2,4,2,18,2,1,2,1,4,0.612372435695794
73,20,2,4,4,2,4,2,18,2,1,2,1,4,0.612372435695794
73,41,2,4,3,2,3,2,18,2,1,2,1,2,0.968245836551854
73,41,2,4,3,2,3,2,18,2,1,2,1,4,-0.866025403784439
73,41,2,4,3,2,3,2,18,2,1,2,1,2,0.968245836551854
73,41,2,4,3,2,3,2,18,2,1,2,1,4,-0.866025403784439
73,41,2,4,3,2,3,2,18,2,1,2,1,2,0.968245836551854
73,41,2,4,3,2,3,2,18,2,1,2,1,4,-0.866025403784439
73,41,2,4,3,2,3,2,18,2,1,2,1,2,0.968245836551854
73,41,2,4,3,2,3,2,18,2,1,2,1,4,-0.866025403784439
73,41,2,4,3,2,3,2,18,2,1,2,1,2,0.968245836551854
73,41,2,4,3,2,3,2,18,2,1,2,1,4,-0.866025403784439
73,42,2,4,3,2,5,2,18,2,1,2,1,2,0.968245836551854
73,42,2,4,3,2,5,2,18,2,1,2,1,4,-0.866025403784439
73,42,2,4,3,2,5,2,18,2,1,2,1,2,0.968245836551854
73,42,2,4,3,2,5,2,18,2,1,2,1,4,-0.866025403784439
73,42,2,4,3,2,5,2,18,2,1,2,1,2,0.968245836551854
73,42,2,4,3,2,5,2,18,2,1,2,1,4,-0.866025403784439
73,57,2,4,5,2,3,2,18,2,1,2,1,4,0.612372435695794
73,57,2,4,5,2,3,2,18,2,1,2,1,4,0.612372435695794
73,57,2,4,5,2,3,2,18,2,1,2,1,4,0.612372435695794
73,57,2,4,5,2,3,2,18,2,1,2,1,4,0.612372435695794
73,57,2,4,5,2,3,2,18,2,1,2,1,4,0.612372435695794
73,58,2,4,5,2,5,2,18,2,1,2,1,4,0.612372435695794
73,58,2,4,5,2,5,2,18,2,1,2,1,4,0.612372435695794
73,58,2,4,5,2,5,2,18,2,1,2,1,4,0.612372435695794
73,72,2,4,2,2,2,2,18,2,2,2,2,2,0.353553390593274
73,72,2,4,2,2,2,2,18,2,2,2,2,4,-0.707106781186548
73,72,2,4,2,2,2,2,18,2,2,2,2,6,1.06066017177982
73,72,2,4,2,2,2,2,18,2,2,2,2,2,0.353553390593274
73,72,2,4,2,2,2,2,18,2,2,2,2,4,-0.707106781186548
73,72,2,4,2,2,2,2,18,2,2,2,2,6,1.06066017177982
73,72,2,4,2,2,2,2,18,2,2,2,2,2,0.353553390593274
73,72,2,4,2,2,2,2,18,2,2,2,2,4,-0.707106781186548
73,72,2,4,2,2,2,2,18,2,2,2,2,6,1.06066017177982
73,72,2,4,2,2,2,2,18,2,2,2,2,2,0.353553390593274
73,72,2,4,2,2,2,2,18,2,2,2,2,4,-0.707106781186548
73,72,2,4,2,2,2,2,18,2,2,2,2,6,1.06066017177982
73,72,2,4,2,2,2,2,18,2,2,2,2,2,0.353553390593274
73,72,2,4,2,2,2,2,18,2,2,2,2,4,-0.707106781186548
73,72,2,4,2,2,2,2,18,2,2,2,2,6,1.06066017177982
73,72,2,4,2,2,2,2,18,2,2,2,2,2,0.353553390593274
73,72,2,4,2,2,2,2,18,2,2,2,2,4,-0.707106781186548
73,72,2,4,2,2,2,2,18,2,2,2,2,6,1.06066017177982
73,72,2,4,2,2,2,2,18,2,2,2,2,2,0.353553390593274
73,72,2,4,2,2,2,2,18,2,2,2,2,4,-0.707106781186548
73,72,2,4,2,2,2,2,18,2,2,2,2,6,1.06066017177982
73,73,2,4,2,2,4,2,18,2,2,2,2,2,0.25
73,73,2,4,2,2,4,2,18,2,2,2,2,4,-0.5
73,73,2,4,2,2,4,2,18,2,2,2,2,6,0.75
73,73,2,4,2,2,4,2,18,2,2,2,2,2,0.25
73,73,2,4,2,2,4,2,18,2,2,2,2,4,-0.5
73,73,2,4,2,2,4,2,18,2,2,2,2,6,0.75
73,73,2,4,2,2,4,2,18,2,2,2,2,2,0.25
73,73,2,4,2,2,4,2,18,2,2,2,2,4,-0.5
73,73,2,4,2,2,4,2,18,2,2,2,2,6,0.75
73,99,2,4,3,2,3,2,18,2,2,2,2,2,0.25
73,99,2,4,3,2,3,2,18,2,2,2,2,4,-0.5
73,99,2,4,3,2,3,2,18,2,2,2,2,6,0.75
73,99,2,4,3,2,3,2,18,2,2,2,2,2,0.25
73,99,2,4,3,2,3,2,18,2,2,2,2,4,-0.5
73,99,2,4,3,2,3,2,18,2,2,2,2,6,0.75
73,99,2,4,3,2,3,2,18,2,2,2,2,2,0.25
73,99,2,4,3,2,3,2,18,2,2,2,2,4,-0.5
73,99,2,4,3,2,3,2,18,2,2,2,2,6,0.75
73,99,2,4,3,2,3,2,18,2,2,2,2,2,0.25
73,99,2,4,3,2,3,2,18,2,2,2,2,4,-0.5
73,99,2,4,3,2,3,2,18,2,2,2,2,6,0.75
73,99,2,4,3,2,3,2,18,2,2,2,2,2,0.25
73,99,2,4,3,2,3,2,18,2,2,2,2,4,-0.5
73,99,2,4,3,2,3,2,18,2,2,2,2,6,0.75
73,99,2,4,3,2,3,2,18,2,2,2,2,2,0.25
73,99,2,4,3,2,3,2,18,2,2,2,2,4,-0.5
73,99,2,4,3,2,3,2,18,2,2,2,2,6,0.75
73,99,2,4,3,2,3,2,18,2,2,2,2,2,0.25
73,99,2,4,3,2,3,2,18,2,2,2,2,4,-0.5
73,99,2,4,3,2,3,2,18,2,2,2,2,6,0.75
73,100,2,4,3,2,5,2,18,2,2,2,2,2,0.25
73,100,2,4,3,2,5,2,18,2,2,2,2,4,-0.5
73,100,2,4,3,2,5,2,18,2,2,2,2,6,0.75
73,100,2,4,3,2,5,2,18,2,2,2,2,2,0.25
73,100,2,4,3,2,5,2,18,2,2,2,2,4,-0.5
73,100,2,4,3,2,5,2,18,2,2,2,2,6,0.75
73,100,2,4,3,2,5,2,18,2,2,2,2,2,0.25
73,100,2,4,3,2,5,2,18,2,2,2,2,4,-0.5
73,100,2,4,3,2,5,2,18,2,2,2,2,6,0.75
74,36,2,2,3,4,5,4,14,2,1,2,1,2,-1.4142135623731
75,36,2,4,3,4,5,4,14,2,1,2,1,2,-1
76,40,2,2,3,4,5,4,16,2,1,2,1,2,0.866025403784439
77,40,2,4,3,4,5,4,16,2,1,2,1,2,0.612372435695794
78,78,2,3,2,2,3,2,13,2,2,2,2,2,-1
78,78,2,3,2,2,3,2,13,2,2,2,2,4,-0.5
78,78,2,3,2,2,3,2,13,2,2,2,2,6,-0.142857142857143
78,78,2,3,2,2,3,2,13,2,2,2,2,2,-1
78,78,2,3,2,2,3,2,13,2,2,2,2,4,-0.5
78,78,2,3,2,2,3,2,13,2,2,2,2,6,-0.142857142857143
78,78,2,3,2,2,3,2,13,2,2,2,2,2,-1
78,78,2,3,2,2,3,2,13,2,2,2,2,4,-0.5
78,78,2,3,2,2,3,2,13,2,2,2,2,6,-0.142857142857143
78,78,2,3,2,2,3,2,13,2,2,2,2,2,-1
78,78,2,3,2,2,3,2,13,2,2,2,2,4,-0.5
78,78,2,3,2,2,3,2,13,2,2,2,2,6,-0.142857142857143
78,78,2,3,2,2,3,2,13,2,2,2,2,2,-1
78,78,2,3,2,2,3,2,13,2,2,2,2,4,-0.5
78,78,2,3,2,2,3,2,13,2,2,2,2,6,-0.142857142857143
78,78,2,3,2,2,3,2,13,2,2,2,2,2,-1
78,78,2,3,2,2,3,2,13,2,2,2,2,4,-0.5
78,78,2,3,2,2,3,2,13,2,2,2,2,6,-0.142857142857143
78,78,2,3,2,2,3,2,13,2,2,2,2,2,-1
78,78,2,3,2,2,3,2,13,2,2,2,2,4,-0.5
78,78,2,3,2,2,3,2,13,2,2,2,2,6,-0.142857142857143
78,79,2,3,2,2,5,2,13,2,2,2,2,2,-1
78,79,2,3,2,2,5,2,13,2,2,2,2,4,-0.5
78,79,2,3,2,2,5,2,13,2,2,2,2,6,-0.142857142857143
78,79,2,3,2,2,5,2,13,2,2,2,2,2,-1
78,79,2,3,2,2,5,2,13,2,2,2,2,4,-0.5
78,79,2,3,2,2,5,2,13,2,2,2,2,6,-0.142857142857143
78,79,2,3,2,2,5,2,13,2,2,2,2,2,-1
78,79,2,3,2,2,5,2,13,2,2,2,2,4,-0.5
78,79,2,3,2,2,5,2,13,2,2,2,2,6,-0.142857142857143
78,126,2,3,2,2,3,2,13,2,3,2,3,4,0.866025403784439
78,126,2,3,2,2,3,2,13,2,3,2,3,6,0.462910049886276
78,126,2,3,2,2,3,2,13,2,3,2,3,4,0.866025403784439
78,126,2,3,2,2,3,2,13,2,3,2,3,6,0.462910049886276
78,126,2,3,2,2,3,2,13,2,3,2,3,4,0.866025403784439
78,126,2,3,2,2,3,2,13,2,3,2,3,6,0.462910049886276
78,126,2,3,2,2,3,2,13,2,3,2,3,4,0.866025403784439
78,126,2,3,2,2,3,2,13,2,3,2,3,6,0.462910049886276
78,126,2,3,2,2,3,2,13,2,3,2,3,4,0.866025403784439
78,126,2,3,2,2,3,2,13,2,3,2,3,6,0.462910049886276
79,78,2,5,2,2,3,2,13,2,2,2,2,2,-1
79,78,2,5,2,2,3,2,13,2,2,2,2,4,-0.5
79,78,2,5,2,2,3,2,13,2,2,2,2,6,-0.142857142857143
79,78,2,5,2,2,3,2,13,2,2,2,2,2,-1
79,78,2,5,2,2,3,2,13,2,2,2,2,4,-0.5
79,78,2,5,2,2,3,2,13,2,2,2,2,6,-0.142857142857143
79,78,2,5,2,2,3,2,13,2,2,2,2,2,-1
79,78,2,5,2,2,3,2,13,2,2,2,2,4,-0.5
79,78,2,5,2,2,3,2,13,2,2,2,2,6,-0.142857142857143
79,78,2,5,2,2,3,2,13,2,2,2,2,2,-1
79,78,2,5,2,2,3,2,13,2,2,2,2,4,-0.5
79,78,2,5,2,2,3,2,13,2,2,2,2,6,-0.142857142857143
79,78,2,5,2,2,3,2,13,2,2,2,2,2,-1
79,78,2,5,2,2,3,2,13,2,2,2,2,4,-0.5
79,78,2,5,2,2,3,2,13,2,2,2,2,6,-0.142857142857143
79,78,2,5,2,2,3,2,13,2,2,2,2,2,-1
79,78,2,5,2,2,3,2,13,2,2,2,2,4,-0.5
79,78,2,5,2,2,3,2,13,2,2,2,2,6,-0.142857142857143
79,78,2,5,2,2,3,2,13,2,2,2,2,2,-1
79,78,2,5,2,2,3,2,13,2,2,2,2,4,-0.5
79,78,2,5,2,2,3,2,13,2,2,2,2,6,-0.142857142857143
79,79,2,5,2,2,5,2,13,2,2,2,2,2,-1
79,79,2,5,2,2,5,2,13,2,2,2,2,4,-0.5
79,79,2,5,2,2,5,2,13,2,2,2,2,6,-0.142857142857143
79,79,2,5,2,2,5,2,13,2,2,2,2,2,-1
79,79,2,5,2,2,5,2,13,2,2,2,2,4,-0.5
79,79,2,5,2,2,5,2,13,2,2,2,2,6,-0.142857142857143
79,79,2,5,2,2,5,2,13,2,2,2,2,2,-1
79,79,2,5,2,2,5,2,13,2,2,2,2,4,-0.5
79,79,2,5,2,2,5,2,13,2,2,2,2,6,-0.142857142857143
79,126,2,5,2,2,3,2,13,2,3,2,3,4,0.866025403784439
79,126,2,5,2,2,3,2,13,2,3,2,3,6,0.462910049886276
79,126,2,5,2,2,3,2,13,2,3,2,3,4,0.866025403784439
79,126,2,5,2,2,3,2,13,2,3,2,3,6,0.462910049886276
79,126,2,5,2,2,3,2,13,2,3,2,3,4,0.866025403784439
79,126,2,5,2,2,3,2,13,2,3,2,3,6,0.462910049886276
79,126,2,5,2,2,3,2,13,2,3,2,3,4,0.866025403784439
79,126,2,5,2,2,3,2,13,2,3,2,3,6,0.462910049886276
79,126,2,5,2,2,3,2,13,2,3,2,3,4,0.866025403784439
79,126,2,5,2,2,3,2,13,2,3,2,3,6,0.462910049886276
80,78,3,4,2,2,3,2,13,2,2,2,2,2,-1
80,78,3,4,2,2,3,2,13,2,2,2,2,4,-0.5
80,78,3,4,2,2,3,2,13,2,2,2,2,6,-0.142857142857143
80,78,3,4,2,2,3,2,13,2,2,2,2,2,-1
80,78,3,4,2,2,3,2,13,2,2,2,2,4,-0.5
80,78,3,4,2,2,3,2,13,2,2,2,2,6,-0.142857142857143
80,78,3,4,2,2,3,2,13,2,2,2,2,2,-1
80,78,3,4,2,2,3,2,13,2,2,2,2,4,-0.5
80,78,3,4,2,2,3,2,13,2,2,2,2,6,-0.142857142857143
80,78,3,4,2,2,3,2,13,2,2,2,2,2,-1
80,78,3,4,2,2,3,2,13,2,2,2,2,4,-0.5
80,78,3,4,2,2,3,2,13,2,2,2,2,6,-0.142857142857143
80,78,3,4,2,2,3,2,13,2,2,2,2,2,-1
80,78,3,4,2,2,3,2,13,2,2,2,2,4,-0.5
80,78,3,4,2,2,3,2,13,2,2,2,2,6,-0.142857142857143
80,78,3,4,2,2,3,2,13,2,2,2,2,2,-1
80,78,3,4,2,2,3,2,13,2,2,2,2,4,-0.5
80,78,3,4,2,2,3,2,13,2,2,2,2,6,-0.142857142857143
80,78,3,4,2,2,3,2,13,2,2,2,2,2,-1
80,78,3,4,2,2,3,2,13,2,2,2,2,4,-0.5
80,78,3,4,2,2,3,2,13,2,2,2,2,6,-0.142857142857143
80,79,3,4,2,2,5,2,13,2,2,2,2,2,-1
80,79,3,4,2,2,5,2,13,2,2,2,2,4,-0.5
80,79,3,4,2,2,5,2,13,2,2,2,2,6,-0.142857142857143
80,79,3,4,2,2,5,2,13,2,2,2,2,2,-1
80,79,3,4,2,2,5,2,13,2,2,2,2,4,-0.5
80,79,3,4,2,2,5,2,13,2,2,2,2,6,-0.142857142857143
80,79,3,4,2,2,5,2,13,2,2,2,2,2,-1
80,79,3,4,2,2,5,2,13,2,2,2,2,4,-0.5
80,79,3,4,2,2,5,2,13,2,2,2,2,6,-0.142857142857143
80,126,3,4,2,2,3,2,13,2,3,2,3,4,0.866025403784439
80,126,3,4,2,2,3,2,13,2,3,2,3,6,0.462910049886276
80,126,3,4,2,2,3,2,13,2,3,2,3,4,0.866025403784439
80,126,3,4,2,2,3,2,13,2,3,2,3,6,0.462910049886276
80,126,3,4,2,2,3,2,13,2,3,2,3,4,0.866025403784439
80,126,3,4,2,2,3,2,13,2,3,2,3,6,0.462910049886276
80,126,3,4,2,2,3,2,13,2,3,2,3,4,0.866025403784439
80,126,3,4,2,2,3,2,13,2,3,2,3,6,0.462910049886276
80,126,3,4,2,2,3,2,13,2,3,2,3,4,0.866025403784439
80,126,3,4,2,2,3,2,13,2,3,2,3,6,0.462910049886276
81,21,2,3,2,2,3,2,15,2,1,2,1,2,0.661437827766148
81,21,2,3,2,2,3,2,15,2,1,2,1,4,0.591607978309962
81,21,2,3,2,2,3,2,15,2,1,2,1,2,0.661437827766148
81,21,2,3,2,2,3,2,15,2,1,2,1,4,0.591607978309962
81,21,2,3,2,2,3,2,15,2,1,2,1,2,0.661437827766148
81,21,2,3,2,2,3,2,15,2,1,2,1,4,0.591607978309962
81,21,2,3,2,2,3,2,15,2,1,2,1,2,0.661437827766148
81,21,2,3,2,2,3,2,15,2,1,2,1,4,0.591607978309962
81,21,2,3,2,2,3,2,15,2,1,2,1,2,0.661437827766148
81,21,2,3,2,2,3,2,15,2,1,2,1,4,0.591607978309962
81,22,2,3,2,2,5,2,15,2,1,2,1,2,0.661437827766148
81,22,2,3,2,2,5,2,15,2,1,2,1,4,0.591607978309962
81,22,2,3,2,2,5,2,15,2,1,2,1,2,0.661437827766148
81,22,2,3,2,2,5,2,15,2,1,2,1,4,0.591607978309962
81,22,2,3,2,2,5,2,15,2,1,2,1,2,0.661437827766148
81,22,2,3,2,2,5,2,15,2,1,2,1,4,0.591607978309962
81,81,2,3,2,2,3,2,15,2,2,2,2,2,0.75
81,81,2,3,2,2,3,2,15,2,2,2,2,4,-0.5
81,81,2,3,2,2,3,2,15,2,2,2,2,6,-0.55952380952381
81,81,2,3,2,2,3,2,15,2,2,2,2,2,0.75
81,81,2,3,2,2,3,2,15,2,2,2,2,4,-0.5
81,81,2,3,2,2,3,2,15,2,2,2,2,6,-0.55952380952381
81,81,2,3,2,2,3,2,15,2,2,2,2,2,0.75
81,81,2,3,2,2,3,2,15,2,2,2,2,4,-0.5
81,81,2,3,2,2,3,2,15,2,2,2,2,6,-0.55952380952381
81,81,2,3,2,2,3,2,15,2,2,2,2,2,0.75
81,81,2,3,2,2,3,2,15,2,2,2,2,4,-0.5
81,81,2,3,2,2,3,2,15,2,2,2,2,6,-0.55952380952381
81,81,2,3,2,2,3,2,15,2,2,2,2,2,0.75
81,81,2,3,2,2,3,2,15,2,2,2,2,4,-0.5
81,81,2,3,2,2,3,2,15,2,2,2,2,6,-0.55952380952381
81,81,2,3,2,2,3,2,15,2,2,2,2,2,0.75
81,81,2,3,2,2,3,2,15,2,2,2,2,4,-0.5
81,81,2,3,2,2,3,2,15,2,2,2,2,6,-0.55952380952381
81,81,2,3,2,2,3,2,15,2,2,2,2,2,0.75
81,81,2,3,2,2,3,2,15,2,2,2,2,4,-0.5
81,81,2,3,2,2,3,2,15,2,2,2,2,6,-0.55952380952381
81,82,2,3,2,2,5,2,15,2,2,2,2,2,0.75
81,82,2,3,2,2,5,2,15,2,2,2,2,4,-0.5
81,82,2,3,2,2,5,2,15,2,2,2,2,6,-0.55952380952381
81,82,2,3,2,2,5,2,15,2,2,2,2,2,0.75
81,82,2,3,2,2,5,2,15,2,2,2,2,4,-0.5
81,82,2,3,2,2,5,2,15,2,2,2,2,6,-0.55952380952381
81,82,2,3,2,2,5,2,15,2,2,2,2,2,0.75
81,82,2,3,2,2,5,2,15,2,2,2,2,4,-0.5
81,82,2,3,2,2,5,2,15,2,2,2,2,6,-0.55952380952381
81,102,2,3,4,2,3,2,15,2,2,2,2,4,0.935414346693485
81,102,2,3,4,2,3,2,15,2,2,2,2,4,0.935414346693485
81,102,2,3,4,2,3,2,15,2,2,2,2,4,0.935414346693485
81,102,2,3,4,2,3,2,15,2,2,2,2,4,0.935414346693485
81,102,2,3,4,2,3,2,15,2,2,2,2,4,0.935414346693485
81,102,2,3,4,2,3,2,15,2,2,2,2,4,0.935414346693485
81,102,2,3,4,2,3,2,15,2,2,2,2,4,0.935414346693485
81,103,2,3,4,2,5,2,15,2,2,2,2,4,0.935414346693485
81,103,2,3,4,2,5,2,15,2,2,2,2,4,0.935414346693485
81,103,2,3,4,2,5,2,15,2,2,2,2,4,0.935414346693485
81,127,2,3,2,2,3,2,15,2,3,2,3,4,-0.632455532033676
81,127,2,3,2,2,3,2,15,2,3,2,3,6,0.647951595291863
81,127,2,3,2,2,3,2,15,2,3,2,3,4,-0.632455532033676
81,127,2,3,2,2,3,2,15,2,3,2,3,6,0.647951595291863
81,127,2,3,2,2,3,2,15,2,3,2,3,4,-0.632455532033676
81,127,2,3,2,2,3,2,15,2,3,2,3,6,0.647951595291863
81,127,2,3,2,2,3,2,15,2,3,2,3,4,-0.632455532033676
81,127,2,3,2,2,3,2,15,2,3,2,3,6,0.647951595291863
81,127,2,3,2,2,3,2,15,2,3,2,3,4,-0.632455532033676
81,127,2,3,2,2,3,2,15,2,3,2,3,6,0.647951595291863
82,21,2,5,2,2,3,2,15,2,1,2,1,2,0.661437827766148
82,21,2,5,2,2,3,2,15,2,1,2,1,4,0.591607978309962
82,21,2,5,2,2,3,2,15,2,1,2,1,2,0.661437827766148
82,21,2,5,2,2,3,2,15,2,1,2,1,4,0.591607978309962
82,21,2,5,2,2,3,2,15,2,1,2,1,2,0.661437827766148
82,21,2,5,2,2,3,2,15,2,1,2,1,4,0.591607978309962
82,21,2,5,2,2,3,2,15,2,1,2,1,2,0.661437827766148
82,21,2,5,2,2,3,2,15,2,1,2,1,4,0.591607978309962
82,21,2,5,2,2,3,2,15,2,1,2,1,2,0.661437827766148
82,21,2,5,2,2,3,2,15,2,1,2,1,4,0.591607978309962
82,22,2,5,2,2,5,2,15,2,1,2,1,2,0.661437827766148
82,22,2,5,2,2,5,2,15,2,1,2,1,4,0.591607978309962
82,22,2,5,2,2,5,2,15,2,1,2,1,2,0.661437827766148
82,22,2,5,2,2,5,2,15,2,1,2,1,4,0.591607978309962
82,22,2,5,2,2,5,2,15,2,1,2,1,2,0.661437827766148
82,22,2,5,2,2,5,2,15,2,1,2,1,4,0.591607978309962
82,81,2,5,2,2,3,2,15,2,2,2,2,2,0.75
82,81,2,5,2,2,3,2,15,2,2,2,2,4,-0.5
82,81,2,5,2,2,3,2,15,2,2,2,2,6,-0.55952380952381
82,81,2,5,2,2,3,2,15,2,2,2,2,2,0.75
82,81,2,5,2,2,3,2,15,2,2,2,2,4,-0.5
82,81,2,5,2,2,3,2,15,2,2,2,2,6,-0.55952380952381
82,81,2,5,2,2,3,2,15,2,2,2,2,2,0.75
82,81,2,5,2,2,3,2,15,2,2,2,2,4,-0.5
82,81,2,5,2,2,3,2,15,2,2,2,2,6,-0.55952380952381
82,81,2,5,2,2,3,2,15,2,2,2,2,2,0.75
82,81,2,5,2,2,3,2,15,2,2,2,2,4,-0.5
82,81,2,5,2,2,3,2,15,2,2,2,2,6,-0.55952380952381
82,81,2,5,2,2,3,2,15,2,2,2,2,2,0.75
82,81,2,5,2,2,3,2,15,2,2,2,2,4,-0.5
82,81,2,5,2,2,3,2,15,2,2,2,2,6,-0.55952380952381
82,81,2,5,2,2,3,2,15,2,2,2,2,2,0.75
82,81,2,5,2,2,3,2,15,2,2,2,2,4,-0.5
82,81,2,5,2,2,3,2,15,2,2,2,2,6,-0.55952380952381
82,81,2,5,2,2,3,2,15,2,2,2,2,2,0.75
82,81,2,5,2,2,3,2,15,2,2,2,2,4,-0.5
82,81,2,5,2,2,3,2,15,2,2,2,2,6,-0.55952380952381
82,82,2,5,2,2,5,2,15,2,2,2,2,2,0.75
82,82,2,5,2,2,5,2,15,2,2,2,2,4,-0.5
82,82,2,5,2,2,5,2,15,2,2,2,2,6,-0.55952380952381
82,82,2,5,2,2,5,2,15,2,2,2,2,2,0.75
82,82,2,5,2,2,5,2,15,2,2,2,2,4,-0.5
82,82,2,5,2,2,5,2,15,2,2,2,2,6,-0.55952380952381
82,82,2,5,2,2,5,2,15,2,2,2,2,2,0.75
82,82,2,5,2,2,5,2,15,2,2,2,2,4,-0.5
82,82,2,5,2,2,5,2,15,2,2,2,2,6,-0.55952380952381
82,102,2,5,4,2,3,2,15,2,2,2,2,4,0.935414346693485
82,102,2,5,4,2,3,2,15,2,2,2,2,4,0.935414346693485
82,102,2,5,4,2,3,2,15,2,2,2,2,4,0.935414346693485
82,102,2,5,4,2,3,2,15,2,2,2,2,4,0.935414346693485
82,102,2,5,4,2,3,2,15,2,2,2,2,4,0.935414346693485
82,102,2,5,4,2,3,2,15,2,2,2,2,4,0.935414346693485
82,102,2,5,4,2,3,2,15,2,2,2,2,4,0.935414346693485
82,103,2,5,4,2,5,2,15,2,2,2,2,4,0.935414346693485
82,103,2,5,4,2,5,2,15,2,2,2,2,4,0.935414346693485
82,103,2,5,4,2,5,2,15,2,2,2,2,4,0.935414346693485
82,127,2,5,2,2,3,2,15,2,3,2,3,4,-0.632455532033676
82,127,2,5,2,2,3,2,15,2,3,2,3,6,0.647951595291863
82,127,2,5,2,2,3,2,15,2,3,2,3,4,-0.632455532033676
82,127,2,5,2,2,3,2,15,2,3,2,3,6,0.647951595291863
82,127,2,5,2,2,3,2,15,2,3,2,3,4,-0.632455532033676
82,127,2,5,2,2,3,2,15,2,3,2,3,6,0.647951595291863
82,127,2,5,2,2,3,2,15,2,3,2,3,4,-0.632455532033676
82,127,2,5,2,2,3,2,15,2,3,2,3,6,0.647951595291863
82,127,2,5,2,2,3,2,15,2,3,2,3,4,-0.632455532033676
82,127,2,5,2,2,3,2,15,2,3,2,3,6,0.647951595291863
83,21,3,4,2,2,3,2,15,2,1,2,1,2,0.661437827766148
83,21,3,4,2,2,3,2,15,2,1,2,1,4,0.591607978309962
83,21,3,4,2,2,3,2,15,2,1,2,1,2,0.661437827766148
83,21,3,4,2,2,3,2,15,2,1,2,1,4,0.591607978309962
83,21,3,4,2,2,3,2,15,2,1,2,1,2,0.661437827766148
83,21,3,4,2,2,3,2,15,2,1,2,1,4,0.591607978309962
83,21,3,4,2,2,3,2,15,2,1,2,1,2,0.661437827766148
83,21,3,4,2,2,3,2,15,2,1,2,1,4,0.591607978309962
83,21,3,4,2,2,3,2,15,2,1,2,1,2,0.661437827766148
83,21,3,4,2,2,3,2,15,2,1,2,1,4,0.591607978309962
83,22,3,4,2,2,5,2,15,2,1,2,1,2,0.661437827766148
83,22,3,4,2,2,5,2,15,2,1,2,1,4,0.591607978309962
83,22,3,4,2,2,5,2,15,2,1,2,1,2,0.661437827766148
83,22,3,4,2,2,5,2,15,2,1,2,1,4,0.591607978309962
83,22,3,4,2,2,5,2,15,2,1,2,1,2,0.661437827766148
83,22,3,4,2,2,5,2,15,2,1,2,1,4,0.591607978309962
83,81,3,4,2,2,3,2,15,2,2,2,2,2,0.75
83,81,3,4,2,2,3,2,15,2,2,2,2,4,-0.5
83,81,3,4,2,2,3,2,15,2,2,2,2,6,-0.55952380952381
83,81,3,4,2,2,3,2,15,2,2,2,2,2,0.75
83,81,3,4,2,2,3,2,15,2,2,2,2,4,-0.5
83,81,3,4,2,2,3,2,15,2,2,2,2,6,-0.55952380952381
83,81,3,4,2,2,3,2,15,2,2,2,2,2,0.75
83,81,3,4,2,2,3,2,15,2,2,2,2,4,-0.5
83,81,3,4,2,2,3,2,15,2,2,2,2,6,-0.55952380952381
83,81,3,4,2,2,3,2,15,2,2,2,2,2,0.75
83,81,3,4,2,2,3,2,15,2,2,2,2,4,-0.5
83,81,3,4,2,2,3,2,15,2,2,2,2,6,-0.55952380952381
83,81,3,4,2,2,3,2,15,2,2,2,2,2,0.75
83,81,3,4,2,2,3,2,15,2,2,2,2,4,-0.5
83,81,3,4,2,2,3,2,15,2,2,2,2,6,-0.55952380952381
83,81,3,4,2,2,3,2,15,2,2,2,2,2,0.75
83,81,3,4,2,2,3,2,15,2,2,2,2,4,-0.5
83,81,3,4,2,2,3,2,15,2,2,2,2,6,-0.55952380952381
83,81,3,4,2,2,3,2,15,2,2,2,2,2,0.75
83,81,3,4,2,2,3,2,15,2,2,2,2,4,-0.5
83,81,3,4,2,2,3,2,15,2,2,2,2,6,-0.55952380952381
83,82,3,4,2,2,5,2,15,2,2,2,2,2,0.75
83,82,3,4,2,2,5,2,15,2,2,2,2,4,-0.5
83,82,3,4,2,2,5,2,15,2,2,2,2,6,-0.55952380952381
83,82,3,4,2,2,5,2,15,2,2,2,2,2,0.75
83,82,3,4,2,2,5,2,15,2,2,2,2,4,-0.5
83,82,3,4,2,2,5,2,15,2,2,2,2,6,-0.55952380952381
83,82,3,4,2,2,5,2,15,2,2,2,2,2,0.75
83,82,3,4,2,2,5,2,15,2,2,2,2,4,-0.5
83,82,3,4,2,2,5,2,15,2,2,2,2,6,-0.55952380952381
83,102,3,4,4,2,3,2,15,2,2,2,2,4,0.935414346693485
83,102,3,4,4,2,3,2,15,2,2,2,2,4,0.935414346693485
83,102,3,4,4,2,3,2,15,2,2,2,2,4,0.935414346693485
83,102,3,4,4,2,3,2,15,2,2,2,2,4,0.935414346693485
83,102,3,4,4,2,3,2,15,2,2,2,2,4,0.935414346693485
83,102,3,4,4,2,3,2,15,2,2,2,2,4,0.935414346693485
83,102,3,4,4,2,3,2,15,2,2,2,2,4,0.935414346693485
83,103,3,4,4,2,5,2,15,2,2,2,2,4,0.935414346693485
83,103,3,4,4,2,5,2,15,2,2,2,2,4,0.935414346693485
83,103,3,4,4,2,5,2,15,2,2,2,2,4,0.935414346693485
83,127,3,4,2,2,3,2,15,2,3,2,3,4,-0.632455532033676
83,127,3,4,2,2,3,2,15,2,3,2,3,6,0.647951595291863
83,127,3,4,2,2,3,2,15,2,3,2,3,4,-0.632455532033676
83,127,3,4,2,2,3,2,15,2,3,2,3,6,0.647951595291863
83,127,3,4,2,2,3,2,15,2,3,2,3,4,-0.632455532033676
83,127,3,4,2,2,3,2,15,2,3,2,3,6,0.647951595291863
83,127,3,4,2,2,3,2,15,2,3,2,3,4,-0.632455532033676
83,127,3,4,2,2,3,2,15,2,3,2,3,6,0.647951595291863
83,127,3,4,2,2,3,2,15,2,3,2,3,4,-0.632455532033676
83,127,3,4,2,2,3,2,15,2,3,2,3,6,0.647951595291863
84,25,2,3,2,2,3,2,17,2,1,2,1,2,-0.866025403784439
84,25,2,3,2,2,3,2,17,2,1,2,1,4,0.193649167310371
84,25,2,3,2,2,3,2,17,2,1,2,1,2,-0.866025403784439
84,25,2,3,2,2,3,2,17,2,1,2,1,4,0.193649167310371
84,25,2,3,2,2,3,2,17,2,1,2,1,2,-0.866025403784439
84,25,2,3,2,2,3,2,17,2,1,2,1,4,0.193649167310371
84,25,2,3,2,2,3,2,17,2,1,2,1,2,-0.866025403784439
84,25,2,3,2,2,3,2,17,2,1,2,1,4,0.193649167310371
84,25,2,3,2,2,3,2,17,2,1,2,1,2,-0.866025403784439
84,25,2,3,2,2,3,2,17,2,1,2,1,4,0.193649167310371
84,26,2,3,2,2,5,2,17,2,1,2,1,2,-0.866025403784439
84,26,2,3,2,2,5,2,17,2,1,2,1,4,0.193649167310371
84,26,2,3,2,2,5,2,17,2,1,2,1,2,-0.866025403784439
84,26,2,3,2,2,5,2,17,2,1,2,1,4,0.193649167310371
84,26,2,3,2,2,5,2,17,2,1,2,1,2,-0.866025403784439
84,26,2,3,2,2,5,2,17,2,1,2,1,4,0.193649167310371
84,45,2,3,4,2,3,2,17,2,1,2,1,4,-0.866025403784439
84,45,2,3,4,2,3,2,17,2,1,2,1,4,-0.866025403784439
84,45,2,3,4,2,3,2,17,2,1,2,1,4,-0.866025403784439
84,45,2,3,4,2,3,2,17,2,1,2,1,4,-0.866025403784439
84,45,2,3,4,2,3,2,17,2,1,2,1,4,-0.866025403784439
84,46,2,3,4,2,5,2,17,2,1,2,1,4,-0.866025403784439
84,46,2,3,4,2,5,2,17,2,1,2,1,4,-0.866025403784439
84,46,2,3,4,2,5,2,17,2,1,2,1,4,-0.866025403784439
84,84,2,3,2,2,3,2,17,2,2,2,2,2,-0.5
84,84,2,3,2,2,3,2,17,2,2,2,2,4,0.75
84,84,2,3,2,2,3,2,17,2,2,2,2,6,-0.5
84,84,2,3,2,2,3,2,17,2,2,2,2,2,-0.5
84,84,2,3,2,2,3,2,17,2,2,2,2,4,0.75
84,84,2,3,2,2,3,2,17,2,2,2,2,6,-0.5
84,84,2,3,2,2,3,2,17,2,2,2,2,2,-0.5
84,84,2,3,2,2,3,2,17,2,2,2,2,4,0.75
84,84,2,3,2,2,3,2,17,2,2,2,2,6,-0.5
84,84,2,3,2,2,3,2,17,2,2,2,2,2,-0.5
84,84,2,3,2,2,3,2,17,2,2,2,2,4,0.75
84,84,2,3,2,2,3,2,17,2,2,2,2,6,-0.5
84,84,2,3,2,2,3,2,17,2,2,2,2,2,-0.5
84,84,2,3,2,2,3,2,17,2,2,2,2,4,0.75
84,84,2,3,2,2,3,2,17,2,2,2,2,6,-0.5
84,84,2,3,2,2,3,2,17,2,2,2,2,2,-0.5
84,84,2,3,2,2,3,2,17,2,2,2,2,4,0.75
84,84,2,3,2,2,3,2,17,2,2,2,2,6,-0.5
84,84,2,3,2,2,3,2,17,2,2,2,2,2,-0.5
84,84,2,3,2,2,3,2,17,2,2,2,2,4,0.75
84,84,2,3,2,2,3,2,17,2,2,2,2,6,-0.5
84,85,2,3,2,2,5,2,17,2,2,2,2,2,-0.5
84,85,2,3,2,2,5,2,17,2,2,2,2,4,0.75
84,85,2,3,2,2,5,2,17,2,2,2,2,6,-0.5
84,85,2,3,2,2,5,2,17,2,2,2,2,2,-0.5
84,85,2,3,2,2,5,2,17,2,2,2,2,4,0.75
84,85,2,3,2,2,5,2,17,2,2,2,2,6,-0.5
84,85,2,3,2,2,5,2,17,2,2,2,2,2,-0.5
84,85,2,3,2,2,5,2,17,2,2,2,2,4,0.75
84,85,2,3,2,2,5,2,17,2,2,2,2,6,-0.5
84,105,2,3,4,2,3,2,17,2,2,2,2,4,-0.5
84,105,2,3,4,2,3,2,17,2,2,2,2,4,-0.5
84,105,2,3,4,2,3,2,17,2,2,2,2,4,-0.5
84,105,2,3,4,2,3,2,17,2,2,2,2,4,-0.5
84,105,2,3,4,2,3,2,17,2,2,2,2,4,-0.5
84,105,2,3,4,2,3,2,17,2,2,2,2,4,-0.5
84,105,2,3,4,2,3,2,17,2,2,2,2,4,-0.5
84,106,2,3,4,2,5,2,17,2,2,2,2,4,-0.5
84,106,2,3,4,2,5,2,17,2,2,2,2,4,-0.5
84,106,2,3,4,2,5,2,17,2,2,2,2,4,-0.5
84,128,2,3,2,2,3,2,17,2,3,2,3,4,0.295803989154981
84,128,2,3,2,2,3,2,17,2,3,2,3,6,-0.632455532033676
84,128,2,3,2,2,3,2,17,2,3,2,3,4,0.295803989154981
84,128,2,3,2,2,3,2,17,2,3,2,3,6,-0.632455532033676
84,128,2,3,2,2,3,2,17,2,3,2,3,4,0.295803989154981
84,128,2,3,2,2,3,2,17,2,3,2,3,6,-0.632455532033676
84,128,2,3,2,2,3,2,17,2,3,2,3,4,0.295803989154981
84,128,2,3,2,2,3,2,17,2,3,2,3,6,-0.632455532033676
84,128,2,3,2,2,3,2,17,2,3,2,3,4,0.295803989154981
84,128,2,3,2,2,3,2,17,2,3,2,3,6,-0.632455532033676
85,25,2,5,2,2,3,2,17,2,1,2,1,2,-0.866025403784439
85,25,2,5,2,2,3,2,17,2,1,2,1,4,0.193649167310371
85,25,2,5,2,2,3,2,17,2,1,2,1,2,-0.866025403784439
85,25,2,5,2,2,3,2,17,2,1,2,1,4,0.193649167310371
85,25,2,5,2,2,3,2,17,2,1,2,1,2,-0.866025403784439
85,25,2,5,2,2,3,2,17,2,1,2,1,4,0.193649167310371
85,25,2,5,2,2,3,2,17,2,1,2,1,2,-0.866025403784439
85,25,2,5,2,2,3,2,17,2,1,2,1,4,0.193649167310371
85,25,2,5,2,2,3,2,17,2,1,2,1,2,-0.866025403784439
85,25,2,5,2,2,3,2,17,2,1,2,1,4,0.193649167310371
85,26,2,5,2,2,5,2,17,2,1,2,1,2,-0.866025403784439
85,26,2,5,2,2,5,2,17,2,1,2,1,4,0.193649167310371
85,26,2,5,2,2,5,2,17,2,1,2,1,2,-0.866025403784439
85,26,2,5,2,2,5,2,17,2,1,2,1,4,0.193649167310371
85,26,2,5,2,2,5,2,17,2,1,2,1,2,-0.866025403784439
85,26,2,5,2,2,5,2,17,2,1,2,1,4,0.193649167310371
85,45,2,5,4,2,3,2,17,2,1,2,1,4,-0.866025403784439
85,45,2,5,4,2,3,2,17,2,1,2,1,4,-0.866025403784439
85,45,2,5,4,2,3,2,17,2,1,2,1,4,-0.866025403784439
85,45,2,5,4,2,3,2,17,2,1,2,1,4,-0.866025403784439
85,45,2,5,4,2,3,2,17,2,1,2,1,4,-0.866025403784439
85,46,2,5,4,2,5,2,17,2,1,2,1,4,-0.866025403784439
85,46,2,5,4,2,5,2,17,2,1,2,1,4,-0.866025403784439
85,46,2,5,4,2,5,2,17,2,1,2,1,4,-0.866025403784439
85,84,2,5,2,2,3,2,17,2,2,2,2,2,-0.5
85,84,2,5,2,2,3,2,17,2,2,2,2,4,0.75
85,84,2,5,2,2,3,2,17,2,2,2,2,6,-0.5
85,84,2,5,2,2,3,2,17,2,2,2,2,2,-0.5
85,84,2,5,2,2,3,2,17,2,2,2,2,4,0.75
85,84,2,5,2,2,3,2,17,2,2,2,2,6,-0.5
85,84,2,5,2,2,3,2,17,2,2,2,2,2,-0.5
85,84,2,5,2,2,3,2,17,2,2,2,2,4,0.75
85,84,2,5,2,2,3,2,17,2,2,2,2,6,-0.5
85,84,2,5,2,2,3,2,17,2,2,2,2,2,-0.5
85,84,2,5,2,2,3,2,17,2,2,2,2,4,0.75
85,84,2,5,2,2,3,2,17,2,2,2,2,6,-0.5
85,84,2,5,2,2,3,2,17,2,2,2,2,2,-0.5
85,84,2,5,2,2,3,2,17,2,2,2,2,4,0.75
85,84,2,5,2,2,3,2,17,2,2,2,2,6,-0.5
85,84,2,5,2,2,3,2,17,2,2,2,2,2,-0.5
85,84,2,5,2,2,3,2,17,2,2,2,2,4,0.75
85,84,2,5,2,2,3,2,17,2,2,2,2,6,-0.5
85,84,2,5,2,2,3,2,17,2,2,2,2,2,-0.5
85,84,2,5,2,2,3,2,17,2,2,2,2,4,0.75
85,84,2,5,2,2,3,2,17,2,2,2,2,6,-0.5
85,85,2,5,2,2,5,2,17,2,2,2,2,2,-0.5
85,85,2,5,2,2,5,2,17,2,2,2,2,4,0.75
85,85,2,5,2,2,5,2,17,2,2,2,2,6,-0.5
85,85,2,5,2,2,5,2,17,2,2,2,2,2,-0.5
85,85,2,5,2,2,5,2,17,2,2,2,2,4,0.75
85,85,2,5,2,2,5,2,17,2,2,2,2,6,-0.5
85,85,2,5,2,2,5,2,17,2,2,2,2,2,-0.5
85,85,2,5,2,2,5,2,17,2,2,2,2,4,0.75
85,85,2,5,2,2,5,2,17,2,2,2,2,6,-0.5
85,105,2,5,4,2,3,2,17,2,2,2,2,4,-0.5
85,105,2,5,4,2,3,2,17,2,2,2,2,4,-0.5
85,105,2,5,4,2,3,2,17,2,2,2,2,4,-0.5
85,105,2,5,4,2,3,2,17,2,2,2,2,4,-0.5
85,105,2,5,4,2,3,2,17,2,2,2,2,4,-0.5
85,105,2,5,4,2,3,2,17,2,2,2,2,4,-0.5
85,105,2,5,4,2,3,2,17,2,2,2,2,4,-0.5
85,106,2,5,4,2,5,2,17,2,2,2,2,4,-0.5
85,106,2,5,4,2,5,2,17,2,2,2,2,4,-0.5
85,106,2,5,4,2,5,2,17,2,2,2,2,4,-0.5
85,128,2,5,2,2,3,2,17,2,3,2,3,4,0.295803989154981
85,128,2,5,2,2,3,2,17,2,3,2,3,6,-0.632455532033676
85,128,2,5,2,2,3,2,17,2,3,2,3,4,0.295803989154981
85,128,2,5,2,2,3,2,17,2,3,2,3,6,-0.632455532033676
85,128,2,5,2,2,3,2,17,2,3,2,3,4,0.295803989154981
85,128,2,5,2,2,3,2,17,2,3,2,3,6,-0.632455532033676
85,128,2,5,2,2,3,2,17,2,3,2,3,4,0.295803989154981
85,128,2,5,2,2,3,2,17,2,3,2,3,6,-0.632455532033676
85,128,2,5,2,2,3,2,17,2,3,2,3,4,0.295803989154981
85,128,2,5,2,2,3,2,17,2,3,2,3,6,-0.632455532033676
86,25,3,4,2,2,3,2,17,2,1,2,1,2,-0.866025403784439
86,25,3,4,2,2,3,2,17,2,1,2,1,4,0.193649167310371
86,25,3,4,2,2,3,2,17,2,1,2,1,2,-0.866025403784439
86,25,3,4,2,2,3,2,17,2,1,2,1,4,0.193649167310371
86,25,3,4,2,2,3,2,17,2,1,2,1,2,-0.866025403784439
86,25,3,4,2,2,3,2,17,2,1,2,1,4,0.193649167310371
86,25,3,4,2,2,3,2,17,2,1,2,1,2,-0.866025403784439
86,25,3,4,2,2,3,2,17,2,1,2,1,4,0.193649167310371
86,25,3,4,2,2,3,2,17,2,1,2,1,2,-0.866025403784439
86,25,3,4,2,2,3,2,17,2,1,2,1,4,0.193649167310371
86,26,3,4,2,2,5,2,17,2,1,2,1,2,-0.866025403784439
86,26,3,4,2,2,5,2,17,2,1,2,1,4,0.193649167310371
86,26,3,4,2,2,5,2,17,2,1,2,1,2,-0.866025403784439
86,26,3,4,2,2,5,2,17,2,1,2,1,4,0.193649167310371
86,26,3,4,2,2,5,2,17,2,1,2,1,2,-0.866025403784439
86,26,3,4,2,2,5,2,17,2,1,2,1,4,0.193649167310371
86,45,3,4,4,2,3,2,17,2,1,2,1,4,-0.866025403784439
86,45,3,4,4,2,3,2,17,2,1,2,1,4,-0.866025403784439
86,45,3,4,4,2,3,2,17,2,1,2,1,4,-0.866025403784439
86,45,3,4,4,2,3,2,17,2,1,2,1,4,-0.866025403784439
86,45,3,4,4,2,3,2,17,2,1,2,1,4,-0.866025403784439
86,46,3,4,4,2,5,2,17,2,1,2,1,4,-0.866025403784439
86,46,3,4,4,2,5,2,17,2,1,2,1,4,-0.866025403784439
86,46,3,4,4,2,5,2,17,2,1,2,1,4,-0.866025403784439
86,84,3,4,2,2,3,2,17,2,2,2,2,2,-0.5
86,84,3,4,2,2,3,2,17,2,2,2,2,4,0.75
86,84,3,4,2,2,3,2,17,2,2,2,2,6,-0.5
86,84,3,4,2,2,3,2,17,2,2,2,2,2,-0.5
86,84,3,4,2,2,3,2,17,2,2,2,2,4,0.75
86,84,3,4,2,2,3,2,17,2,2,2,2,6,-0.5
86,84,3,4,2,2,3,2,17,2,2,2,2,2,-0.5
86,84,3,4,2,2,3,2,17,2,2,2,2,4,0.75
86,84,3,4,2,2,3,2,17,2,2,2,2,6,-0.5
86,84,3,4,2,2,3,2,17,2,2,2,2,2,-0.5
86,84,3,4,2,2,3,2,17,2,2,2,2,4,0.75
86,84,3,4,2,2,3,2,17,2,2,2,2,6,-0.5
86,84,3,4,2,2,3,2,17,2,2,2,2,2,-0.5
86,84,3,4,2,2,3,2,17,2,2,2,2,4,0.75
86,84,3,4,2,2,3,2,17,2,2,2,2,6,-0.5
86,84,3,4,2,2,3,2,17,2,2,2,2,2,-0.5
86,84,3,4,2,2,3,2,17,2,2,2,2,4,0.75
86,84,3,4,2,2,3,2,17,2,2,2,2,6,-0.5
86,84,3,4,2,2,3,2,17,2,2,2,2,2,-0.5
86,84,3,4,2,2,3,2,17,2,2,2,2,4,0.75
86,84,3,4,2,2,3,2,17,2,2,2,2,6,-0.5
86,85,3,4,2,2,5,2,17,2,2,2,2,2,-0.5
86,85,3,4,2,2,5,2,17,2,2,2,2,4,0.75
86,85,3,4,2,2,5,2,17,2,2,2,2,6,-0.5
86,85,3,4,2,2,5,2,17,2,2,2,2,2,-0.5
86,85,3,4,2,2,5,2,17,2,2,2,2,4,0.75
86,85,3,4,2,2,5,2,17,2,2,2,2,6,-0.5
86,85,3,4,2,2,5,2,17,2,2,2,2,2,-0.5
86,85,3,4,2,2,5,2,17,2,2,2,2,4,0.75
86,85,3,4,2,2,5,2,17,2,2,2,2,6,-0.5
86,105,3,4,4,2,3,2,17,2,2,2,2,4,-0.5
86,105,3,4,4,2,3,2,17,2,2,2,2,4,-0.5
86,105,3,4,4,2,3,2,17,2,2,2,2,4,-0.5
86,105,3,4,4,2,3,2,17,2,2,2,2,4,-0.5
86,105,3,4,4,2,3,2,17,2,2,2,2,4,-0.5
86,105,3,4,4,2,3,2,17,2,2,2,2,4,-0.5
86,105,3,4,4,2,3,2,17,2,2,2,2,4,-0.5
86,106,3,4,4,2,5,2,17,2,2,2,2,4,-0.5
86,106,3,4,4,2,5,2,17,2,2,2,2,4,-0.5
86,106,3,4,4,2,5,2,17,2,2,2,2,4,-0.5
86,128,3,4,2,2,3,2,17,2,3,2,3,4,0.295803989154981
86,128,3,4,2,2,3,2,17,2,3,2,3,6,-0.632455532033676
86,128,3,4,2,2,3,2,17,2,3,2,3,4,0.295803989154981
86,128,3,4,2,2,3,2,17,2,3,2,3,6,-0.632455532033676
86,128,3,4,2,2,3,2,17,2,3,2,3,4,0.295803989154981
86,128,3,4,2,2,3,2,17,2,3,2,3,6,-0.632455532033676
86,128,3,4,2,2,3,2,17,2,3,2,3,4,0.295803989154981
86,128,3,4,2,2,3,2,17,2,3,2,3,6,-0.632455532033676
86,128,3,4,2,2,3,2,17,2,3,2,3,4,0.295803989154981
86,128,3,4,2,2,3,2,17,2,3,2,3,6,-0.632455532033676
87,29,2,3,2,2,3,2,19,2,1,2,1,2,0.968245836551854
87,29,2,3,2,2,3,2,19,2,1,2,1,4,-0.866025403784439
87,29,2,3,2,2,3,2,19,2,1,2,1,2,0.968245836551854
87,29,2,3,2,2,3,2,19,2,1,2,1,4,-0.866025403784439
87,29,2,3,2,2,3,2,19,2,1,2,1,2,0.968245836551854
87,29,2,3,2,2,3,2,19,2,1,2,1,4,-0.866025403784439
87,29,2,3,2,2,3,2,19,2,1,2,1,2,0.968245836551854
87,29,2,3,2,2,3,2,19,2,1,2,1,4,-0.866025403784439
87,29,2,3,2,2,3,2,19,2,1,2,1,2,0.968245836551854
87,29,2,3,2,2,3,2,19,2,1,2,1,4,-0.866025403784439
87,30,2,3,2,2,5,2,19,2,1,2,1,2,0.968245836551854
87,30,2,3,2,2,5,2,19,2,1,2,1,4,-0.866025403784439
87,30,2,3,2,2,5,2,19,2,1,2,1,2,0.968245836551854
87,30,2,3,2,2,5,2,19,2,1,2,1,4,-0.866025403784439
87,30,2,3,2,2,5,2,19,2,1,2,1,2,0.968245836551854
87,30,2,3,2,2,5,2,19,2,1,2,1,4,-0.866025403784439
87,49,2,3,4,2,3,2,19,2,1,2,1,4,0.612372435695794
87,49,2,3,4,2,3,2,19,2,1,2,1,4,0.612372435695794
87,49,2,3,4,2,3,2,19,2,1,2,1,4,0.612372435695794
87,49,2,3,4,2,3,2,19,2,1,2,1,4,0.612372435695794
87,49,2,3,4,2,3,2,19,2,1,2,1,4,0.612372435695794
87,50,2,3,4,2,5,2,19,2,1,2,1,4,0.612372435695794
87,50,2,3,4,2,5,2,19,2,1,2,1,4,0.612372435695794
87,50,2,3,4,2,5,2,19,2,1,2,1,4,0.612372435695794
87,87,2,3,2,2,3,2,19,2,2,2,2,2,0.25
87,87,2,3,2,2,3,2,19,2,2,2,2,4,-0.5
87,87,2,3,2,2,3,2,19,2,2,2,2,6,0.75
87,87,2,3,2,2,3,2,19,2,2,2,2,2,0.25
87,87,2,3,2,2,3,2,19,2,2,2,2,4,-0.5
87,87,2,3,2,2,3,2,19,2,2,2,2,6,0.75
87,87,2,3,2,2,3,2,19,2,2,2,2,2,0.25
87,87,2,3,2,2,3,2,19,2,2,2,2,4,-0.5
87,87,2,3,2,2,3,2,19,2,2,2,2,6,0.75
87,87,2,3,2,2,3,2,19,2,2,2,2,2,0.25
87,87,2,3,2,2,3,2,19,2,2,2,2,4,-0.5
87,87,2,3,2,2,3,2,19,2,2,2,2,6,0.75
87,87,2,3,2,2,3,2,19,2,2,2,2,2,0.25
87,87,2,3,2,2,3,2,19,2,2,2,2,4,-0.5
87,87,2,3,2,2,3,2,19,2,2,2,2,6,0.75
87,87,2,3,2,2,3,2,19,2,2,2,2,2,0.25
87,87,2,3,2,2,3,2,19,2,2,2,2,4,-0.5
87,87,2,3,2,2,3,2,19,2,2,2,2,6,0.75
87,87,2,3,2,2,3,2,19,2,2,2,2,2,0.25
87,87,2,3,2,2,3,2,19,2,2,2,2,4,-0.5
87,87,2,3,2,2,3,2,19,2,2,2,2,6,0.75
87,88,2,3,2,2,5,2,19,2,2,2,2,2,0.25
87,88,2,3,2,2,5,2,19,2,2,2,2,4,-0.5
87,88,2,3,2,2,5,2,19,2,2,2,2,6,0.75
87,88,2,3,2,2,5,2,19,2,2,2,2,2,0.25
87,88,2,3,2,2,5,2,19,2,2,2,2,4,-0.5
87,88,2,3,2,2,5,2,19,2,2,2,2,6,0.75
87,88,2,3,2,2,5,2,19,2,2,2,2,2,0.25
87,88,2,3,2,2,5,2,19,2,2,2,2,4,-0.5
87,88,2,3,2,2,5,2,19,2,2,2,2,6,0.75
88,29,2,5,2,2,3,2,19,2,1,2,1,2,0.968245836551854
88,29,2,5,2,2,3,2,19,2,1,2,1,4,-0.866025403784439
88,29,2,5,2,2,3,2,19,2,1,2,1,2,0.968245836551854
88,29,2,5,2,2,3,2,19,2,1,2,1,4,-0.866025403784439
88,29,2,5,2,2,3,2,19,2,1,2,1,2,0.968245836551854
88,29,2,5,2,2,3,2,19,2,1,2,1,4,-0.866025403784439
88,29,2,5,2,2,3,2,19,2,1,2,1,2,0.968245836551854
88,29,2,5,2,2,3,2,19,2,1,2,1,4,-0.866025403784439
88,29,2,5,2,2,3,2,19,2,1,2,1,2,0.968245836551854
88,29,2,5,2,2,3,2,19,2,1,2,1,4,-0.866025403784439
88,30,2,5,2,2,5,2,19,2,1,2,1,2,0.968245836551854
88,30,2,5,2,2,5,2,19,2,1,2,1,4,-0.866025403784439
88,30,2,5,2,2,5,2,19,2,1,2,1,2,0.968245836551854
88,30,2,5,2,2,5,2,19,2,1,2,1,4,-0.866025403784439
88,30,2,5,2,2,5,2,19,2,1,2,1,2,0.968245836551854
88,30,2,5,2,2,5,2,19,2,1,2,1,4,-0.866025403784439
88,49,2,5,4,2,3,2,19,2,1,2,1,4,0.612372435695794
88,49,2,5,4,2,3,2,19,2,1,2,1,4,0.612372435695794
88,49,2,5,4,2,3,2,19,2,1,2,1,4,0.612372435695794
88,49,2,5,4,2,3,2,19,2,1,2,1,4,0.612372435695794
88,49,2,5,4,2,3,2,19,2,1,2,1,4,0.612372435695794
88,50,2,5,4,2,5,2,19,2,1,2,1,4,0.612372435695794
88,50,2,5,4,2,5,2,19,2,1,2,1,4,0.612372435695794
88,50,2,5,4,2,5,2,19,2,1,2,1,4,0.612372435695794
88,87,2,5,2,2,3,2,19,2,2,2,2,2,0.25
88,87,2,5,2,2,3,2,19,2,2,2,2,4,-0.5
88,87,2,5,2,2,3,2,19,2,2,2,2,6,0.75
88,87,2,5,2,2,3,2,19,2,2,2,2,2,0.25
88,87,2,5,2,2,3,2,19,2,2,2,2,4,-0.5
88,87,2,5,2,2,3,2,19,2,2,2,2,6,0.75
88,87,2,5,2,2,3,2,19,2,2,2,2,2,0.25
88,87,2,5,2,2,3,2,19,2,2,2,2,4,-0.5
88,87,2,5,2,2,3,2,19,2,2,2,2,6,0.75
88,87,2,5,2,2,3,2,19,2,2,2,2,2,0.25
88,87,2,5,2,2,3,2,19,2,2,2,2,4,-0.5
88,87,2,5,2,2,3,2,19,2,2,2,2,6,0.75
88,87,2,5,2,2,3,2,19,2,2,2,2,2,0.25
88,87,2,5,2,2,3,2,19,2,2,2,2,4,-0.5
88,87,2,5,2,2,3,2,19,2,2,2,2,6,0.75
88,87,2,5,2,2,3,2,19,2,2,2,2,2,0.25
88,87,2,5,2,2,3,2,19,2,2,2,2,4,-0.5
88,87,2,5,2,2,3,2,19,2,2,2,2,6,0.75
88,87,2,5,2,2,3,2,19,2,2,2,2,2,0.25
88,87,2,5,2,2,3,2,19,2,2,2,2,4,-0.5
88,87,2,5,2,2,3,2,19,2,2,2,2,6,0.75
88,88,2,5,2,2,5,2,19,2,2,2,2,2,0.25
88,88,2,5,2,2,5,2,19,2,2,2,2,4,-0.5
88,88,2,5,2,2,5,2,19,2,2,2,2,6,0.75
88,88,2,5,2,2,5,2,19,2,2,2,2,2,0.25
88,88,2,5,2,2,5,2,19,2,2,2,2,4,-0.5
88,88,2,5,2,2,5,2,19,2,2,2,2,6,0.75
88,88,2,5,2,2,5,2,19,2,2,2,2,2,0.25
88,88,2,5,2,2,5,2,19,2,2,2,2,4,-0.5
88,88,2,5,2,2,5,2,19,2,2,2,2,6,0.75
89,29,3,4,2,2,3,2,19,2,1,2,1,2,0.968245836551854
89,29,3,4,2,2,3,2,19,2,1,2,1,4,-0.866025403784439
89,29,3,4,2,2,3,2,19,2,1,2,1,2,0.968245836551854
89,29,3,4,2,2,3,2,19,2,1,2,1,4,-0.866025403784439
89,29,3,4,2,2,3,2,19,2,1,2,1,2,0.968245836551854
89,29,3,4,2,2,3,2,19,2,1,2,1,4,-0.866025403784439
89,29,3,4,2,2,3,2,19,2,1,2,1,2,0.968245836551854
89,29,3,4,2,2,3,2,19,2,1,2,1,4,-0.866025403784439
89,29,3,4,2,2,3,2,19,2,1,2,1,2,0.968245836551854
89,29,3,4,2,2,3,2,19,2,1,2,1,4,-0.866025403784439
89,30,3,4,2,2,5,2,19,2,1,2,1,2,0.968245836551854
89,30,3,4,2,2,5,2,19,2,1,2,1,4,-0.866025403784439
89,30,3,4,2,2,5,2,19,2,1,2,1,2,0.968245836551854
89,30,3,4,2,2,5,2,19,2,1,2,1,4,-0.866025403784439
89,30,3,4,2,2,5,2,19,2,1,2,1,2,0.968245836551854
89,30,3,4,2,2,5,2,19,2,1,2,1,4,-0.866025403784439
89,49,3,4,4,2,3,2,19,2,1,2,1,4,0.612372435695794
89,49,3,4,4,2,3,2,19,2,1,2,1,4,0.612372435695794
89,49,3,4,4,2,3,2,19,2,1,2,1,4,0.612372435695794
89,49,3,4,4,2,3,2,19,2,1,2,1,4,0.612372435695794
89,49,3,4,4,2,3,2,19,2,1,2,1,4,0.612372435695794
89,50,3,4,4,2,5,2,19,2,1,2,1,4,0.612372435695794
89,50,3,4,4,2,5,2,19,2,1,2,1,4,0.612372435695794
89,50,3,4,4,2,5,2,19,2,1,2,1,4,0.612372435695794
89,87,3,4,2,2,3,2,19,2,2,2,2,2,0.25
89,87,3,4,2,2,3,2,19,2,2,2,2,4,-0.5
89,87,3,4,2,2,3,2,19,2,2,2,2,6,0.75
89,87,3,4,2,2,3,2,19,2,2,2,2,2,0.25
89,87,3,4,2,2,3,2,19,2,2,2,2,4,-0.5
89,87,3,4,2,2,3,2,19,2,2,2,2,6,0.75
89,87,3,4,2,2,3,2,19,2,2,2,2,2,0.25
89,87,3,4,2,2,3,2,19,2,2,2,2,4,-0.5
89,87,3,4,2,2,3,2,19,2,2,2,2,6,0.75
89,87,3,4,2,2,3,2,19,2,2,2,2,2,0.25
89,87,3,4,2,2,3,2,19,2,2,2,2,4,-0.5
89,87,3,4,2,2,3,2,19,2,2,2,2,6,0.75
89,87,3,4,2,2,3,2,19,2,2,2,2,2,0.25
89,87,3,4,2,2,3,2,19,2,2,2,2,4,-0.5
89,87,3,4,2,2,3,2,19,2,2,2,2,6,0.75
89,87,3,4,2,2,3,2,19,2,2,2,2,2,0.25
89,87,3,4,2,2,3,2,19,2,2,2,2,4,-0.5
89,87,3,4,2,2,3,2,19,2,2,2,2,6,0.75
89,87,3,4,2,2,3,2,19,2,2,2,2,2,0.25
89,87,3,4,2,2,3,2,19,2,2,2,2,4,-0.5
89,87,3,4,2,2,3,2,19,2,2,2,2,6,0.75
89,88,3,4,2,2,5,2,19,2,2,2,2,2,0.25
89,88,3,4,2,2,5,2,19,2,2,2,2,4,-0.5
89,88,3,4,2,2,5,2,19,2,2,2,2,6,0.75
89,88,3,4,2,2,5,2,19,2,2,2,2,2,0.25
89,88,3,4,2,2,5,2,19,2,2,2,2,4,-0.5
89,88,3,4,2,2,5,2,19,2,2,2,2,6,0.75
89,88,3,4,2,2,5,2,19,2,2,2,2,2,0.25
89,88,3,4,2,2,5,2,19,2,2,2,2,4,-0.5
89,88,3,4,2,2,5,2,19,2,2,2,2,6,0.75
90,92,2,3,3,3,4,3,12,2,2,2,2,2,-1
90,92,2,3,3,3,4,3,12,2,2,2,2,4,-0.5
90,92,2,3,3,3,4,3,12,2,2,2,2,6,-0.142857142857143
90,92,2,3,3,3,4,3,12,2,2,2,2,2,-1
90,92,2,3,3,3,4,3,12,2,2,2,2,4,-0.5
90,92,2,3,3,3,4,3,12,2,2,2,2,6,-0.142857142857143
90,92,2,3,3,3,4,3,12,2,2,2,2,2,-1
90,92,2,3,3,3,4,3,12,2,2,2,2,4,-0.5
90,92,2,3,3,3,4,3,12,2,2,2,2,6,-0.142857142857143
91,92,2,5,3,3,4,3,12,2,2,2,2,2,-1
91,92,2,5,3,3,4,3,12,2,2,2,2,4,-0.5
91,92,2,5,3,3,4,3,12,2,2,2,2,6,-0.142857142857143
91,92,2,5,3,3,4,3,12,2,2,2,2,2,-1
91,92,2,5,3,3,4,3,12,2,2,2,2,4,-0.5
91,92,2,5,3,3,4,3,12,2,2,2,2,6,-0.142857142857143
91,92,2,5,3,3,4,3,12,2,2,2,2,2,-1
91,92,2,5,3,3,4,3,12,2,2,2,2,4,-0.5
91,92,2,5,3,3,4,3,12,2,2,2,2,6,-0.142857142857143
92,92,3,4,3,3,4,3,12,2,2,2,2,2,-1
92,92,3,4,3,3,4,3,12,2,2,2,2,4,-0.5
92,92,3,4,3,3,4,3,12,2,2,2,2,6,-0.142857142857143
92,92,3,4,3,3,4,3,12,2,2,2,2,2,-1
92,92,3,4,3,3,4,3,12,2,2,2,2,4,-0.5
92,92,3,4,3,3,4,3,12,2,2,2,2,6,-0.142857142857143
92,92,3,4,3,3,4,3,12,2,2,2,2,2,-1
92,92,3,4,3,3,4,3,12,2,2,2,2,4,-0.5
92,92,3,4,3,3,4,3,12,2,2,2,2,6,-0.142857142857143
93,35,2,3,3,3,4,3,14,2,1,2,1,2,0.661437827766148
93,35,2,3,3,3,4,3,14,2,1,2,1,4,0.591607978309962
93,35,2,3,3,3,4,3,14,2,1,2,1,2,0.661437827766148
93,35,2,3,3,3,4,3,14,2,1,2,1,4,0.591607978309962
93,35,2,3,3,3,4,3,14,2,1,2,1,2,0.661437827766148
93,35,2,3,3,3,4,3,14,2,1,2,1,4,0.591607978309962
93,95,2,3,3,3,4,3,14,2,2,2,2,2,0.75
93,95,2,3,3,3,4,3,14,2,2,2,2,4,-0.5
93,95,2,3,3,3,4,3,14,2,2,2,2,6,-0.55952380952381
93,95,2,3,3,3,4,3,14,2,2,2,2,2,0.75
93,95,2,3,3,3,4,3,14,2,2,2,2,4,-0.5
93,95,2,3,3,3,4,3,14,2,2,2,2,6,-0.55952380952381
93,95,2,3,3,3,4,3,14,2,2,2,2,2,0.75
93,95,2,3,3,3,4,3,14,2,2,2,2,4,-0.5
93,95,2,3,3,3,4,3,14,2,2,2,2,6,-0.55952380952381
93,110,2,3,5,3,4,3,14,2,2,2,2,4,0.935414346693485
93,110,2,3,5,3,4,3,14,2,2,2,2,4,0.935414346693485
93,110,2,3,5,3,4,3,14,2,2,2,2,4,0.935414346693485
94,35,2,5,3,3,4,3,14,2,1,2,1,2,0.661437827766148
94,35,2,5,3,3,4,3,14,2,1,2,1,4,0.591607978309962
94,35,2,5,3,3,4,3,14,2,1,2,1,2,0.661437827766148
94,35,2,5,3,3,4,3,14,2,1,2,1,4,0.591607978309962
94,35,2,5,3,3,4,3,14,2,1,2,1,2,0.661437827766148
94,35,2,5,3,3,4,3,14,2,1,2,1,4,0.591607978309962
94,95,2,5,3,3,4,3,14,2,2,2,2,2,0.75
94,95,2,5,3,3,4,3,14,2,2,2,2,4,-0.5
94,95,2,5,3,3,4,3,14,2,2,2,2,6,-0.55952380952381
94,95,2,5,3,3,4,3,14,2,2,2,2,2,0.75
94,95,2,5,3,3,4,3,14,2,2,2,2,4,-0.5
94,95,2,5,3,3,4,3,14,2,2,2,2,6,-0.55952380952381
94,95,2,5,3,3,4,3,14,2,2,2,2,2,0.75
94,95,2,5,3,3,4,3,14,2,2,2,2,4,-0.5
94,95,2,5,3,3,4,3,14,2,2,2,2,6,-0.55952380952381
94,110,2,5,5,3,4,3,14,2,2,2,2,4,0.935414346693485
94,110,2,5,5,3,4,3,14,2,2,2,2,4,0.935414346693485
94,110,2,5,5,3,4,3,14,2,2,2,2,4,0.935414346693485
95,35,3,4,3,3,4,3,14,2,1,2,1,2,0.661437827766148
95,35,3,4,3,3,4,3,14,2,1,2,1,4,0.591607978309962
95,35,3,4,3,3,4,3,14,2,1,2,1,2,0.661437827766148
95,35,3,4,3,3,4,3,14,2,1,2,1,4,0.591607978309962
95,35,3,4,3,3,4,3,14,2,1,2,1,2,0.661437827766148
95,35,3,4,3,3,4,3,14,2,1,2,1,4,0.591607978309962
95,95,3,4,3,3,4,3,14,2,2,2,2,2,0.75
95,95,3,4,3,3,4,3,14,2,2,2,2,4,-0.5
95,95,3,4,3,3,4,3,14,2,2,2,2,6,-0.55952380952381
95,95,3,4,3,3,4,3,14,2,2,2,2,2,0.75
95,95,3,4,3,3,4,3,14,2,2,2,2,4,-0.5
95,95,3,4,3,3,4,3,14,2,2,2,2,6,-0.55952380952381
95,95,3,4,3,3,4,3,14,2,2,2,2,2,0.75
95,95,3,4,3,3,4,3,14,2,2,2,2,4,-0.5
95,95,3,4,3,3,4,3,14,2,2,2,2,6,-0.55952380952381
95,110,3,4,5,3,4,3,14,2,2,2,2,4,0.935414346693485
95,110,3,4,5,3,4,3,14,2,2,2,2,4,0.935414346693485
95,110,3,4,5,3,4,3,14,2,2,2,2,4,0.935414346693485
96,39,2,3,3,3,4,3,16,2,1,2,1,2,-0.866025403784439
96,39,2,3,3,3,4,3,16,2,1,2,1,4,0.193649167310371
96,39,2,3,3,3,4,3,16,2,1,2,1,2,-0.866025403784439
96,39,2,3,3,3,4,3,16,2,1,2,1,4,0.193649167310371
96,39,2,3,3,3,4,3,16,2,1,2,1,2,-0.866025403784439
96,39,2,3,3,3,4,3,16,2,1,2,1,4,0.193649167310371
96,55,2,3,5,3,4,3,16,2,1,2,1,4,-0.866025403784439
96,55,2,3,5,3,4,3,16,2,1,2,1,4,-0.866025403784439
96,55,2,3,5,3,4,3,16,2,1,2,1,4,-0.866025403784439
96,98,2,3,3,3,4,3,16,2,2,2,2,2,-0.5
96,98,2,3,3,3,4,3,16,2,2,2,2,4,0.75
96,98,2,3,3,3,4,3,16,2,2,2,2,6,-0.5
96,98,2,3,3,3,4,3,16,2,2,2,2,2,-0.5
96,98,2,3,3,3,4,3,16,2,2,2,2,4,0.75
96,98,2,3,3,3,4,3,16,2,2,2,2,6,-0.5
96,98,2,3,3,3,4,3,16,2,2,2,2,2,-0.5
96,98,2,3,3,3,4,3,16,2,2,2,2,4,0.75
96,98,2,3,3,3,4,3,16,2,2,2,2,6,-0.5
96,113,2,3,5,3,4,3,16,2,2,2,2,4,-0.5
96,113,2,3,5,3,4,3,16,2,2,2,2,4,-0.5
96,113,2,3,5,3,4,3,16,2,2,2,2,4,-0.5
97,39,2,5,3,3,4,3,16,2,1,2,1,2,-0.866025403784439
97,39,2,5,3,3,4,3,16,2,1,2,1,4,0.193649167310371
97,39,2,5,3,3,4,3,16,2,1,2,1,2,-0.866025403784439
97,39,2,5,3,3,4,3,16,2,1,2,1,4,0.193649167310371
97,39,2,5,3,3,4,3,16,2,1,2,1,2,-0.866025403784439
97,39,2,5,3,3,4,3,16,2,1,2,1,4,0.193649167310371
97,55,2,5,5,3,4,3,16,2,1,2,1,4,-0.866025403784439
97,55,2,5,5,3,4,3,16,2,1,2,1,4,-0.866025403784439
97,55,2,5,5,3,4,3,16,2,1,2,1,4,-0.866025403784439
97,98,2,5,3,3,4,3,16,2,2,2,2,2,-0.5
97,98,2,5,3,3,4,3,16,2,2,2,2,4,0.75
97,98,2,5,3,3,4,3,16,2,2,2,2,6,-0.5
97,98,2,5,3,3,4,3,16,2,2,2,2,2,-0.5
97,98,2,5,3,3,4,3,16,2,2,2,2,4,0.75
97,98,2,5,3,3,4,3,16,2,2,2,2,6,-0.5
97,98,2,5,3,3,4,3,16,2,2,2,2,2,-0.5
97,98,2,5,3,3,4,3,16,2,2,2,2,4,0.75
97,98,2,5,3,3,4,3,16,2,2,2,2,6,-0.5
97,113,2,5,5,3,4,3,16,2,2,2,2,4,-0.5
97,113,2,5,5,3,4,3,16,2,2,2,2,4,-0.5
97,113,2,5,5,3,4,3,16,2,2,2,2,4,-0.5
98,39,3,4,3,3,4,3,16,2,1,2,1,2,-0.866025403784439
98,39,3,4,3,3,4,3,16,2,1,2,1,4,0.193649167310371
98,39,3,4,3,3,4,3,16,2,1,2,1,2,-0.866025403784439
98,39,3,4,3,3,4,3,16,2,1,2,1,4,0.193649167310371
98,39,3,4,3,3,4,3,16,2,1,2,1,2,-0.866025403784439
98,39,3,4,3,3,4,3,16,2,1,2,1,4,0.193649167310371
98,55,3,4,5,3,4,3,16,2,1,2,1,4,-0.866025403784439
98,55,3,4,5,3,4,3,16,2,1,2,1,4,-0.866025403784439
98,55,3,4,5,3,4,3,16,2,1,2,1,4,-0.866025403784439
98,98,3,4,3,3,4,3,16,2,2,2,2,2,-0.5
98,98,3,4,3,3,4,3,16,2,2,2,2,4,0.75
98,98,3,4,3,3,4,3,16,2,2,2,2,6,-0.5
98,98,3,4,3,3,4,3,16,2,2,2,2,2,-0.5
98,98,3,4,3,3,4,3,16,2,2,2,2,4,0.75
98,98,3,4,3,3,4,3,16,2,2,2,2,6,-0.5
98,98,3,4,3,3,4,3,16,2,2,2,2,2,-0.5
98,98,3,4,3,3,4,3,16,2,2,2,2,4,0.75
98,98,3,4,3,3,4,3,16,2,2,2,2,6,-0.5
98,113,3,4,5,3,4,3,16,2,2,2,2,4,-0.5
98,113,3,4,5,3,4,3,16,2,2,2,2,4,-0.5
98,113,3,4,5,3,4,3,16,2,2,2,2,4,-0.5
99,43,2,3,3,3,4,3,18,2,1,2,1,2,0.968245836551854
99,43,2,3,3,3,4,3,18,2,1,2,1,4,-0.866025403784439
99,43,2,3,3,3,4,3,18,2,1,2,1,2,0.968245836551854
99,43,2,3,3,3,4,3,18,2,1,2,1,4,-0.866025403784439
99,43,2,3,3,3,4,3,18,2,1,2,1,2,0.968245836551854
99,43,2,3,3,3,4,3,18,2,1,2,1,4,-0.866025403784439
99,59,2,3,5,3,4,3,18,2,1,2,1,4,0.612372435695794
99,59,2,3,5,3,4,3,18,2,1,2,1,4,0.612372435695794
99,59,2,3,5,3,4,3,18,2,1,2,1,4,0.612372435695794
99,101,2,3,3,3,4,3,18,2,2,2,2,2,0.25
99,101,2,3,3,3,4,3,18,2,2,2,2,4,-0.5
99,101,2,3,3,3,4,3,18,2,2,2,2,6,0.75
99,101,2,3,3,3,4,3,18,2,2,2,2,2,0.25
99,101,2,3,3,3,4,3,18,2,2,2,2,4,-0.5
99,101,2,3,3,3,4,3,18,2,2,2,2,6,0.75
99,101,2,3,3,3,4,3,18,2,2,2,2,2,0.25
99,101,2,3,3,3,4,3,18,2,2,2,2,4,-0.5
99,101,2,3,3,3,4,3,18,2,2,2,2,6,0.75
100,43,2,5,3,3,4,3,18,2,1,2,1,2,0.968245836551854
100,43,2,5,3,3,4,3,18,2,1,2,1,4,-0.866025403784439
100,43,2,5,3,3,4,3,18,2,1,2,1,2,0.968245836551854
100,43,2,5,3,3,4,3,18,2,1,2,1,4,-0.866025403784439
100,43,2,5,3,3,4,3,18,2,1,2,1,2,0.968245836551854
100,43,2,5,3,3,4,3,18,2,1,2,1,4,-0.866025403784439
100,59,2,5,5,3,4,3,18,2,1,2,1,4,0.612372435695794
100,59,2,5,5,3,4,3,18,2,1,2,1,4,0.612372435695794
100,59,2,5,5,3,4,3,18,2,1,2,1,4,0.612372435695794
100,101,2,5,3,3,4,3,18,2,2,2,2,2,0.25
100,101,2,5,3,3,4,3,18,2,2,2,2,4,-0.5
100,101,2,5,3,3,4,3,18,2,2,2,2,6,0.75
100,101,2,5,3,3,4,3,18,2,2,2,2,2,0.25
100,101,2,5,3,3,4,3,18,2,2,2,2,4,-0.5
100,101,2,5,3,3,4,3,18,2,2,2,2,6,0.75
100,101,2,5,3,3,4,3,18,2,2,2,2,2,0.25
100,101,2,5,3,3,4,3,18,2,2,2,2,4,-0.5
100,101,2,5,3,3,4,3,18,2,2,2,2,6,0.75
101,43,3,4,3,3,4,3,18,2,1,2,1,2,0.968245836551854
101,43,3,4,3,3,4,3,18,2,1,2,1,4,-0.866025403784439
101,43,3,4,3,3,4,3,18,2,1,2,1,2,0.968245836551854
101,43,3,4,3,3,4,3,18,2,1,2,1,4,-0.866025403784439
101,43,3,4,3,3,4,3,18,2,1,2,1,2,0.968245836551854
101,43,3,4,3,3,4,3,18,2,1,2,1,4,-0.866025403784439
101,59,3,4,5,3,4,3,18,2,1,2,1,4,0.612372435695794
101,59,3,4,5,3,4,3,18,2,1,2,1,4,0.612372435695794
101,59,3,4,5,3,4,3,18,2,1,2,1,4,0.612372435695794
101,101,3,4,3,3,4,3,18,2,2,2,2,2,0.25
101,101,3,4,3,3,4,3,18,2,2,2,2,4,-0.5
101,101,3,4,3,3,4,3,18,2,2,2,2,6,0.75
101,101,3,4,3,3,4,3,18,2,2,2,2,2,0.25
101,101,3,4,3,3,4,3,18,2,2,2,2,4,-0.5
101,101,3,4,3,3,4,3,18,2,2,2,2,6,0.75
101,101,3,4,3,3,4,3,18,2,2,2,2,2,0.25
101,101,3,4,3,3,4,3,18,2,2,2,2,4,-0.5
101,101,3,4,3,3,4,3,18,2,2,2,2,6,0.75
102,24,2,3,2,4,5,4,15,2,1,2,1,2,-1
103,24,2,5,2,4,5,4,15,2,1,2,1,2,-1
104,24,3,4,2,4,5,4,15,2,1,2,1,2,-1
105,28,2,3,2,4,5,4,17,2,1,2,1,2,0.612372435695794
106,28,2,5,2,4,5,4,17,2,1,2,1,2,0.612372435695794
107,28,3,4,2,4,5,4,17,2,1,2,1,2,0.612372435695794
114,80,3,3,2,3,4,3,13,2,2,2,2,2,-1.4142135623731
114,80,3,3,2,3,4,3,13,2,2,2,2,4,-0.707106781186548
114,80,3,3,2,3,4,3,13,2,2,2,2,6,-0.202030508910442
114,80,3,3,2,3,4,3,13,2,2,2,2,2,-1.4142135623731
114,80,3,3,2,3,4,3,13,2,2,2,2,4,-0.707106781186548
114,80,3,3,2,3,4,3,13,2,2,2,2,6,-0.202030508910442
114,80,3,3,2,3,4,3,13,2,2,2,2,2,-1.4142135623731
114,80,3,3,2,3,4,3,13,2,2,2,2,4,-0.707106781186548
114,80,3,3,2,3,4,3,13,2,2,2,2,6,-0.202030508910442
114,114,3,3,3,3,3,3,13,2,2,2,2,2,-2
114,114,3,3,3,3,3,3,13,2,2,2,2,4,-1
114,114,3,3,3,3,3,3,13,2,2,2,2,6,-0.285714285714286
114,114,3,3,3,3,3,3,13,2,2,2,2,2,-2
114,114,3,3,3,3,3,3,13,2,2,2,2,4,-1
114,114,3,3,3,3,3,3,13,2,2,2,2,6,-0.285714285714286
114,114,3,3,3,3,3,3,13,2,2,2,2,2,-2
114,114,3,3,3,3,3,3,13,2,2,2,2,4,-1
114,114,3,3,3,3,3,3,13,2,2,2,2,6,-0.285714285714286
114,114,3,3,3,3,3,3,13,2,2,2,2,2,-2
114,114,3,3,3,3,3,3,13,2,2,2,2,4,-1
114,114,3,3,3,3,3,3,13,2,2,2,2,6,-0.285714285714286
114,114,3,3,3,3,3,3,13,2,2,2,2,2,-2
114,114,3,3,3,3,3,3,13,2,2,2,2,4,-1
114,114,3,3,3,3,3,3,13,2,2,2,2,6,-0.285714285714286
114,114,3,3,3,3,3,3,13,2,2,2,2,2,-2
114,114,3,3,3,3,3,3,13,2,2,2,2,4,-1
114,114,3,3,3,3,3,3,13,2,2,2,2,6,-0.285714285714286
114,114,3,3,3,3,3,3,13,2,2,2,2,2,-2
114,114,3,3,3,3,3,3,13,2,2,2,2,4,-1
114,114,3,3,3,3,3,3,13,2,2,2,2,6,-0.285714285714286
114,115,3,3,3,3,5,3,13,2,2,2,2,2,-1.4142135623731
114,115,3,3,3,3,5,3,13,2,2,2,2,4,-0.707106781186548
114,115,3,3,3,3,5,3,13,2,2,2,2,6,-0.202030508910442
114,115,3,3,3,3,5,3,13,2,2,2,2,2,-1.4142135623731
114,115,3,3,3,3,5,3,13,2,2,2,2,4,-0.707106781186548
114,115,3,3,3,3,5,3,13,2,2,2,2,6,-0.202030508910442
114,115,3,3,3,3,5,3,13,2,2,2,2,2,-1.4142135623731
114,115,3,3,3,3,5,3,13,2,2,2,2,4,-0.707106781186548
114,115,3,3,3,3,5,3,13,2,2,2,2,6,-0.202030508910442
115,80,3,5,2,3,4,3,13,2,2,2,2,2,-1
115,80,3,5,2,3,4,3,13,2,2,2,2,4,-0.5
115,80,3,5,2,3,4,3,13,2,2,2,2,6,-0.142857142857143
115,80,3,5,2,3,4,3,13,2,2,2,2,2,-1
115,80,3,5,2,3,4,3,13,2,2,2,2,4,-0.5
115,80,3,5,2,3,4,3,13,2,2,2,2,6,-0.142857142857143
115,80,3,5,2,3,4,3,13,2,2,2,2,2,-1
115,80,3,5,2,3,4,3,13,2,2,2,2,4,-0.5
115,80,3,5,2,3,4,3,13,2,2,2,2,6,-0.142857142857143
115,114,3,5,3,3,3,3,13,2,2,2,2,2,-1.4142135623731
115,114,3,5,3,3,3,3,13,2,2,2,2,4,-0.707106781186548
115,114,3,5,3,3,3,3,13,2,2,2,2,6,-0.202030508910442
115,114,3,5,3,3,3,3,13,2,2,2,2,2,-1.4142135623731
115,114,3,5,3,3,3,3,13,2,2,2,2,4,-0.707106781186548
115,114,3,5,3,3,3,3,13,2,2,2,2,6,-0.202030508910442
115,114,3,5,3,3,3,3,13,2,2,2,2,2,-1.4142135623731
115,114,3,5,3,3,3,3,13,2,2,2,2,4,-0.707106781186548
115,114,3,5,3,3,3,3,13,2,2,2,2,6,-0.202030508910442
115,114,3,5,3,3,3,3,13,2,2,2,2,2,-1.4142135623731
115,114,3,5,3,3,3,3,13,2,2,2,2,4,-0.707106781186548
115,114,3,5,3,3,3,3,13,2,2,2,2,6,-0.202030508910442
115,114,3,5,3,3,3,3,13,2,2,2,2,2,-1.4142135623731
115,114,3,5,3,3,3,3,13,2,2,2,2,4,-0.707106781186548
115,114,3,5,3,3,3,3,13,2,2,2,2,6,-0.202030508910442
115,114,3,5,3,3,3,3,13,2,2,2,2,2,-1.4142135623731
115,114,3,5,3,3,3,3,13,2,2,2,2,4,-0.707106781186548
115,114,3,5,3,3,3,3,13,2,2,2,2,6,-0.202030508910442
115,114,3,5,3,3,3,3,13,2,2,2,2,2,-1.4142135623731
115,114,3,5,3,3,3,3,13,2,2,2,2,4,-0.707106781186548
115,114,3,5,3,3,3,3,13,2,2,2,2,6,-0.202030508910442
115,115,3,5,3,3,5,3,13,2,2,2,2,2,-1
115,115,3,5,3,3,5,3,13,2,2,2,2,4,-0.5
115,115,3,5,3,3,5,3,13,2,2,2,2,6,-0.142857142857143
115,115,3,5,3,3,5,3,13,2,2,2,2,2,-1
115,115,3,5,3,3,5,3,13,2,2,2,2,4,-0.5
115,115,3,5,3,3,5,3,13,2,2,2,2,6,-0.142857142857143
115,115,3,5,3,3,5,3,13,2,2,2,2,2,-1
115,115,3,5,3,3,5,3,13,2,2,2,2,4,-0.5
115,115,3,5,3,3,5,3,13,2,2,2,2,6,-0.142857142857143
116,23,3,3,2,3,4,3,15,2,1,2,1,2,0.935414346693485
116,23,3,3,2,3,4,3,15,2,1,2,1,4,0.836660026534076
116,23,3,3,2,3,4,3,15,2,1,2,1,2,0.935414346693485
116,23,3,3,2,3,4,3,15,2,1,2,1,4,0.836660026534076
116,23,3,3,2,3,4,3,15,2,1,2,1,2,0.935414346693485
116,23,3,3,2,3,4,3,15,2,1,2,1,4,0.836660026534076
116,61,3,3,3,3,5,3,15,2,1,2,1,2,0.935414346693485
116,61,3,3,3,3,5,3,15,2,1,2,1,4,0.836660026534076
116,61,3,3,3,3,5,3,15,2,1,2,1,2,0.935414346693485
116,61,3,3,3,3,5,3,15,2,1,2,1,4,0.836660026534076
116,61,3,3,3,3,5,3,15,2,1,2,1,2,0.935414346693485
116,61,3,3,3,3,5,3,15,2,1,2,1,4,0.836660026534076
116,83,3,3,2,3,4,3,15,2,2,2,2,2,1.06066017177982
116,83,3,3,2,3,4,3,15,2,2,2,2,4,-0.707106781186548
116,83,3,3,2,3,4,3,15,2,2,2,2,6,-0.791286159899232
116,83,3,3,2,3,4,3,15,2,2,2,2,2,1.06066017177982
116,83,3,3,2,3,4,3,15,2,2,2,2,4,-0.707106781186548
116,83,3,3,2,3,4,3,15,2,2,2,2,6,-0.791286159899232
116,83,3,3,2,3,4,3,15,2,2,2,2,2,1.06066017177982
116,83,3,3,2,3,4,3,15,2,2,2,2,4,-0.707106781186548
116,83,3,3,2,3,4,3,15,2,2,2,2,6,-0.791286159899232
116,104,3,3,4,3,4,3,15,2,2,2,2,4,1.3228756555323
116,104,3,3,4,3,4,3,15,2,2,2,2,4,1.3228756555323
116,104,3,3,4,3,4,3,15,2,2,2,2,4,1.3228756555323
116,116,3,3,3,3,3,3,15,2,2,2,2,2,1.5
116,116,3,3,3,3,3,3,15,2,2,2,2,4,-1
116,116,3,3,3,3,3,3,15,2,2,2,2,6,-1.11904761904762
116,116,3,3,3,3,3,3,15,2,2,2,2,2,1.5
116,116,3,3,3,3,3,3,15,2,2,2,2,4,-1
116,116,3,3,3,3,3,3,15,2,2,2,2,6,-1.11904761904762
116,116,3,3,3,3,3,3,15,2,2,2,2,2,1.5
116,116,3,3,3,3,3,3,15,2,2,2,2,4,-1
116,116,3,3,3,3,3,3,15,2,2,2,2,6,-1.11904761904762
116,116,3,3,3,3,3,3,15,2,2,2,2,2,1.5
116,116,3,3,3,3,3,3,15,2,2,2,2,4,-1
116,116,3,3,3,3,3,3,15,2,2,2,2,6,-1.11904761904762
116,116,3,3,3,3,3,3,15,2,2,2,2,2,1.5
116,116,3,3,3,3,3,3,15,2,2,2,2,4,-1
116,116,3,3,3,3,3,3,15,2,2,2,2,6,-1.11904761904762
116,116,3,3,3,3,3,3,15,2,2,2,2,2,1.5
116,116,3,3,3,3,3,3,15,2,2,2,2,4,-1
116,116,3,3,3,3,3,3,15,2,2,2,2,6,-1.11904761904762
116,116,3,3,3,3,3,3,15,2,2,2,2,2,1.5
116,116,3,3,3,3,3,3,15,2,2,2,2,4,-1
116,116,3,3,3,3,3,3,15,2,2,2,2,6,-1.11904761904762
116,117,3,3,3,3,5,3,15,2,2,2,2,2,1.06066017177982
116,117,3,3,3,3,5,3,15,2,2,2,2,4,-0.707106781186548
116,117,3,3,3,3,5,3,15,2,2,2,2,6,-0.791286159899232
116,117,3,3,3,3,5,3,15,2,2,2,2,2,1.06066017177982
116,117,3,3,3,3,5,3,15,2,2,2,2,4,-0.707106781186548
116,117,3,3,3,3,5,3,15,2,2,2,2,6,-0.791286159899232
116,117,3,3,3,3,5,3,15,2,2,2,2,2,1.06066017177982
116,117,3,3,3,3,5,3,15,2,2,2,2,4,-0.707106781186548
116,117,3,3,3,3,5,3,15,2,2,2,2,6,-0.791286159899232
116,122,3,3,5,3,3,3,15,2,2,2,2,4,1.87082869338697
116,122,3,3,5,3,3,3,15,2,2,2,2,4,1.87082869338697
116,122,3,3,5,3,3,3,15,2,2,2,2,4,1.87082869338697
116,122,3,3,5,3,3,3,15,2,2,2,2,4,1.87082869338697
116,122,3,3,5,3,3,3,15,2,2,2,2,4,1.87082869338697
116,122,3,3,5,3,3,3,15,2,2,2,2,4,1.87082869338697
116,122,3,3,5,3,3,3,15,2,2,2,2,4,1.87082869338697
116,123,3,3,5,3,5,3,15,2,2,2,2,4,1.3228756555323
116,123,3,3,5,3,5,3,15,2,2,2,2,4,1.3228756555323
116,123,3,3,5,3,5,3,15,2,2,2,2,4,1.3228756555323
117,23,3,5,2,3,4,3,15,2,1,2,1,2,0.661437827766148
117,23,3,5,2,3,4,3,15,2,1,2,1,4,0.591607978309962
117,23,3,5,2,3,4,3,15,2,1,2,1,2,0.661437827766148
117,23,3,5,2,3,4,3,15,2,1,2,1,4,0.591607978309962
117,23,3,5,2,3,4,3,15,2,1,2,1,2,0.661437827766148
117,23,3,5,2,3,4,3,15,2,1,2,1,4,0.591607978309962
117,61,3,5,3,3,5,3,15,2,1,2,1,2,0.661437827766148
117,61,3,5,3,3,5,3,15,2,1,2,1,4,0.591607978309962
117,61,3,5,3,3,5,3,15,2,1,2,1,2,0.661437827766148
117,61,3,5,3,3,5,3,15,2,1,2,1,4,0.591607978309962
117,61,3,5,3,3,5,3,15,2,1,2,1,2,0.661437827766148
117,61,3,5,3,3,5,3,15,2,1,2,1,4,0.591607978309962
117,83,3,5,2,3,4,3,15,2,2,2,2,2,0.75
117,83,3,5,2,3,4,3,15,2,2,2,2,4,-0.5
117,83,3,5,2,3,4,3,15,2,2,2,2,6,-0.55952380952381
117,83,3,5,2,3,4,3,15,2,2,2,2,2,0.75
117,83,3,5,2,3,4,3,15,2,2,2,2,4,-0.5
117,83,3,5,2,3,4,3,15,2,2,2,2,6,-0.55952380952381
117,83,3,5,2,3,4,3,15,2,2,2,2,2,0.75
117,83,3,5,2,3,4,3,15,2,2,2,2,4,-0.5
117,83,3,5,2,3,4,3,15,2,2,2,2,6,-0.55952380952381
117,104,3,5,4,3,4,3,15,2,2,2,2,4,0.935414346693485
117,104,3,5,4,3,4,3,15,2,2,2,2,4,0.935414346693485
117,104,3,5,4,3,4,3,15,2,2,2,2,4,0.935414346693485
117,116,3,5,3,3,3,3,15,2,2,2,2,2,1.06066017177982
117,116,3,5,3,3,3,3,15,2,2,2,2,4,-0.707106781186548
117,116,3,5,3,3,3,3,15,2,2,2,2,6,-0.791286159899232
117,116,3,5,3,3,3,3,15,2,2,2,2,2,1.06066017177982
117,116,3,5,3,3,3,3,15,2,2,2,2,4,-0.707106781186548
117,116,3,5,3,3,3,3,15,2,2,2,2,6,-0.791286159899232
117,116,3,5,3,3,3,3,15,2,2,2,2,2,1.06066017177982
117,116,3,5,3,3,3,3,15,2,2,2,2,4,-0.707106781186548
117,116,3,5,3,3,3,3,15,2,2,2,2,6,-0.791286159899232
117,116,3,5,3,3,3,3,15,2,2,2,2,2,1.06066017177982
117,116,3,5,3,3,3,3,15,2,2,2,2,4,-0.707106781186548
117,116,3,5,3,3,3,3,15,2,2,2,2,6,-0.791286159899232
117,116,3,5,3,3,3,3,15,2,2,2,2,2,1.06066017177982
117,116,3,5,3,3,3,3,15,2,2,2,2,4,-0.707106781186548
117,116,3,5,3,3,3,3,15,2,2,2,2,6,-0.791286159899232
117,116,3,5,3,3,3,3,15,2,2,2,2,2,1.06066017177982
117,116,3,5,3,3,3,3,15,2,2,2,2,4,-0.707106781186548
117,116,3,5,3,3,3,3,15,2,2,2,2,6,-0.791286159899232
117,116,3,5,3,3,3,3,15,2,2,2,2,2,1.06066017177982
117,116,3,5,3,3,3,3,15,2,2,2,2,4,-0.707106781186548
117,116,3,5,3,3,3,3,15,2,2,2,2,6,-0.791286159899232
117,117,3,5,3,3,5,3,15,2,2,2,2,2,0.75
117,117,3,5,3,3,5,3,15,2,2,2,2,4,-0.5
117,117,3,5,3,3,5,3,15,2,2,2,2,6,-0.55952380952381
117,117,3,5,3,3,5,3,15,2,2,2,2,2,0.75
117,117,3,5,3,3,5,3,15,2,2,2,2,4,-0.5
117,117,3,5,3,3,5,3,15,2,2,2,2,6,-0.55952380952381
117,117,3,5,3,3,5,3,15,2,2,2,2,2,0.75
117,117,3,5,3,3,5,3,15,2,2,2,2,4,-0.5
117,117,3,5,3,3,5,3,15,2,2,2,2,6,-0.55952380952381
117,122,3,5,5,3,3,3,15,2,2,2,2,4,1.3228756555323
117,122,3,5,5,3,3,3,15,2,2,2,2,4,1.3228756555323
117,122,3,5,5,3,3,3,15,2,2,2,2,4,1.3228756555323
117,122,3,5,5,3,3,3,15,2,2,2,2,4,1.3228756555323
117,122,3,5,5,3,3,3,15,2,2,2,2,4,1.3228756555323
117,122,3,5,5,3,3,3,15,2,2,2,2,4,1.3228756555323
117,122,3,5,5,3,3,3,15,2,2,2,2,4,1.3228756555323
117,123,3,5,5,3,5,3,15,2,2,2,2,4,0.935414346693485
117,123,3,5,5,3,5,3,15,2,2,2,2,4,0.935414346693485
117,123,3,5,5,3,5,3,15,2,2,2,2,4,0.935414346693485
118,27,3,3,2,3,4,3,17,2,1,2,1,2,-1.22474487139159
118,27,3,3,2,3,4,3,17,2,1,2,1,4,0.273861278752583
118,27,3,3,2,3,4,3,17,2,1,2,1,2,-1.22474487139159
118,27,3,3,2,3,4,3,17,2,1,2,1,4,0.273861278752583
118,27,3,3,2,3,4,3,17,2,1,2,1,2,-1.22474487139159
118,27,3,3,2,3,4,3,17,2,1,2,1,4,0.273861278752583
118,47,3,3,4,3,4,3,17,2,1,2,1,4,-1.22474487139159
118,47,3,3,4,3,4,3,17,2,1,2,1,4,-1.22474487139159
118,47,3,3,4,3,4,3,17,2,1,2,1,4,-1.22474487139159
118,62,3,3,3,3,5,3,17,2,1,2,1,2,-1.22474487139159
118,62,3,3,3,3,5,3,17,2,1,2,1,4,0.273861278752583
118,62,3,3,3,3,5,3,17,2,1,2,1,2,-1.22474487139159
118,62,3,3,3,3,5,3,17,2,1,2,1,4,0.273861278752583
118,62,3,3,3,3,5,3,17,2,1,2,1,2,-1.22474487139159
118,62,3,3,3,3,5,3,17,2,1,2,1,4,0.273861278752583
118,64,3,3,5,3,5,3,17,2,1,2,1,4,-1.22474487139159
118,64,3,3,5,3,5,3,17,2,1,2,1,4,-1.22474487139159
118,64,3,3,5,3,5,3,17,2,1,2,1,4,-1.22474487139159
118,86,3,3,2,3,4,3,17,2,2,2,2,2,-0.707106781186548
118,86,3,3,2,3,4,3,17,2,2,2,2,4,1.06066017177982
118,86,3,3,2,3,4,3,17,2,2,2,2,6,-0.707106781186548
118,86,3,3,2,3,4,3,17,2,2,2,2,2,-0.707106781186548
118,86,3,3,2,3,4,3,17,2,2,2,2,4,1.06066017177982
118,86,3,3,2,3,4,3,17,2,2,2,2,6,-0.707106781186548
118,86,3,3,2,3,4,3,17,2,2,2,2,2,-0.707106781186548
118,86,3,3,2,3,4,3,17,2,2,2,2,4,1.06066017177982
118,86,3,3,2,3,4,3,17,2,2,2,2,6,-0.707106781186548
118,107,3,3,4,3,4,3,17,2,2,2,2,4,-0.707106781186548
118,107,3,3,4,3,4,3,17,2,2,2,2,4,-0.707106781186548
118,107,3,3,4,3,4,3,17,2,2,2,2,4,-0.707106781186548
118,118,3,3,3,3,3,3,17,2,2,2,2,2,-1
118,118,3,3,3,3,3,3,17,2,2,2,2,4,1.5
118,118,3,3,3,3,3,3,17,2,2,2,2,6,-1
118,118,3,3,3,3,3,3,17,2,2,2,2,2,-1
118,118,3,3,3,3,3,3,17,2,2,2,2,4,1.5
118,118,3,3,3,3,3,3,17,2,2,2,2,6,-1
118,118,3,3,3,3,3,3,17,2,2,2,2,2,-1
118,118,3,3,3,3,3,3,17,2,2,2,2,4,1.5
118,118,3,3,3,3,3,3,17,2,2,2,2,6,-1
118,118,3,3,3,3,3,3,17,2,2,2,2,2,-1
118,118,3,3,3,3,3,3,17,2,2,2,2,4,1.5
118,118,3,3,3,3,3,3,17,2,2,2,2,6,-1
118,118,3,3,3,3,3,3,17,2,2,2,2,2,-1
118,118,3,3,3,3,3,3,17,2,2,2,2,4,1.5
118,118,3,3,3,3,3,3,17,2,2,2,2,6,-1
118,118,3,3,3,3,3,3,17,2,2,2,2,2,-1
118,118,3,3,3,3,3,3,17,2,2,2,2,4,1.5
118,118,3,3,3,3,3,3,17,2,2,2,2,6,-1
118,118,3,3,3,3,3,3,17,2,2,2,2,2,-1
118,118,3,3,3,3,3,3,17,2,2,2,2,4,1.5
118,118,3,3,3,3,3,3,17,2,2,2,2,6,-1
118,119,3,3,3,3,5,3,17,2,2,2,2,2,-0.707106781186548
118,119,3,3,3,3,5,3,17,2,2,2,2,4,1.06066017177982
118,119,3,3,3,3,5,3,17,2,2,2,2,6,-0.707106781186548
118,119,3,3,3,3,5,3,17,2,2,2,2,2,-0.707106781186548
118,119,3,3,3,3,5,3,17,2,2,2,2,4,1.06066017177982
118,119,3,3,3,3,5,3,17,2,2,2,2,6,-0.707106781186548
118,119,3,3,3,3,5,3,17,2,2,2,2,2,-0.707106781186548
118,119,3,3,3,3,5,3,17,2,2,2,2,4,1.06066017177982
118,119,3,3,3,3,5,3,17,2,2,2,2,6,-0.707106781186548
118,124,3,3,5,3,3,3,17,2,2,2,2,4,-1
118,124,3,3,5,3,3,3,17,2,2,2,2,4,-1
118,124,3,3,5,3,3,3,17,2,2,2,2,4,-1
118,124,3,3,5,3,3,3,17,2,2,2,2,4,-1
118,124,3,3,5,3,3,3,17,2,2,2,2,4,-1
118,124,3,3,5,3,3,3,17,2,2,2,2,4,-1
118,124,3,3,5,3,3,3,17,2,2,2,2,4,-1
118,125,3,3,5,3,5,3,17,2,2,2,2,4,-0.707106781186548
118,125,3,3,5,3,5,3,17,2,2,2,2,4,-0.707106781186548
118,125,3,3,5,3,5,3,17,2,2,2,2,4,-0.707106781186548
119,27,3,5,2,3,4,3,17,2,1,2,1,2,-0.866025403784439
119,27,3,5,2,3,4,3,17,2,1,2,1,4,0.193649167310371
119,27,3,5,2,3,4,3,17,2,1,2,1,2,-0.866025403784439
119,27,3,5,2,3,4,3,17,2,1,2,1,4,0.193649167310371
119,27,3,5,2,3,4,3,17,2,1,2,1,2,-0.866025403784439
119,27,3,5,2,3,4,3,17,2,1,2,1,4,0.193649167310371
119,47,3,5,4,3,4,3,17,2,1,2,1,4,-0.866025403784439
119,47,3,5,4,3,4,3,17,2,1,2,1,4,-0.866025403784439
119,47,3,5,4,3,4,3,17,2,1,2,1,4,-0.866025403784439
119,62,3,5,3,3,5,3,17,2,1,2,1,2,-0.866025403784439
119,62,3,5,3,3,5,3,17,2,1,2,1,4,0.193649167310371
119,62,3,5,3,3,5,3,17,2,1,2,1,2,-0.866025403784439
119,62,3,5,3,3,5,3,17,2,1,2,1,4,0.193649167310371
119,62,3,5,3,3,5,3,17,2,1,2,1,2,-0.866025403784439
119,62,3,5,3,3,5,3,17,2,1,2,1,4,0.193649167310371
119,64,3,5,5,3,5,3,17,2,1,2,1,4,-0.866025403784439
119,64,3,5,5,3,5,3,17,2,1,2,1,4,-0.866025403784439
119,64,3,5,5,3,5,3,17,2,1,2,1,4,-0.866025403784439
119,86,3,5,2,3,4,3,17,2,2,2,2,2,-0.5
119,86,3,5,2,3,4,3,17,2,2,2,2,4,0.75
119,86,3,5,2,3,4,3,17,2,2,2,2,6,-0.5
119,86,3,5,2,3,4,3,17,2,2,2,2,2,-0.5
119,86,3,5,2,3,4,3,17,2,2,2,2,4,0.75
119,86,3,5,2,3,4,3,17,2,2,2,2,6,-0.5
119,86,3,5,2,3,4,3,17,2,2,2,2,2,-0.5
119,86,3,5,2,3,4,3,17,2,2,2,2,4,0.75
119,86,3,5,2,3,4,3,17,2,2,2,2,6,-0.5
119,107,3,5,4,3,4,3,17,2,2,2,2,4,-0.5
119,107,3,5,4,3,4,3,17,2,2,2,2,4,-0.5
119,107,3,5,4,3,4,3,17,2,2,2,2,4,-0.5
119,118,3,5,3,3,3,3,17,2,2,2,2,2,-0.707106781186548
119,118,3,5,3,3,3,3,17,2,2,2,2,4,1.06066017177982
119,118,3,5,3,3,3,3,17,2,2,2,2,6,-0.707106781186548
119,118,3,5,3,3,3,3,17,2,2,2,2,2,-0.707106781186548
119,118,3,5,3,3,3,3,17,2,2,2,2,4,1.06066017177982
119,118,3,5,3,3,3,3,17,2,2,2,2,6,-0.707106781186548
119,118,3,5,3,3,3,3,17,2,2,2,2,2,-0.707106781186548
119,118,3,5,3,3,3,3,17,2,2,2,2,4,1.06066017177982
119,118,3,5,3,3,3,3,17,2,2,2,2,6,-0.707106781186548
119,118,3,5,3,3,3,3,17,2,2,2,2,2,-0.707106781186548
119,118,3,5,3,3,3,3,17,2,2,2,2,4,1.06066017177982
119,118,3,5,3,3,3,3,17,2,2,2,2,6,-0.707106781186548
119,118,3,5,3,3,3,3,17,2,2,2,2,2,-0.707106781186548
119,118,3,5,3,3,3,3,17,2,2,2,2,4,1.06066017177982
119,118,3,5,3,3,3,3,17,2,2,2,2,6,-0.707106781186548
119,118,3,5,3,3,3,3,17,2,2,2,2,2,-0.707106781186548
119,118,3,5,3,3,3,3,17,2,2,2,2,4,1.06066017177982
119,118,3,5,3,3,3,3,17,2,2,2,2,6,-0.707106781186548
119,118,3,5,3,3,3,3,17,2,2,2,2,2,-0.707106781186548
119,118,3,5,3,3,3,3,17,2,2,2,2,4,1.06066017177982
119,118,3,5,3,3,3,3,17,2,2,2,2,6,-0.707106781186548
119,119,3,5,3,3,5,3,17,2,2,2,2,2,-0.5
119,119,3,5,3,3,5,3,17,2,2,2,2,4,0.75
119,119,3,5,3,3,5,3,17,2,2,2,2,6,-0.5
119,119,3,5,3,3,5,3,17,2,2,2,2,2,-0.5
119,119,3,5,3,3,5,3,17,2,2,2,2,4,0.75
119,119,3,5,3,3,5,3,17,2,2,2,2,6,-0.5
119,119,3,5,3,3,5,3,17,2,2,2,2,2,-0.5
119,119,3,5,3,3,5,3,17,2,2,2,2,4,0.75
119,119,3,5,3,3,5,3,17,2,2,2,2,6,-0.5
119,124,3,5,5,3,3,3,17,2,2,2,2,4,-0.707106781186548
119,124,3,5,5,3,3,3,17,2,2,2,2,4,-0.707106781186548
119,124,3,5,5,3,3,3,17,2,2,2,2,4,-0.707106781186548
119,124,3,5,5,3,3,3,17,2,2,2,2,4,-0.707106781186548
119,124,3,5,5,3,3,3,17,2,2,2,2,4,-0.707106781186548
119,124,3,5,5,3,3,3,17,2,2,2,2,4,-0.707106781186548
119,124,3,5,5,3,3,3,17,2,2,2,2,4,-0.707106781186548
119,125,3,5,5,3,5,3,17,2,2,2,2,4,-0.5
119,125,3,5,5,3,5,3,17,2,2,2,2,4,-0.5
119,125,3,5,5,3,5,3,17,2,2,2,2,4,-0.5
120,31,3,3,2,3,4,3,19,2,1,2,1,2,1.36930639376292
120,31,3,3,2,3,4,3,19,2,1,2,1,4,-1.22474487139159
120,31,3,3,2,3,4,3,19,2,1,2,1,2,1.36930639376292
120,31,3,3,2,3,4,3,19,2,1,2,1,4,-1.22474487139159
120,31,3,3,2,3,4,3,19,2,1,2,1,2,1.36930639376292
120,31,3,3,2,3,4,3,19,2,1,2,1,4,-1.22474487139159
120,51,3,3,4,3,4,3,19,2,1,2,1,4,0.866025403784439
120,51,3,3,4,3,4,3,19,2,1,2,1,4,0.866025403784439
120,51,3,3,4,3,4,3,19,2,1,2,1,4,0.866025403784439
120,63,3,3,3,3,5,3,19,2,1,2,1,2,1.36930639376292
120,63,3,3,3,3,5,3,19,2,1,2,1,4,-1.22474487139159
120,63,3,3,3,3,5,3,19,2,1,2,1,2,1.36930639376292
120,63,3,3,3,3,5,3,19,2,1,2,1,4,-1.22474487139159
120,63,3,3,3,3,5,3,19,2,1,2,1,2,1.36930639376292
120,63,3,3,3,3,5,3,19,2,1,2,1,4,-1.22474487139159
120,65,3,3,5,3,5,3,19,2,1,2,1,4,0.866025403784439
120,65,3,3,5,3,5,3,19,2,1,2,1,4,0.866025403784439
120,65,3,3,5,3,5,3,19,2,1,2,1,4,0.866025403784439
120,89,3,3,2,3,4,3,19,2,2,2,2,2,0.353553390593274
120,89,3,3,2,3,4,3,19,2,2,2,2,4,-0.707106781186548
120,89,3,3,2,3,4,3,19,2,2,2,2,6,1.06066017177982
120,89,3,3,2,3,4,3,19,2,2,2,2,2,0.353553390593274
120,89,3,3,2,3,4,3,19,2,2,2,2,4,-0.707106781186548
120,89,3,3,2,3,4,3,19,2,2,2,2,6,1.06066017177982
120,89,3,3,2,3,4,3,19,2,2,2,2,2,0.353553390593274
120,89,3,3,2,3,4,3,19,2,2,2,2,4,-0.707106781186548
120,89,3,3,2,3,4,3,19,2,2,2,2,6,1.06066017177982
120,120,3,3,3,3,3,3,19,2,2,2,2,2,0.5
120,120,3,3,3,3,3,3,19,2,2,2,2,4,-1
120,120,3,3,3,3,3,3,19,2,2,2,2,6,1.5
120,120,3,3,3,3,3,3,19,2,2,2,2,2,0.5
120,120,3,3,3,3,3,3,19,2,2,2,2,4,-1
120,120,3,3,3,3,3,3,19,2,2,2,2,6,1.5
120,120,3,3,3,3,3,3,19,2,2,2,2,2,0.5
120,120,3,3,3,3,3,3,19,2,2,2,2,4,-1
120,120,3,3,3,3,3,3,19,2,2,2,2,6,1.5
120,120,3,3,3,3,3,3,19,2,2,2,2,2,0.5
120,120,3,3,3,3,3,3,19,2,2,2,2,4,-1
120,120,3,3,3,3,3,3,19,2,2,2,2,6,1.5
120,120,3,3,3,3,3,3,19,2,2,2,2,2,0.5
120,120,3,3,3,3,3,3,19,2,2,2,2,4,-1
120,120,3,3,3,3,3,3,19,2,2,2,2,6,1.5
120,120,3,3,3,3,3,3,19,2,2,2,2,2,0.5
120,120,3,3,3,3,3,3,19,2,2,2,2,4,-1
120,120,3,3,3,3,3,3,19,2,2,2,2,6,1.5
120,120,3,3,3,3,3,3,19,2,2,2,2,2,0.5
120,120,3,3,3,3,3,3,19,2,2,2,2,4,-1
120,120,3,3,3,3,3,3,19,2,2,2,2,6,1.5
120,121,3,3,3,3,5,3,19,2,2,2,2,2,0.353553390593274
120,121,3,3,3,3,5,3,19,2,2,2,2,4,-0.707106781186548
120,121,3,3,3,3,5,3,19,2,2,2,2,6,1.06066017177982
120,121,3,3,3,3,5,3,19,2,2,2,2,2,0.353553390593274
120,121,3,3,3,3,5,3,19,2,2,2,2,4,-0.707106781186548
120,121,3,3,3,3,5,3,19,2,2,2,2,6,1.06066017177982
120,121,3,3,3,3,5,3,19,2,2,2,2,2,0.353553390593274
120,121,3,3,3,3,5,3,19,2,2,2,2,4,-0.707106781186548
120,121,3,3,3,3,5,3,19,2,2,2,2,6,1.06066017177982
121,31,3,5,2,3,4,3,19,2,1,2,1,2,0.968245836551854
121,31,3,5,2,3,4,3,19,2,1,2,1,4,-0.866025403784439
121,31,3,5,2,3,4,3,19,2,1,2,1,2,0.968245836551854
121,31,3,5,2,3,4,3,19,2,1,2,1,4,-0.866025403784439
121,31,3,5,2,3,4,3,19,2,1,2,1,2,0.968245836551854
121,31,3,5,2,3,4,3,19,2,1,2,1,4,-0.866025403784439
121,51,3,5,4,3,4,3,19,2,1,2,1,4,0.612372435695794
121,51,3,5,4,3,4,3,19,2,1,2,1,4,0.612372435695794
121,51,3,5,4,3,4,3,19,2,1,2,1,4,0.612372435695794
121,63,3,5,3,3,5,3,19,2,1,2,1,2,0.968245836551854
121,63,3,5,3,3,5,3,19,2,1,2,1,4,-0.866025403784439
121,63,3,5,3,3,5,3,19,2,1,2,1,2,0.968245836551854
121,63,3,5,3,3,5,3,19,2,1,2,1,4,-0.866025403784439
121,63,3,5,3,3,5,3,19,2,1,2,1,2,0.968245836551854
121,63,3,5,3,3,5,3,19,2,1,2,1,4,-0.866025403784439
121,65,3,5,5,3,5,3,19,2,1,2,1,4,0.612372435695794
121,65,3,5,5,3,5,3,19,2,1,2,1,4,0.612372435695794
121,65,3,5,5,3,5,3,19,2,1,2,1,4,0.612372435695794
121,89,3,5,2,3,4,3,19,2,2,2,2,2,0.25
121,89,3,5,2,3,4,3,19,2,2,2,2,4,-0.5
121,89,3,5,2,3,4,3,19,2,2,2,2,6,0.75
121,89,3,5,2,3,4,3,19,2,2,2,2,2,0.25
121,89,3,5,2,3,4,3,19,2,2,2,2,4,-0.5
121,89,3,5,2,3,4,3,19,2,2,2,2,6,0.75
121,89,3,5,2,3,4,3,19,2,2,2,2,2,0.25
121,89,3,5,2,3,4,3,19,2,2,2,2,4,-0.5
121,89,3,5,2,3,4,3,19,2,2,2,2,6,0.75
121,120,3,5,3,3,3,3,19,2,2,2,2,2,0.353553390593274
121,120,3,5,3,3,3,3,19,2,2,2,2,4,-0.707106781186548
121,120,3,5,3,3,3,3,19,2,2,2,2,6,1.06066017177982
121,120,3,5,3,3,3,3,19,2,2,2,2,2,0.353553390593274
121,120,3,5,3,3,3,3,19,2,2,2,2,4,-0.707106781186548
121,120,3,5,3,3,3,3,19,2,2,2,2,6,1.06066017177982
121,120,3,5,3,3,3,3,19,2,2,2,2,2,0.353553390593274
121,120,3,5,3,3,3,3,19,2,2,2,2,4,-0.707106781186548
121,120,3,5,3,3,3,3,19,2,2,2,2,6,1.06066017177982
121,120,3,5,3,3,3,3,19,2,2,2,2,2,0.353553390593274
121,120,3,5,3,3,3,3,19,2,2,2,2,4,-0.707106781186548
121,120,3,5,3,3,3,3,19,2,2,2,2,6,1.06066017177982
121,120,3,5,3,3,3,3,19,2,2,2,2,2,0.353553390593274
121,120,3,5,3,3,3,3,19,2,2,2,2,4,-0.707106781186548
121,120,3,5,3,3,3,3,19,2,2,2,2,6,1.06066017177982
121,120,3,5,3,3,3,3,19,2,2,2,2,2,0.353553390593274
121,120,3,5,3,3,3,3,19,2,2,2,2,4,-0.707106781186548
121,120,3,5,3,3,3,3,19,2,2,2,2,6,1.06066017177982
121,120,3,5,3,3,3,3,19,2,2,2,2,2,0.353553390593274
121,120,3,5,3,3,3,3,19,2,2,2,2,4,-0.707106781186548
121,120,3,5,3,3,3,3,19,2,2,2,2,6,1.06066017177982
121,121,3,5,3,3,5,3,19,2,2,2,2,2,0.25
121,121,3,5,3,3,5,3,19,2,2,2,2,4,-0.5
121,121,3,5,3,3,5,3,19,2,2,2,2,6,0.75
121,121,3,5,3,3,5,3,19,2,2,2,2,2,0.25
121,121,3,5,3,3,5,3,19,2,2,2,2,4,-0.5
121,121,3,5,3,3,5,3,19,2,2,2,2,6,0.75
121,121,3,5,3,3,5,3,19,2,2,2,2,2,0.25
121,121,3,5,3,3,5,3,19,2,2,2,2,4,-0.5
121,121,3,5,3,3,5,3,19,2,2,2,2,6,0.75
126,78,2,3,2,2,3,2,13,3,2,3,2,4,0.866025403784439
126,78,2,3,2,2,3,2,13,3,2,3,2,6,0.462910049886276
126,78,2,3,2,2,3,2,13,3,2,3,2,4,0.866025403784439
126,78,2,3,2,2,3,2,13,3,2,3,2,6,0.462910049886276
126,78,2,3,2,2,3,2,13,3,2,3,2,4,0.866025403784439
126,78,2,3,2,2,3,2,13,3,2,3,2,6,0.462910049886276
126,78,2,3,2,2,3,2,13,3,2,3,2,4,0.866025403784439
126,78,2,3,2,2,3,2,13,3,2,3,2,6,0.462910049886276
126,78,2,3,2,2,3,2,13,3,2,3,2,4,0.866025403784439
126,78,2,3,2,2,3,2,13,3,2,3,2,6,0.462910049886276
126,79,2,3,2,2,5,2,13,3,2,3,2,4,0.866025403784439
126,79,2,3,2,2,5,2,13,3,2,3,2,6,0.462910049886276
126,79,2,3,2,2,5,2,13,3,2,3,2,4,0.866025403784439
126,79,2,3,2,2,5,2,13,3,2,3,2,6,0.462910049886276
126,79,2,3,2,2,5,2,13,3,2,3,2,4,0.866025403784439
126,79,2,3,2,2,5,2,13,3,2,3,2,6,0.462910049886276
126,126,2,3,2,2,3,2,13,3,3,3,3,4,0.5
126,126,2,3,2,2,3,2,13,3,3,3,3,6,-0.75
126,126,2,3,2,2,3,2,13,3,3,3,3,4,0.5
126,126,2,3,2,2,3,2,13,3,3,3,3,6,-0.75
126,126,2,3,2,2,3,2,13,3,3,3,3,4,0.5
126,126,2,3,2,2,3,2,13,3,3,3,3,6,-0.75
126,126,2,3,2,2,3,2,13,3,3,3,3,4,0.5
126,126,2,3,2,2,3,2,13,3,3,3,3,6,-0.75
126,126,2,3,2,2,3,2,13,3,3,3,3,4,0.5
126,126,2,3,2,2,3,2,13,3,3,3,3,6,-0.75
126,126,2,3,2,2,3,2,13,3,3,3,3,4,0.5
126,126,2,3,2,2,3,2,13,3,3,3,3,6,-0.75
126,126,2,3,2,2,3,2,13,3,3,3,3,4,0.5
126,126,2,3,2,2,3,2,13,3,3,3,3,6,-0.75
127,21,2,3,2,2,3,2,15,3,1,3,1,4,-0.748331477354788
127,21,2,3,2,2,3,2,15,3,1,3,1,4,-0.748331477354788
127,21,2,3,2,2,3,2,15,3,1,3,1,4,-0.748331477354788
127,22,2,3,2,2,5,2,15,3,1,3,1,4,-0.748331477354788
127,81,2,3,2,2,3,2,15,3,2,3,2,4,-0.632455532033676
127,81,2,3,2,2,3,2,15,3,2,3,2,6,0.647951595291863
127,81,2,3,2,2,3,2,15,3,2,3,2,4,-0.632455532033676
127,81,2,3,2,2,3,2,15,3,2,3,2,6,0.647951595291863
127,81,2,3,2,2,3,2,15,3,2,3,2,4,-0.632455532033676
127,81,2,3,2,2,3,2,15,3,2,3,2,6,0.647951595291863
127,81,2,3,2,2,3,2,15,3,2,3,2,4,-0.632455532033676
127,81,2,3,2,2,3,2,15,3,2,3,2,6,0.647951595291863
127,81,2,3,2,2,3,2,15,3,2,3,2,4,-0.632455532033676
127,81,2,3,2,2,3,2,15,3,2,3,2,6,0.647951595291863
127,82,2,3,2,2,5,2,15,3,2,3,2,4,-0.632455532033676
127,82,2,3,2,2,5,2,15,3,2,3,2,6,0.647951595291863
127,82,2,3,2,2,5,2,15,3,2,3,2,4,-0.632455532033676
127,82,2,3,2,2,5,2,15,3,2,3,2,6,0.647951595291863
127,82,2,3,2,2,5,2,15,3,2,3,2,4,-0.632455532033676
127,82,2,3,2,2,5,2,15,3,2,3,2,6,0.647951595291863
127,102,2,3,4,2,3,2,15,3,2,3,2,6,-0.942809041582063
127,102,2,3,4,2,3,2,15,3,2,3,2,6,-0.942809041582063
127,102,2,3,4,2,3,2,15,3,2,3,2,6,-0.942809041582063
127,102,2,3,4,2,3,2,15,3,2,3,2,6,-0.942809041582063
127,102,2,3,4,2,3,2,15,3,2,3,2,6,-0.942809041582063
127,103,2,3,4,2,5,2,15,3,2,3,2,6,-0.942809041582063
127,103,2,3,4,2,5,2,15,3,2,3,2,6,-0.942809041582063
127,103,2,3,4,2,5,2,15,3,2,3,2,6,-0.942809041582063
127,127,2,3,2,2,3,2,15,3,3,3,3,4,-0.2
127,127,2,3,2,2,3,2,15,3,3,3,3,6,0.591666666666667
127,127,2,3,2,2,3,2,15,3,3,3,3,4,-0.2
127,127,2,3,2,2,3,2,15,3,3,3,3,6,0.591666666666667
127,127,2,3,2,2,3,2,15,3,3,3,3,4,-0.2
127,127,2,3,2,2,3,2,15,3,3,3,3,6,0.591666666666667
127,127,2,3,2,2,3,2,15,3,3,3,3,4,-0.2
127,127,2,3,2,2,3,2,15,3,3,3,3,6,0.591666666666667
127,127,2,3,2,2,3,2,15,3,3,3,3,4,-0.2
127,127,2,3,2,2,3,2,15,3,3,3,3,6,0.591666666666667
127,127,2,3,2,2,3,2,15,3,3,3,3,4,-0.2
127,127,2,3,2,2,3,2,15,3,3,3,3,6,0.591666666666667
127,127,2,3,2,2,3,2,15,3,3,3,3,4,-0.2
127,127,2,3,2,2,3,2,15,3,3,3,3,6,0.591666666666667
128,25,2,3,2,2,3,2,17,3,1,3,1,4,0.687386354243376
128,25,2,3,2,2,3,2,17,3,1,3,1,4,0.687386354243376
128,25,2,3,2,2,3,2,17,3,1,3,1,4,0.687386354243376
128,26,2,3,2,2,5,2,17,3,1,3,1,4,0.687386354243376
128,84,2,3,2,2,3,2,17,3,2,3,2,4,0.295803989154981
128,84,2,3,2,2,3,2,17,3,2,3,2,6,-0.632455532033676
128,84,2,3,2,2,3,2,17,3,2,3,2,4,0.295803989154981
128,84,2,3,2,2,3,2,17,3,2,3,2,6,-0.632455532033676
128,84,2,3,2,2,3,2,17,3,2,3,2,4,0.295803989154981
128,84,2,3,2,2,3,2,17,3,2,3,2,6,-0.632455532033676
128,84,2,3,2,2,3,2,17,3,2,3,2,4,0.295803989154981
128,84,2,3,2,2,3,2,17,3,2,3,2,6,-0.632455532033676
128,84,2,3,2,2,3,2,17,3,2,3,2,4,0.295803989154981
128,84,2,3,2,2,3,2,17,3,2,3,2,6,-0.632455532033676
128,85,2,3,2,2,5,2,17,3,2,3,2,4,0.295803989154981
128,85,2,3,2,2,5,2,17,3,2,3,2,6,-0.632455532033676
128,85,2,3,2,2,5,2,17,3,2,3,2,4,0.295803989154981
128,85,2,3,2,2,5,2,17,3,2,3,2,6,-0.632455532033676
128,85,2,3,2,2,5,2,17,3,2,3,2,4,0.295803989154981
128,85,2,3,2,2,5,2,17,3,2,3,2,6,-0.632455532033676
128,105,2,3,4,2,3,2,17,3,2,3,2,6,0.353553390593274
128,105,2,3,4,2,3,2,17,3,2,3,2,6,0.353553390593274
128,105,2,3,4,2,3,2,17,3,2,3,2,6,0.353553390593274
128,105,2,3,4,2,3,2,17,3,2,3,2,6,0.353553390593274
128,105,2,3,4,2,3,2,17,3,2,3,2,6,0.353553390593274
128,106,2,3,4,2,5,2,17,3,2,3,2,6,0.353553390593274
128,106,2,3,4,2,5,2,17,3,2,3,2,6,0.353553390593274
128,106,2,3,4,2,5,2,17,3,2,3,2,6,0.353553390593274
128,128,2,3,2,2,3,2,17,3,3,3,3,4,0.05
128,128,2,3,2,2,3,2,17,3,3,3,3,6,-0.2
128,128,2,3,2,2,3,2,17,3,3,3,3,4,0.05
128,128,2,3,2,2,3,2,17,3,3,3,3,6,-0.2
128,128,2,3,2,2,3,2,17,3,3,3,3,4,0.05
128,128,2,3,2,2,3,2,17,3,3,3,3,6,-0.2
128,128,2,3,2,2,3,2,17,3,3,3,3,4,0.05
128,128,2,3,2,2,3,2,17,3,3,3,3,6,-0.2
128,128,2,3,2,2,3,2,17,3,3,3,3,4,0.05
128,128,2,3,2,2,3,2,17,3,3,3,3,6,-0.2
128,128,2,3,2,2,3,2,17,3,3,3,3,4,0.05
128,128,2,3,2,2,3,2,17,3,3,3,3,6,-0.2
128,128,2,3,2,2,3,2,17,3,3,3,3,4,0.05
128,128,2,3,2,2,3,2,17,3,3,3,3,6,-0.2
129,92,2,3,3,3,4,3,12,3,2,3,2,4,0.866025403784439
129,92,2,3,3,3,4,3,12,3,2,3,2,6,0.462910049886276
129,92,2,3,3,3,4,3,12,3,2,3,2,4,0.866025403784439
129,92,2,3,3,3,4,3,12,3,2,3,2,6,0.462910049886276
129,92,2,3,3,3,4,3,12,3,2,3,2,4,0.866025403784439
129,92,2,3,3,3,4,3,12,3,2,3,2,6,0.462910049886276
130,35,2,3,3,3,4,3,14,3,1,3,1,4,-0.748331477354788
130,95,2,3,3,3,4,3,14,3,2,3,2,4,-0.632455532033676
130,95,2,3,3,3,4,3,14,3,2,3,2,6,0.647951595291863
130,95,2,3,3,3,4,3,14,3,2,3,2,4,-0.632455532033676
130,95,2,3,3,3,4,3,14,3,2,3,2,6,0.647951595291863
130,95,2,3,3,3,4,3,14,3,2,3,2,4,-0.632455532033676
130,95,2,3,3,3,4,3,14,3,2,3,2,6,0.647951595291863
130,110,2,3,5,3,4,3,14,3,2,3,2,6,-0.942809041582063
130,110,2,3,5,3,4,3,14,3,2,3,2,6,-0.942809041582063
130,110,2,3,5,3,4,3,14,3,2,3,2,6,-0.942809041582063
131,39,2,3,3,3,4,3,16,3,1,3,1,4,0.687386354243376
131,98,2,3,3,3,4,3,16,3,2,3,2,4,0.295803989154981
131,98,2,3,3,3,4,3,16,3,2,3,2,6,-0.632455532033676
131,98,2,3,3,3,4,3,16,3,2,3,2,4,0.295803989154981
131,98,2,3,3,3,4,3,16,3,2,3,2,6,-0.632455532033676
131,98,2,3,3,3,4,3,16,3,2,3,2,4,0.295803989154981
131,98,2,3,3,3,4,3,16,3,2,3,2,6,-0.632455532033676
131,113,2,3,5,3,4,3,16,3,2,3,2,6,0.353553390593274
131,113,2,3,5,3,4,3,16,3,2,3,2,6,0.353553390593274
131,113,2,3,5,3,4,3,16,3,2,3,2,6,0.353553390593274
