pair_i,pair_j,a,b,c,d,e,f,g,jab_seed,jde_seed,entry_jab,entry_jde,twoJ,val,rdm_me,contribution,status
16,16,2,4,2,2,4,2,14,1,1,1,1,2,-0.75,0,-0,zero-return
16,16,2,4,2,2,4,2,14,1,1,1,1,4,-0.3,0,-0,zero-return
16,16,2,4,2,2,4,2,14,1,1,1,1,2,-0.75,0,-0,zero-return
16,16,2,4,2,2,4,2,14,1,1,1,1,4,-0.3,0,-0,zero-return
16,16,2,4,2,2,4,2,14,1,1,1,1,2,-0.75,0,-0,zero-return
16,16,2,4,2,2,4,2,14,1,1,1,1,4,-0.3,0,-0,zero-return
16,33,2,4,3,2,3,2,14,1,1,1,1,2,-0.75,0,-0,zero-return
16,33,2,4,3,2,3,2,14,1,1,1,1,4,-0.3,0,-0,zero-return
16,33,2,4,3,2,3,2,14,1,1,1,1,2,-0.75,0,-0,zero-return
16,33,2,4,3,2,3,2,14,1,1,1,1,4,-0.3,0,-0,zero-return
16,33,2,4,3,2,3,2,14,1,1,1,1,2,-0.75,0,-0,zero-return
16,33,2,4,3,2,3,2,14,1,1,1,1,4,-0.3,0,-0,zero-return
16,33,2,4,3,2,3,2,14,1,1,1,1,2,-0.75,0,-0,zero-return
16,33,2,4,3,2,3,2,14,1,1,1,1,4,-0.3,0,-0,zero-return
16,33,2,4,3,2,3,2,14,1,1,1,1,2,-0.75,0,-0,zero-return
16,33,2,4,3,2,3,2,14,1,1,1,1,4,-0.3,0,-0,zero-return
16,34,2,4,3,2,5,2,14,1,1,1,1,2,-0.75,0,-0,zero-return
16,34,2,4,3,2,5,2,14,1,1,1,1,4,-0.3,0,-0,zero-return
16,34,2,4,3,2,5,2,14,1,1,1,1,2,-0.75,0,-0,zero-return
16,34,2,4,3,2,5,2,14,1,1,1,1,4,-0.3,0,-0,zero-return
16,34,2,4,3,2,5,2,14,1,1,1,1,2,-0.75,0,-0,zero-return
16,34,2,4,3,2,5,2,14,1,1,1,1,4,-0.3,0,-0,zero-return
16,68,2,4,2,2,2,2,14,1,2,1,2,2,0.935414346693486,0,0,zero-return
16,68,2,4,2,2,2,2,14,1,2,1,2,4,0.836660026534076,0,0,zero-return
16,68,2,4,2,2,2,2,14,1,2,1,2,2,0.935414346693486,0,0,zero-return
16,68,2,4,2,2,2,2,14,1,2,1,2,4,0.836660026534076,0,0,zero-return
16,68,2,4,2,2,2,2,14,1,2,1,2,2,0.935414346693486,0,0,zero-return
16,68,2,4,2,2,2,2,14,1,2,1,2,4,0.836660026534076,0,0,zero-return
16,68,2,4,2,2,2,2,14,1,2,1,2,2,0.935414346693486,0,0,zero-return
16,68,2,4,2,2,2,2,14,1,2,1,2,4,0.836660026534076,0,0,zero-return
16,68,2,4,2,2,2,2,14,1,2,1,2,2,0.935414346693486,0,0,zero-return
16,68,2,4,2,2,2,2,14,1,2,1,2,4,0.836660026534076,0,0,zero-return
16,69,2,4,2,2,4,2,14,1,2,1,2,2,0.661437827766148,0,0,zero-return
16,69,2,4,2,2,4,2,14,1,2,1,2,4,0.591607978309961,0,0,zero-return
16,69,2,4,2,2,4,2,14,1,2,1,2,2,0.661437827766148,0,0,zero-return
16,69,2,4,2,2,4,2,14,1,2,1,2,4,0.591607978309961,0,0,zero-return
16,69,2,4,2,2,4,2,14,1,2,1,2,2,0.661437827766148,0,0,zero-return
16,69,2,4,2,2,4,2,14,1,2,1,2,4,0.591607978309961,0,0,zero-return
16,74,2,4,4,2,2,2,14,1,2,1,2,2,-1.41421356237309,0,-0,zero-return
16,74,2,4,4,2,2,2,14,1,2,1,2,2,-1.41421356237309,0,-0,zero-return
16,74,2,4,4,2,2,2,14,1,2,1,2,2,-1.41421356237309,0,-0,zero-return
16,74,2,4,4,2,2,2,14,1,2,1,2,2,-1.41421356237309,0,-0,zero-return
16,74,2,4,4,2,2,2,14,1,2,1,2,2,-1.41421356237309,0,-0,zero-return
16,75,2,4,4,2,4,2,14,1,2,1,2,2,-1,0,-0,zero-return
16,75,2,4,4,2,4,2,14,1,2,1,2,2,-1,0,-0,zero-return
16,75,2,4,4,2,4,2,14,1,2,1,2,2,-1,0,-0,zero-return
16,93,2,4,3,2,3,2,14,1,2,1,2,2,0.661437827766148,0,0,zero-return
16,93,2,4,3,2,3,2,14,1,2,1,2,4,0.591607978309961,0,0,zero-return
16,93,2,4,3,2,3,2,14,1,2,1,2,2,0.661437827766148,0,0,zero-return
16,93,2,4,3,2,3,2,14,1,2,1,2,4,0.591607978309961,0,0,zero-return
16,93,2,4,3,2,3,2,14,1,2,1,2,2,0.661437827766148,0,0,zero-return
16,93,2,4,3,2,3,2,14,1,2,1,2,4,0.591607978309961,0,0,zero-return
16,93,2,4,3,2,3,2,14,1,2,1,2,2,0.661437827766148,0,0,zero-return
16,93,2,4,3,2,3,2,14,1,2,1,2,4,0.591607978309961,0,0,zero-return
16,93,2,4,3,2,3,2,14,1,2,1,2,2,0.661437827766148,0,0,zero-return
16,93,2,4,3,2,3,2,14,1,2,1,2,4,0.591607978309961,0,0,zero-return
16,94,2,4,3,2,5,2,14,1,2,1,2,2,0.661437827766148,0,0,zero-return
16,94,2,4,3,2,5,2,14,1,2,1,2,4,0.591607978309961,0,0,zero-return
16,94,2,4,3,2,5,2,14,1,2,1,2,2,0.661437827766148,0,0,zero-return
16,94,2,4,3,2,5,2,14,1,2,1,2,4,0.591607978309961,0,0,zero-return
16,94,2,4,3,2,5,2,14,1,2,1,2,2,0.661437827766148,0,0,zero-return
16,94,2,4,3,2,5,2,14,1,2,1,2,4,0.591607978309961,0,0,zero-return
16,108,2,4,5,2,3,2,14,1,2,1,2,2,-1,0,-0,zero-return
16,108,2,4,5,2,3,2,14,1,2,1,2,2,-1,0,-0,zero-return
16,108,2,4,5,2,3,2,14,1,2,1,2,2,-1,0,-0,zero-return
16,108,2,4,5,2,3,2,14,1,2,1,2,2,-1,0,-0,zero-return
16,108,2,4,5,2,3,2,14,1,2,1,2,2,-1,0,-0,zero-return
16,109,2,4,5,2,5,2,14,1,2,1,2,2,-1,0,-0,zero-return
16,109,2,4,5,2,5,2,14,1,2,1,2,2,-1,0,-0,zero-return
16,109,2,4,5,2,5,2,14,1,2,1,2,2,-1,0,-0,zero-return
16,130,2,4,3,2,3,2,14,1,3,1,3,4,-0.748331477354788,0,-0,zero-return
16,130,2,4,3,2,3,2,14,1,3,1,3,4,-0.748331477354788,0,-0,zero-return
16,130,2,4,3,2,3,2,14,1,3,1,3,4,-0.748331477354788,0,-0,zero-return
17,17,2,4,2,2,4,2,16,1,1,1,1,2,0.5,0,0,zero-return
17,17,2,4,2,2,4,2,16,1,1,1,1,4,-0.55,0,-0,zero-return
17,17,2,4,2,2,4,2,16,1,1,1,1,2,0.5,0,0,zero-return
17,17,2,4,2,2,4,2,16,1,1,1,1,4,-0.55,0,-0,zero-return
17,17,2,4,2,2,4,2,16,1,1,1,1,2,0.5,0,0,zero-return
17,17,2,4,2,2,4,2,16,1,1,1,1,4,-0.55,0,-0,zero-return
17,19,2,4,4,2,4,2,16,1,1,1,1,2,0.790569415042095,0,0,zero-return
17,19,2,4,4,2,4,2,16,1,1,1,1,2,0.790569415042095,0,0,zero-return
17,19,2,4,4,2,4,2,16,1,1,1,1,2,0.790569415042095,0,0,zero-return
17,37,2,4,3,2,3,2,16,1,1,1,1,2,0.5,0,0,zero-return
17,37,2,4,3,2,3,2,16,1,1,1,1,4,-0.55,0,-0,zero-return
17,37,2,4,3,2,3,2,16,1,1,1,1,2,0.5,0,0,zero-return
17,37,2,4,3,2,3,2,16,1,1,1,1,4,-0.55,0,-0,zero-return
17,37,2,4,3,2,3,2,16,1,1,1,1,2,0.5,0,0,zero-return
17,37,2,4,3,2,3,2,16,1,1,1,1,4,-0.55,0,-0,zero-return
17,37,2,4,3,2,3,2,16,1,1,1,1,2,0.5,0,0,zero-return
17,37,2,4,3,2,3,2,16,1,1,1,1,4,-0.55,0,-0,zero-return
17,37,2,4,3,2,3,2,16,1,1,1,1,2,0.5,0,0,zero-return
17,37,2,4,3,2,3,2,16,1,1,1,1,4,-0.55,0,-0,zero-return
17,38,2,4,3,2,5,2,16,1,1,1,1,2,0.5,0,0,zero-return
17,38,2,4,3,2,5,2,16,1,1,1,1,4,-0.55,0,-0,zero-return
17,38,2,4,3,2,5,2,16,1,1,1,1,2,0.5,0,0,zero-return
17,38,2,4,3,2,5,2,16,1,1,1,1,4,-0.55,0,-0,zero-return
17,38,2,4,3,2,5,2,16,1,1,1,1,2,0.5,0,0,zero-return
17,38,2,4,3,2,5,2,16,1,1,1,1,4,-0.55,0,-0,zero-return
17,53,2,4,5,2,3,2,16,1,1,1,1,2,0.790569415042095,0,0,zero-return
17,53,2,4,5,2,3,2,16,1,1,1,1,2,0.790569415042095,0,0,zero-return
17,53,2,4,5,2,3,2,16,1,1,1,1,2,0.790569415042095,0,0,zero-return
17,53,2,4,5,2,3,2,16,1,1,1,1,2,0.790569415042095,0,0,zero-return
17,53,2,4,5,2,3,2,16,1,1,1,1,2,0.790569415042095,0,0,zero-return
17,54,2,4,5,2,5,2,16,1,1,1,1,2,0.790569415042095,0,0,zero-return
17,54,2,4,5,2,5,2,16,1,1,1,1,2,0.790569415042095,0,0,zero-return
17,54,2,4,5,2,5,2,16,1,1,1,1,2,0.790569415042095,0,0,zero-return
17,70,2,4,2,2,2,2,16,1,2,1,2,2,-1.22474487139159,0,-0,zero-return
17,70,2,4,2,2,2,2,16,1,2,1,2,4,0.273861278752583,0,0,zero-return
17,70,2,4,2,2,2,2,16,1,2,1,2,2,-1.22474487139159,0,-0,zero-return
17,70,2,4,2,2,2,2,16,1,2,1,2,4,0.273861278752583,0,0,zero-return
17,70,2,4,2,2,2,2,16,1,2,1,2,2,-1.22474487139159,0,-0,zero-return
17,70,2,4,2,2,2,2,16,1,2,1,2,4,0.273861278752583,0,0,zero-return
17,70,2,4,2,2,2,2,16,1,2,1,2,2,-1.22474487139159,0,-0,zero-return
17,70,2,4,2,2,2,2,16,1,2,1,2,4,0.273861278752583,0,0,zero-return
17,70,2,4,2,2,2,2,16,1,2,1,2,2,-1.22474487139159,0,-0,zero-return
17,70,2,4,2,2,2,2,16,1,2,1,2,4,0.273861278752583,0,0,zero-return
17,71,2,4,2,2,4,2,16,1,2,1,2,2,-0.866025403784439,0,-0,zero-return
17,71,2,4,2,2,4,2,16,1,2,1,2,4,0.193649167310371,0,0,zero-return
17,71,2,4,2,2,4,2,16,1,2,1,2,2,-0.866025403784439,0,-0,zero-return
17,71,2,4,2,2,4,2,16,1,2,1,2,4,0.193649167310371,0,0,zero-return
17,71,2,4,2,2,4,2,16,1,2,1,2,2,-0.866025403784439,0,-0,zero-return
17,71,2,4,2,2,4,2,16,1,2,1,2,4,0.193649167310371,0,0,zero-return
17,76,2,4,4,2,2,2,16,1,2,1,2,2,0.866025403784438,0,0,zero-return
17,76,2,4,4,2,2,2,16,1,2,1,2,2,0.866025403784438,0,0,zero-return
17,76,2,4,4,2,2,2,16,1,2,1,2,2,0.866025403784438,0,0,zero-return
17,76,2,4,4,2,2,2,16,1,2,1,2,2,0.866025403784438,0,0,zero-return
17,76,2,4,4,2,2,2,16,1,2,1,2,2,0.866025403784438,0,0,zero-return
17,77,2,4,4,2,4,2,16,1,2,1,2,2,0.612372435695794,0,0,zero-return
17,77,2,4,4,2,4,2,16,1,2,1,2,2,0.612372435695794,0,0,zero-return
17,77,2,4,4,2,4,2,16,1,2,1,2,2,0.612372435695794,0,0,zero-return
17,96,2,4,3,2,3,2,16,1,2,1,2,2,-0.866025403784439,0,-0,zero-return
17,96,2,4,3,2,3,2,16,1,2,1,2,4,0.193649167310371,0,0,zero-return
17,96,2,4,3,2,3,2,16,1,2,1,2,2,-0.866025403784439,0,-0,zero-return
17,96,2,4,3,2,3,2,16,1,2,1,2,4,0.193649167310371,0,0,zero-return
17,96,2,4,3,2,3,2,16,1,2,1,2,2,-0.866025403784439,0,-0,zero-return
17,96,2,4,3,2,3,2,16,1,2,1,2,4,0.193649167310371,0,0,zero-return
17,96,2,4,3,2,3,2,16,1,2,1,2,2,-0.866025403784439,0,-0,zero-return
17,96,2,4,3,2,3,2,16,1,2,1,2,4,0.193649167310371,0,0,zero-return
17,96,2,4,3,2,3,2,16,1,2,1,2,2,-0.866025403784439,0,-0,zero-return
17,96,2,4,3,2,3,2,16,1,2,1,2,4,0.193649167310371,0,0,zero-return
17,97,2,4,3,2,5,2,16,1,2,1,2,2,-0.866025403784439,0,-0,zero-return
17,97,2,4,3,2,5,2,16,1,2,1,2,4,0.193649167310371,0,0,zero-return
17,97,2,4,3,2,5,2,16,1,2,1,2,2,-0.866025403784439,0,-0,zero-return
17,97,2,4,3,2,5,2,16,1,2,1,2,4,0.193649167310371,0,0,zero-return
17,97,2,4,3,2,5,2,16,1,2,1,2,2,-0.866025403784439,0,-0,zero-return
17,97,2,4,3,2,5,2,16,1,2,1,2,4,0.193649167310371,0,0,zero-return
17,111,2,4,5,2,3,2,16,1,2,1,2,2,0.612372435695794,0,0,zero-return
17,111,2,4,5,2,3,2,16,1,2,1,2,2,0.612372435695794,0,0,zero-return
17,111,2,4,5,2,3,2,16,1,2,1,2,2,0.612372435695794,0,0,zero-return
17,111,2,4,5,2,3,2,16,1,2,1,2,2,0.612372435695794,0,0,zero-return
17,111,2,4,5,2,3,2,16,1,2,1,2,2,0.612372435695794,0,0,zero-return
17,112,2,4,5,2,5,2,16,1,2,1,2,2,0.612372435695794,0,0,zero-return
17,112,2,4,5,2,5,2,16,1,2,1,2,2,0.612372435695794,0,0,zero-return
17,112,2,4,5,2,5,2,16,1,2,1,2,2,0.612372435695794,0,0,zero-return
17,131,2,4,3,2,3,2,16,1,3,1,3,4,0.687386354243376,0,0,zero-return
17,131,2,4,3,2,3,2,16,1,3,1,3,4,0.687386354243376,0,0,zero-return
17,131,2,4,3,2,3,2,16,1,3,1,3,4,0.687386354243376,0,0,zero-return
18,18,2,4,2,2,4,2,18,1,1,1,1,2,-0.25,0,-0,zero-return
18,18,2,4,2,2,4,2,18,1,1,1,1,4,0.5,0,0,zero-return
18,18,2,4,2,2,4,2,18,1,1,1,1,2,-0.25,0,-0,zero-return
18,18,2,4,2,2,4,2,18,1,1,1,1,4,0.5,0,0,zero-return
18,18,2,4,2,2,4,2,18,1,1,1,1,2,-0.25,0,-0,zero-return
18,18,2,4,2,2,4,2,18,1,1,1,1,4,0.5,0,0,zero-return
18,20,2,4,4,2,4,2,18,1,1,1,1,2,-1,0,-0,zero-return
18,20,2,4,4,2,4,2,18,1,1,1,1,2,-1,0,-0,zero-return
18,20,2,4,4,2,4,2,18,1,1,1,1,2,-1,0,-0,zero-return
18,41,2,4,3,2,3,2,18,1,1,1,1,2,-0.25,0,-0,zero-return
18,41,2,4,3,2,3,2,18,1,1,1,1,4,0.5,0,0,zero-return
18,41,2,4,3,2,3,2,18,1,1,1,1,2,-0.25,0,-0,zero-return
18,41,2,4,3,2,3,2,18,1,1,1,1,4,0.5,0,0,zero-return
18,41,2,4,3,2,3,2,18,1,1,1,1,2,-0.25,0,-0,zero-return
18,41,2,4,3,2,3,2,18,1,1,1,1,4,0.5,0,0,zero-return
18,41,2,4,3,2,3,2,18,1,1,1,1,2,-0.25,0,-0,zero-return
18,41,2,4,3,2,3,2,18,1,1,1,1,4,0.5,0,0,zero-return
18,41,2,4,3,2,3,2,18,1,1,1,1,2,-0.25,0,-0,zero-return
18,41,2,4,3,2,3,2,18,1,1,1,1,4,0.5,0,0,zero-return
18,42,2,4,3,2,5,2,18,1,1,1,1,2,-0.25,0,-0,zero-return
18,42,2,4,3,2,5,2,18,1,1,1,1,4,0.5,0,0,zero-return
18,42,2,4,3,2,5,2,18,1,1,1,1,2,-0.25,0,-0,zero-return
18,42,2,4,3,2,5,2,18,1,1,1,1,4,0.5,0,0,zero-return
18,42,2,4,3,2,5,2,18,1,1,1,1,2,-0.25,0,-0,zero-return
18,42,2,4,3,2,5,2,18,1,1,1,1,4,0.5,0,0,zero-return
18,57,2,4,5,2,3,2,18,1,1,1,1,2,-1,0,-0,zero-return
18,57,2,4,5,2,3,2,18,1,1,1,1,2,-1,0,-0,zero-return
18,57,2,4,5,2,3,2,18,1,1,1,1,2,-1,0,-0,zero-return
18,57,2,4,5,2,3,2,18,1,1,1,1,2,-1,0,-0,zero-return
18,57,2,4,5,2,3,2,18,1,1,1,1,2,-1,0,-0,zero-return
18,58,2,4,5,2,5,2,18,1,1,1,1,2,-1,0,-0,zero-return
18,58,2,4,5,2,5,2,18,1,1,1,1,2,-1,0,-0,zero-return
18,58,2,4,5,2,5,2,18,1,1,1,1,2,-1,0,-0,zero-return
18,72,2,4,2,2,2,2,18,1,2,1,2,2,1.36930639376292,0,0,zero-return
18,72,2,4,2,2,2,2,18,1,2,1,2,4,-1.22474487139159,0,-0,zero-return
18,72,2,4,2,2,2,2,18,1,2,1,2,2,1.36930639376292,0,0,zero-return
18,72,2,4,2,2,2,2,18,1,2,1,2,4,-1.22474487139159,0,-0,zero-return
18,72,2,4,2,2,2,2,18,1,2,1,2,2,1.36930639376292,0,0,zero-return
18,72,2,4,2,2,2,2,18,1,2,1,2,4,-1.22474487139159,0,-0,zero-return
18,72,2,4,2,2,2,2,18,1,2,1,2,2,1.36930639376292,0,0,zero-return
18,72,2,4,2,2,2,2,18,1,2,1,2,4,-1.22474487139159,0,-0,zero-return
18,72,2,4,2,2,2,2,18,1,2,1,2,2,1.36930639376292,0,0,zero-return
18,72,2,4,2,2,2,2,18,1,2,1,2,4,-1.22474487139159,0,-0,zero-return
18,73,2,4,2,2,4,2,18,1,2,1,2,2,0.968245836551854,0,0,zero-return
18,73,2,4,2,2,4,2,18,1,2,1,2,4,-0.866025403784438,0,-0,zero-return
18,73,2,4,2,2,4,2,18,1,2,1,2,2,0.968245836551854,0,0,zero-return
18,73,2,4,2,2,4,2,18,1,2,1,2,4,-0.866025403784438,0,-0,zero-return
18,73,2,4,2,2,4,2,18,1,2,1,2,2,0.968245836551854,0,0,zero-return
18,73,2,4,2,2,4,2,18,1,2,1,2,4,-0.866025403784438,0,-0,zero-return
18,99,2,4,3,2,3,2,18,1,2,1,2,2,0.968245836551854,0,0,zero-return
18,99,2,4,3,2,3,2,18,1,2,1,2,4,-0.866025403784438,0,-0,zero-return
18,99,2,4,3,2,3,2,18,1,2,1,2,2,0.968245836551854,0,0,zero-return
18,99,2,4,3,2,3,2,18,1,2,1,2,4,-0.866025403784438,0,-0,zero-return
18,99,2,4,3,2,3,2,18,1,2,1,2,2,0.968245836551854,0,0,zero-return
18,99,2,4,3,2,3,2,18,1,2,1,2,4,-0.866025403784438,0,-0,zero-return
18,99,2,4,3,2,3,2,18,1,2,1,2,2,0.968245836551854,0,0,zero-return
18,99,2,4,3,2,3,2,18,1,2,1,2,4,-0.866025403784438,0,-0,zero-return
18,99,2,4,3,2,3,2,18,1,2,1,2,2,0.968245836551854,0,0,zero-return
18,99,2,4,3,2,3,2,18,1,2,1,2,4,-0.866025403784438,0,-0,zero-return
18,100,2,4,3,2,5,2,18,1,2,1,2,2,0.968245836551854,0,0,zero-return
18,100,2,4,3,2,5,2,18,1,2,1,2,4,-0.866025403784438,0,-0,zero-return
18,100,2,4,3,2,5,2,18,1,2,1,2,2,0.968245836551854,0,0,zero-return
18,100,2,4,3,2,5,2,18,1,2,1,2,4,-0.866025403784438,0,-0,zero-return
18,100,2,4,3,2,5,2,18,1,2,1,2,2,0.968245836551854,0,0,zero-return
18,100,2,4,3,2,5,2,18,1,2,1,2,4,-0.866025403784438,0,-0,zero-return
19,40,2,4,3,4,5,4,16,1,1,1,1,2,0.790569415042095,0,0,zero-return
19,40,2,4,3,4,5,4,16,1,1,1,1,2,0.790569415042095,0,0,zero-return
19,40,2,4,3,4,5,4,16,1,1,1,1,2,0.790569415042095,0,0,zero-return
19,56,2,4,5,4,5,4,16,1,1,1,1,2,-1,0,-0,zero-return
19,56,2,4,5,4,5,4,16,1,1,1,1,2,-1,0,-0,zero-return
19,56,2,4,5,4,5,4,16,1,1,1,1,2,-1,0,-0,zero-return
20,44,2,4,3,4,5,4,18,1,1,1,1,2,-1,0,-0,zero-return
20,44,2,4,3,4,5,4,18,1,1,1,1,2,-1,0,-0,zero-return
20,44,2,4,3,4,5,4,18,1,1,1,1,2,-1,0,-0,zero-return
20,60,2,4,5,4,5,4,18,1,1,1,1,2,0.5,0,0,zero-return
20,60,2,4,5,4,5,4,18,1,1,1,1,2,0.5,0,0,zero-return
20,60,2,4,5,4,5,4,18,1,1,1,1,2,0.5,0,0,zero-return
21,21,2,3,2,2,3,2,15,1,1,1,1,2,-0.75,0,-0,zero-return
21,21,2,3,2,2,3,2,15,1,1,1,1,4,-0.3,0,-0,zero-return
21,21,2,3,2,2,3,2,15,1,1,1,1,2,-0.75,0,-0,zero-return
21,21,2,3,2,2,3,2,15,1,1,1,1,4,-0.3,0,-0,zero-return
21,21,2,3,2,2,3,2,15,1,1,1,1,2,-0.75,0,-0,zero-return
21,21,2,3,2,2,3,2,15,1,1,1,1,4,-0.3,0,-0,zero-return
21,21,2,3,2,2,3,2,15,1,1,1,1,2,-0.75,0,-0,zero-return
21,21,2,3,2,2,3,2,15,1,1,1,1,4,-0.3,0,-0,zero-return
21,21,2,3,2,2,3,2,15,1,1,1,1,2,-0.75,0,-0,zero-return
21,21,2,3,2,2,3,2,15,1,1,1,1,4,-0.3,0,-0,zero-return
21,22,2,3,2,2,5,2,15,1,1,1,1,2,-0.75,0,-0,zero-return
21,22,2,3,2,2,5,2,15,1,1,1,1,4,-0.3,0,-0,zero-return
21,22,2,3,2,2,5,2,15,1,1,1,1,2,-0.75,0,-0,zero-return
21,22,2,3,2,2,5,2,15,1,1,1,1,4,-0.3,0,-0,zero-return
21,22,2,3,2,2,5,2,15,1,1,1,1,2,-0.75,0,-0,zero-return
21,22,2,3,2,2,5,2,15,1,1,1,1,4,-0.3,0,-0,zero-return
21,81,2,3,2,2,3,2,15,1,2,1,2,2,0.661437827766148,0,0,zero-return
21,81,2,3,2,2,3,2,15,1,2,1,2,4,0.591607978309961,0,0,zero-return
21,81,2,3,2,2,3,2,15,1,2,1,2,2,0.661437827766148,0,0,zero-return
21,81,2,3,2,2,3,2,15,1,2,1,2,4,0.591607978309961,0,0,zero-return
21,81,2,3,2,2,3,2,15,1,2,1,2,2,0.661437827766148,0,0,zero-return
21,81,2,3,2,2,3,2,15,1,2,1,2,4,0.591607978309961,0,0,zero-return
21,81,2,3,2,2,3,2,15,1,2,1,2,2,0.661437827766148,0,0,zero-return
21,81,2,3,2,2,3,2,15,1,2,1,2,4,0.591607978309961,0,0,zero-return
21,81,2,3,2,2,3,2,15,1,2,1,2,2,0.661437827766148,0,0,zero-return
21,81,2,3,2,2,3,2,15,1,2,1,2,4,0.591607978309961,0,0,zero-return
21,82,2,3,2,2,5,2,15,1,2,1,2,2,0.661437827766148,0,0,zero-return
21,82,2,3,2,2,5,2,15,1,2,1,2,4,0.591607978309961,0,0,zero-return
21,82,2,3,2,2,5,2,15,1,2,1,2,2,0.661437827766148,0,0,zero-return
21,82,2,3,2,2,5,2,15,1,2,1,2,4,0.591607978309961,0,0,zero-return
21,82,2,3,2,2,5,2,15,1,2,1,2,2,0.661437827766148,0,0,zero-return
21,82,2,3,2,2,5,2,15,1,2,1,2,4,0.591607978309961,0,0,zero-return
21,102,2,3,4,2,3,2,15,1,2,1,2,2,-1,0,-0,zero-return
21,102,2,3,4,2,3,2,15,1,2,1,2,2,-1,0,-0,zero-return
21,102,2,3,4,2,3,2,15,1,2,1,2,2,-1,0,-0,zero-return
21,102,2,3,4,2,3,2,15,1,2,1,2,2,-1,0,-0,zero-return
21,102,2,3,4,2,3,2,15,1,2,1,2,2,-1,0,-0,zero-return
21,103,2,3,4,2,5,2,15,1,2,1,2,2,-1,0,-0,zero-return
21,103,2,3,4,2,5,2,15,1,2,1,2,2,-1,0,-0,zero-return
21,103,2,3,4,2,5,2,15,1,2,1,2,2,-1,0,-0,zero-return
21,127,2,3,2,2,3,2,15,1,3,1,3,4,-0.748331477354788,0,-0,zero-return
21,127,2,3,2,2,3,2,15,1,3,1,3,4,-0.748331477354788,0,-0,zero-return
21,127,2,3,2,2,3,2,15,1,3,1,3,4,-0.748331477354788,0,-0,zero-return
22,21,2,5,2,2,3,2,15,1,1,1,1,2,-0.75,0,-0,zero-return
22,21,2,5,2,2,3,2,15,1,1,1,1,4,-0.3,0,-0,zero-return
22,21,2,5,2,2,3,2,15,1,1,1,1,2,-0.75,0,-0,zero-return
22,21,2,5,2,2,3,2,15,1,1,1,1,4,-0.3,0,-0,zero-return
22,21,2,5,2,2,3,2,15,1,1,1,1,2,-0.75,0,-0,zero-return
22,21,2,5,2,2,3,2,15,1,1,1,1,4,-0.3,0,-0,zero-return
22,21,2,5,2,2,3,2,15,1,1,1,1,2,-0.75,0,-0,zero-return
22,21,2,5,2,2,3,2,15,1,1,1,1,4,-0.3,0,-0,zero-return
22,21,2,5,2,2,3,2,15,1,1,1,1,2,-0.75,0,-0,zero-return
22,21,2,5,2,2,3,2,15,1,1,1,1,4,-0.3,0,-0,zero-return
22,22,2,5,2,2,5,2,15,1,1,1,1,2,-0.75,0,-0,zero-return
22,22,2,5,2,2,5,2,15,1,1,1,1,4,-0.3,0,-0,zero-return
22,22,2,5,2,2,5,2,15,1,1,1,1,2,-0.75,0,-0,zero-return
22,22,2,5,2,2,5,2,15,1,1,1,1,4,-0.3,0,-0,zero-return
22,22,2,5,2,2,5,2,15,1,1,1,1,2,-0.75,0,-0,zero-return
22,22,2,5,2,2,5,2,15,1,1,1,1,4,-0.3,0,-0,zero-return
22,81,2,5,2,2,3,2,15,1,2,1,2,2,0.661437827766148,0,0,zero-return
22,81,2,5,2,2,3,2,15,1,2,1,2,4,0.591607978309961,0,0,zero-return
22,81,2,5,2,2,3,2,15,1,2,1,2,2,0.661437827766148,0,0,zero-return
22,81,2,5,2,2,3,2,15,1,2,1,2,4,0.591607978309961,0,0,zero-return
22,81,2,5,2,2,3,2,15,1,2,1,2,2,0.661437827766148,0,0,zero-return
22,81,2,5,2,2,3,2,15,1,2,1,2,4,0.591607978309961,0,0,zero-return
22,81,2,5,2,2,3,2,15,1,2,1,2,2,0.661437827766148,0,0,zero-return
22,81,2,5,2,2,3,2,15,1,2,1,2,4,0.591607978309961,0,0,zero-return
22,81,2,5,2,2,3,2,15,1,2,1,2,2,0.661437827766148,0,0,zero-return
22,81,2,5,2,2,3,2,15,1,2,1,2,4,0.591607978309961,0,0,zero-return
22,82,2,5,2,2,5,2,15,1,2,1,2,2,0.661437827766148,0,0,zero-return
22,82,2,5,2,2,5,2,15,1,2,1,2,4,0.591607978309961,0,0,zero-return
22,82,2,5,2,2,5,2,15,1,2,1,2,2,0.661437827766148,0,0,zero-return
22,82,2,5,2,2,5,2,15,1,2,1,2,4,0.591607978309961,0,0,zero-return
22,82,2,5,2,2,5,2,15,1,2,1,2,2,0.661437827766148,0,0,zero-return
22,82,2,5,2,2,5,2,15,1,2,1,2,4,0.591607978309961,0,0,zero-return
22,102,2,5,4,2,3,2,15,1,2,1,2,2,-1,0,-0,zero-return
22,102,2,5,4,2,3,2,15,1,2,1,2,2,-1,0,-0,zero-return
22,102,2,5,4,2,3,2,15,1,2,1,2,2,-1,0,-0,zero-return
22,102,2,5,4,2,3,2,15,1,2,1,2,2,-1,0,-0,zero-return
22,102,2,5,4,2,3,2,15,1,2,1,2,2,-1,0,-0,zero-return
22,103,2,5,4,2,5,2,15,1,2,1,2,2,-1,0,-0,zero-return
22,103,2,5,4,2,5,2,15,1,2,1,2,2,-1,0,-0,zero-return
22,103,2,5,4,2,5,2,15,1,2,1,2,2,-1,0,-0,zero-return
22,127,2,5,2,2,3,2,15,1,3,1,3,4,-0.748331477354788,0,-0,zero-return
22,127,2,5,2,2,3,2,15,1,3,1,3,4,-0.748331477354788,0,-0,zero-return
22,127,2,5,2,2,3,2,15,1,3,1,3,4,-0.748331477354788,0,-0,zero-return
23,21,3,4,2,2,3,2,15,1,1,1,1,2,-0.75,0,-0,zero-return
23,21,3,4,2,2,3,2,15,1,1,1,1,4,-0.3,0,-0,zero-return
23,21,3,4,2,2,3,2,15,1,1,1,1,2,-0.75,0,-0,zero-return
23,21,3,4,2,2,3,2,15,1,1,1,1,4,-0.3,0,-0,zero-return
23,21,3,4,2,2,3,2,15,1,1,1,1,2,-0.75,0,-0,zero-return
23,21,3,4,2,2,3,2,15,1,1,1,1,4,-0.3,0,-0,zero-return
23,21,3,4,2,2,3,2,15,1,1,1,1,2,-0.75,0,-0,zero-return
23,21,3,4,2,2,3,2,15,1,1,1,1,4,-0.3,0,-0,zero-return
23,21,3,4,2,2,3,2,15,1,1,1,1,2,-0.75,0,-0,zero-return
23,21,3,4,2,2,3,2,15,1,1,1,1,4,-0.3,0,-0,zero-return
23,22,3,4,2,2,5,2,15,1,1,1,1,2,-0.75,0,-0,zero-return
23,22,3,4,2,2,5,2,15,1,1,1,1,4,-0.3,0,-0,zero-return
23,22,3,4,2,2,5,2,15,1,1,1,1,2,-0.75,0,-0,zero-return
23,22,3,4,2,2,5,2,15,1,1,1,1,4,-0.3,0,-0,zero-return
23,22,3,4,2,2,5,2,15,1,1,1,1,2,-0.75,0,-0,zero-return
23,22,3,4,2,2,5,2,15,1,1,1,1,4,-0.3,0,-0,zero-return
23,81,3,4,2,2,3,2,15,1,2,1,2,2,0.661437827766148,0,0,zero-return
23,81,3,4,2,2,3,2,15,1,2,1,2,4,0.591607978309961,0,0,zero-return
23,81,3,4,2,2,3,2,15,1,2,1,2,2,0.661437827766148,0,0,zero-return
23,81,3,4,2,2,3,2,15,1,2,1,2,4,0.591607978309961,0,0,zero-return
23,81,3,4,2,2,3,2,15,1,2,1,2,2,0.661437827766148,0,0,zero-return
23,81,3,4,2,2,3,2,15,1,2,1,2,4,0.591607978309961,0,0,zero-return
23,81,3,4,2,2,3,2,15,1,2,1,2,2,0.661437827766148,0,0,zero-return
23,81,3,4,2,2,3,2,15,1,2,1,2,4,0.591607978309961,0,0,zero-return
23,81,3,4,2,2,3,2,15,1,2,1,2,2,0.661437827766148,0,0,zero-return
23,81,3,4,2,2,3,2,15,1,2,1,2,4,0.591607978309961,0,0,zero-return
23,82,3,4,2,2,5,2,15,1,2,1,2,2,0.661437827766148,0,0,zero-return
23,82,3,4,2,2,5,2,15,1,2,1,2,4,0.591607978309961,0,0,zero-return
23,82,3,4,2,2,5,2,15,1,2,1,2,2,0.661437827766148,0,0,zero-return
23,82,3,4,2,2,5,2,15,1,2,1,2,4,0.591607978309961,0,0,zero-return
23,82,3,4,2,2,5,2,15,1,2,1,2,2,0.661437827766148,0,0,zero-return
23,82,3,4,2,2,5,2,15,1,2,1,2,4,0.591607978309961,0,0,zero-return
23,102,3,4,4,2,3,2,15,1,2,1,2,2,-1,0,-0,zero-return
23,102,3,4,4,2,3,2,15,1,2,1,2,2,-1,0,-0,zero-return
23,102,3,4,4,2,3,2,15,1,2,1,2,2,-1,0,-0,zero-return
23,102,3,4,4,2,3,2,15,1,2,1,2,2,-1,0,-0,zero-return
23,102,3,4,4,2,3,2,15,1,2,1,2,2,-1,0,-0,zero-return
23,103,3,4,4,2,5,2,15,1,2,1,2,2,-1,0,-0,zero-return
23,103,3,4,4,2,5,2,15,1,2,1,2,2,-1,0,-0,zero-return
23,103,3,4,4,2,5,2,15,1,2,1,2,2,-1,0,-0,zero-return
23,127,3,4,2,2,3,2,15,1,3,1,3,4,-0.748331477354788,0,-0,zero-return
23,127,3,4,2,2,3,2,15,1,3,1,3,4,-0.748331477354788,0,-0,zero-return
23,127,3,4,2,2,3,2,15,1,3,1,3,4,-0.748331477354788,0,-0,zero-return
24,21,4,5,2,2,3,2,15,1,1,1,1,2,-0.75,0,-0,zero-return
24,21,4,5,2,2,3,2,15,1,1,1,1,4,-0.3,0,-0,zero-return
24,21,4,5,2,2,3,2,15,1,1,1,1,2,-0.75,0,-0,zero-return
24,21,4,5,2,2,3,2,15,1,1,1,1,4,-0.3,0,-0,zero-return
24,21,4,5,2,2,3,2,15,1,1,1,1,2,-0.75,0,-0,zero-return
24,21,4,5,2,2,3,2,15,1,1,1,1,4,-0.3,0,-0,zero-return
24,21,4,5,2,2,3,2,15,1,1,1,1,2,-0.75,0,-0,zero-return
24,21,4,5,2,2,3,2,15,1,1,1,1,4,-0.3,0,-0,zero-return
24,21,4,5,2,2,3,2,15,1,1,1,1,2,-0.75,0,-0,zero-return
24,21,4,5,2,2,3,2,15,1,1,1,1,4,-0.3,0,-0,zero-return
24,22,4,5,2,2,5,2,15,1,1,1,1,2,-0.75,0,-0,zero-return
24,22,4,5,2,2,5,2,15,1,1,1,1,4,-0.3,0,-0,zero-return
24,22,4,5,2,2,5,2,15,1,1,1,1,2,-0.75,0,-0,zero-return
24,22,4,5,2,2,5,2,15,1,1,1,1,4,-0.3,0,-0,zero-return
24,22,4,5,2,2,5,2,15,1,1,1,1,2,-0.75,0,-0,zero-return
24,22,4,5,2,2,5,2,15,1,1,1,1,4,-0.3,0,-0,zero-return
24,81,4,5,2,2,3,2,15,1,2,1,2,2,0.661437827766148,0,0,zero-return
24,81,4,5,2,2,3,2,15,1,2,1,2,4,0.591607978309961,0,0,zero-return
24,81,4,5,2,2,3,2,15,1,2,1,2,2,0.661437827766148,0,0,zero-return
24,81,4,5,2,2,3,2,15,1,2,1,2,4,0.591607978309961,0,0,zero-return
24,81,4,5,2,2,3,2,15,1,2,1,2,2,0.661437827766148,0,0,zero-return
24,81,4,5,2,2,3,2,15,1,2,1,2,4,0.591607978309961,0,0,zero-return
24,81,4,5,2,2,3,2,15,1,2,1,2,2,0.661437827766148,0,0,zero-return
24,81,4,5,2,2,3,2,15,1,2,1,2,4,0.591607978309961,0,0,zero-return
24,81,4,5,2,2,3,2,15,1,2,1,2,2,0.661437827766148,0,0,zero-return
24,81,4,5,2,2,3,2,15,1,2,1,2,4,0.591607978309961,0,0,zero-return
24,82,4,5,2,2,5,2,15,1,2,1,2,2,0.661437827766148,0,0,zero-return
24,82,4,5,2,2,5,2,15,1,2,1,2,4,0.591607978309961,0,0,zero-return
24,82,4,5,2,2,5,2,15,1,2,1,2,2,0.661437827766148,0,0,zero-return
24,82,4,5,2,2,5,2,15,1,2,1,2,4,0.591607978309961,0,0,zero-return
24,82,4,5,2,2,5,2,15,1,2,1,2,2,0.661437827766148,0,0,zero-return
24,82,4,5,2,2,5,2,15,1,2,1,2,4,0.591607978309961,0,0,zero-return
24,102,4,5,4,2,3,2,15,1,2,1,2,2,-1,0,-0,zero-return
24,102,4,5,4,2,3,2,15,1,2,1,2,2,-1,0,-0,zero-return
24,102,4,5,4,2,3,2,15,1,2,1,2,2,-1,0,-0,zero-return
24,102,4,5,4,2,3,2,15,1,2,1,2,2,-1,0,-0,zero-return
24,102,4,5,4,2,3,2,15,1,2,1,2,2,-1,0,-0,zero-return
24,103,4,5,4,2,5,2,15,1,2,1,2,2,-1,0,-0,zero-return
24,103,4,5,4,2,5,2,15,1,2,1,2,2,-1,0,-0,zero-return
24,103,4,5,4,2,5,2,15,1,2,1,2,2,-1,0,-0,zero-return
24,127,4,5,2,2,3,2,15,1,3,1,3,4,-0.748331477354788,0,-0,zero-return
24,127,4,5,2,2,3,2,15,1,3,1,3,4,-0.748331477354788,0,-0,zero-return
24,127,4,5,2,2,3,2,15,1,3,1,3,4,-0.748331477354788,0,-0,zero-return
25,25,2,3,2,2,3,2,17,1,1,1,1,2,0.5,0,0,zero-return
25,25,2,3,2,2,3,2,17,1,1,1,1,4,-0.55,0,-0,zero-return
25,25,2,3,2,2,3,2,17,1,1,1,1,2,0.5,0,0,zero-return
25,25,2,3,2,2,3,2,17,1,1,1,1,4,-0.55,0,-0,zero-return
25,25,2,3,2,2,3,2,17,1,1,1,1,2,0.5,0,0,zero-return
25,25,2,3,2,2,3,2,17,1,1,1,1,4,-0.55,0,-0,zero-return
25,25,2,3,2,2,3,2,17,1,1,1,1,2,0.5,0,0,zero-return
25,25,2,3,2,2,3,2,17,1,1,1,1,4,-0.55,0,-0,zero-return
25,25,2,3,2,2,3,2,17,1,1,1,1,2,0.5,0,0,zero-return
25,25,2,3,2,2,3,2,17,1,1,1,1,4,-0.55,0,-0,zero-return
25,26,2,3,2,2,5,2,17,1,1,1,1,2,0.5,0,0,zero-return
25,26,2,3,2,2,5,2,17,1,1,1,1,4,-0.55,0,-0,zero-return
25,26,2,3,2,2,5,2,17,1,1,1,1,2,0.5,0,0,zero-return
25,26,2,3,2,2,5,2,17,1,1,1,1,4,-0.55,0,-0,zero-return
25,26,2,3,2,2,5,2,17,1,1,1,1,2,0.5,0,0,zero-return
25,26,2,3,2,2,5,2,17,1,1,1,1,4,-0.55,0,-0,zero-return
25,45,2,3,4,2,3,2,17,1,1,1,1,2,0.790569415042095,0,0,zero-return
25,45,2,3,4,2,3,2,17,1,1,1,1,2,0.790569415042095,0,0,zero-return
25,45,2,3,4,2,3,2,17,1,1,1,1,2,0.790569415042095,0,0,zero-return
25,45,2,3,4,2,3,2,17,1,1,1,1,2,0.790569415042095,0,0,zero-return
25,45,2,3,4,2,3,2,17,1,1,1,1,2,0.790569415042095,0,0,zero-return
25,46,2,3,4,2,5,2,17,1,1,1,1,2,0.790569415042095,0,0,zero-return
25,46,2,3,4,2,5,2,17,1,1,1,1,2,0.790569415042095,0,0,zero-return
25,46,2,3,4,2,5,2,17,1,1,1,1,2,0.790569415042095,0,0,zero-return
25,84,2,3,2,2,3,2,17,1,2,1,2,2,-0.866025403784439,0,-0,zero-return
25,84,2,3,2,2,3,2,17,1,2,1,2,4,0.193649167310371,0,0,zero-return
25,84,2,3,2,2,3,2,17,1,2,1,2,2,-0.866025403784439,0,-0,zero-return
25,84,2,3,2,2,3,2,17,1,2,1,2,4,0.193649167310371,0,0,zero-return
25,84,2,3,2,2,3,2,17,1,2,1,2,2,-0.866025403784439,0,-0,zero-return
25,84,2,3,2,2,3,2,17,1,2,1,2,4,0.193649167310371,0,0,zero-return
25,84,2,3,2,2,3,2,17,1,2,1,2,2,-0.866025403784439,0,-0,zero-return
25,84,2,3,2,2,3,2,17,1,2,1,2,4,0.193649167310371,0,0,zero-return
25,84,2,3,2,2,3,2,17,1,2,1,2,2,-0.866025403784439,0,-0,zero-return
25,84,2,3,2,2,3,2,17,1,2,1,2,4,0.193649167310371,0,0,zero-return
25,85,2,3,2,2,5,2,17,1,2,1,2,2,-0.866025403784439,0,-0,zero-return
25,85,2,3,2,2,5,2,17,1,2,1,2,4,0.193649167310371,0,0,zero-return
25,85,2,3,2,2,5,2,17,1,2,1,2,2,-0.866025403784439,0,-0,zero-return
25,85,2,3,2,2,5,2,17,1,2,1,2,4,0.193649167310371,0,0,zero-return
25,85,2,3,2,2,5,2,17,1,2,1,2,2,-0.866025403784439,0,-0,zero-return
25,85,2,3,2,2,5,2,17,1,2,1,2,4,0.193649167310371,0,0,zero-return
25,105,2,3,4,2,3,2,17,1,2,1,2,2,0.612372435695794,0,0,zero-return
25,105,2,3,4,2,3,2,17,1,2,1,2,2,0.612372435695794,0,0,zero-return
25,105,2,3,4,2,3,2,17,1,2,1,2,2,0.612372435695794,0,0,zero-return
25,105,2,3,4,2,3,2,17,1,2,1,2,2,0.612372435695794,0,0,zero-return
25,105,2,3,4,2,3,2,17,1,2,1,2,2,0.612372435695794,0,0,zero-return
25,106,2,3,4,2,5,2,17,1,2,1,2,2,0.612372435695794,0,0,zero-return
25,106,2,3,4,2,5,2,17,1,2,1,2,2,0.612372435695794,0,0,zero-return
25,106,2,3,4,2,5,2,17,1,2,1,2,2,0.612372435695794,0,0,zero-return
25,128,2,3,2,2,3,2,17,1,3,1,3,4,0.687386354243376,0,0,zero-return
25,128,2,3,2,2,3,2,17,1,3,1,3,4,0.687386354243376,0,0,zero-return
25,128,2,3,2,2,3,2,17,1,3,1,3,4,0.687386354243376,0,0,zero-return
26,25,2,5,2,2,3,2,17,1,1,1,1,2,0.5,0,0,zero-return
26,25,2,5,2,2,3,2,17,1,1,1,1,4,-0.55,0,-0,zero-return
26,25,2,5,2,2,3,2,17,1,1,1,1,2,0.5,0,0,zero-return
26,25,2,5,2,2,3,2,17,1,1,1,1,4,-0.55,0,-0,zero-return
26,25,2,5,2,2,3,2,17,1,1,1,1,2,0.5,0,0,zero-return
26,25,2,5,2,2,3,2,17,1,1,1,1,4,-0.55,0,-0,zero-return
26,25,2,5,2,2,3,2,17,1,1,1,1,2,0.5,0,0,zero-return
26,25,2,5,2,2,3,2,17,1,1,1,1,4,-0.55,0,-0,zero-return
26,25,2,5,2,2,3,2,17,1,1,1,1,2,0.5,0,0,zero-return
26,25,2,5,2,2,3,2,17,1,1,1,1,4,-0.55,0,-0,zero-return
26,26,2,5,2,2,5,2,17,1,1,1,1,2,0.5,0,0,zero-return
26,26,2,5,2,2,5,2,17,1,1,1,1,4,-0.55,0,-0,zero-return
26,26,2,5,2,2,5,2,17,1,1,1,1,2,0.5,0,0,zero-return
26,26,2,5,2,2,5,2,17,1,1,1,1,4,-0.55,0,-0,zero-return
26,26,2,5,2,2,5,2,17,1,1,1,1,2,0.5,0,0,zero-return
26,26,2,5,2,2,5,2,17,1,1,1,1,4,-0.55,0,-0,zero-return
26,45,2,5,4,2,3,2,17,1,1,1,1,2,0.790569415042095,0,0,zero-return
26,45,2,5,4,2,3,2,17,1,1,1,1,2,0.790569415042095,0,0,zero-return
26,45,2,5,4,2,3,2,17,1,1,1,1,2,0.790569415042095,0,0,zero-return
26,45,2,5,4,2,3,2,17,1,1,1,1,2,0.790569415042095,0,0,zero-return
26,45,2,5,4,2,3,2,17,1,1,1,1,2,0.790569415042095,0,0,zero-return
26,46,2,5,4,2,5,2,17,1,1,1,1,2,0.790569415042095,0,0,zero-return
26,46,2,5,4,2,5,2,17,1,1,1,1,2,0.790569415042095,0,0,zero-return
26,46,2,5,4,2,5,2,17,1,1,1,1,2,0.790569415042095,0,0,zero-return
26,84,2,5,2,2,3,2,17,1,2,1,2,2,-0.866025403784439,0,-0,zero-return
26,84,2,5,2,2,3,2,17,1,2,1,2,4,0.193649167310371,0,0,zero-return
26,84,2,5,2,2,3,2,17,1,2,1,2,2,-0.866025403784439,0,-0,zero-return
26,84,2,5,2,2,3,2,17,1,2,1,2,4,0.193649167310371,0,0,zero-return
26,84,2,5,2,2,3,2,17,1,2,1,2,2,-0.866025403784439,0,-0,zero-return
26,84,2,5,2,2,3,2,17,1,2,1,2,4,0.193649167310371,0,0,zero-return
26,84,2,5,2,2,3,2,17,1,2,1,2,2,-0.866025403784439,0,-0,zero-return
26,84,2,5,2,2,3,2,17,1,2,1,2,4,0.193649167310371,0,0,zero-return
26,84,2,5,2,2,3,2,17,1,2,1,2,2,-0.866025403784439,0,-0,zero-return
26,84,2,5,2,2,3,2,17,1,2,1,2,4,0.193649167310371,0,0,zero-return
26,85,2,5,2,2,5,2,17,1,2,1,2,2,-0.866025403784439,0,-0,zero-return
26,85,2,5,2,2,5,2,17,1,2,1,2,4,0.193649167310371,0,0,zero-return
26,85,2,5,2,2,5,2,17,1,2,1,2,2,-0.866025403784439,0,-0,zero-return
26,85,2,5,2,2,5,2,17,1,2,1,2,4,0.193649167310371,0,0,zero-return
26,85,2,5,2,2,5,2,17,1,2,1,2,2,-0.866025403784439,0,-0,zero-return
26,85,2,5,2,2,5,2,17,1,2,1,2,4,0.193649167310371,0,0,zero-return
26,105,2,5,4,2,3,2,17,1,2,1,2,2,0.612372435695794,0,0,zero-return
26,105,2,5,4,2,3,2,17,1,2,1,2,2,0.612372435695794,0,0,zero-return
26,105,2,5,4,2,3,2,17,1,2,1,2,2,0.612372435695794,0,0,zero-return
26,105,2,5,4,2,3,2,17,1,2,1,2,2,0.612372435695794,0,0,zero-return
26,105,2,5,4,2,3,2,17,1,2,1,2,2,0.612372435695794,0,0,zero-return
26,106,2,5,4,2,5,2,17,1,2,1,2,2,0.612372435695794,0,0,zero-return
26,106,2,5,4,2,5,2,17,1,2,1,2,2,0.612372435695794,0,0,zero-return
26,106,2,5,4,2,5,2,17,1,2,1,2,2,0.612372435695794,0,0,zero-return
26,128,2,5,2,2,3,2,17,1,3,1,3,4,0.687386354243376,0,0,zero-return
26,128,2,5,2,2,3,2,17,1,3,1,3,4,0.687386354243376,0,0,zero-return
26,128,2,5,2,2,3,2,17,1,3,1,3,4,0.687386354243376,0,0,zero-return
27,25,3,4,2,2,3,2,17,1,1,1,1,2,0.5,0,0,zero-return
27,25,3,4,2,2,3,2,17,1,1,1,1,4,-0.55,0,-0,zero-return
27,25,3,4,2,2,3,2,17,1,1,1,1,2,0.5,0,0,zero-return
27,25,3,4,2,2,3,2,17,1,1,1,1,4,-0.55,0,-0,zero-return
27,25,3,4,2,2,3,2,17,1,1,1,1,2,0.5,0,0,zero-return
27,25,3,4,2,2,3,2,17,1,1,1,1,4,-0.55,0,-0,zero-return
27,25,3,4,2,2,3,2,17,1,1,1,1,2,0.5,0,0,zero-return
27,25,3,4,2,2,3,2,17,1,1,1,1,4,-0.55,0,-0,zero-return
27,25,3,4,2,2,3,2,17,1,1,1,1,2,0.5,0,0,zero-return
27,25,3,4,2,2,3,2,17,1,1,1,1,4,-0.55,0,-0,zero-return
27,26,3,4,2,2,5,2,17,1,1,1,1,2,0.5,0,0,zero-return
27,26,3,4,2,2,5,2,17,1,1,1,1,4,-0.55,0,-0,zero-return
27,26,3,4,2,2,5,2,17,1,1,1,1,2,0.5,0,0,zero-return
27,26,3,4,2,2,5,2,17,1,1,1,1,4,-0.55,0,-0,zero-return
27,26,3,4,2,2,5,2,17,1,1,1,1,2,0.5,0,0,zero-return
27,26,3,4,2,2,5,2,17,1,1,1,1,4,-0.55,0,-0,zero-return
27,45,3,4,4,2,3,2,17,1,1,1,1,2,0.790569415042095,0,0,zero-return
27,45,3,4,4,2,3,2,17,1,1,1,1,2,0.790569415042095,0,0,zero-return
27,45,3,4,4,2,3,2,17,1,1,1,1,2,0.790569415042095,0,0,zero-return
27,45,3,4,4,2,3,2,17,1,1,1,1,2,0.790569415042095,0,0,zero-return
27,45,3,4,4,2,3,2,17,1,1,1,1,2,0.790569415042095,0,0,zero-return
27,46,3,4,4,2,5,2,17,1,1,1,1,2,0.790569415042095,0,0,zero-return
27,46,3,4,4,2,5,2,17,1,1,1,1,2,0.790569415042095,0,0,zero-return
27,46,3,4,4,2,5,2,17,1,1,1,1,2,0.790569415042095,0,0,zero-return
27,84,3,4,2,2,3,2,17,1,2,1,2,2,-0.866025403784439,0,-0,zero-return
27,84,3,4,2,2,3,2,17,1,2,1,2,4,0.193649167310371,0,0,zero-return
27,84,3,4,2,2,3,2,17,1,2,1,2,2,-0.866025403784439,0,-0,zero-return
27,84,3,4,2,2,3,2,17,1,2,1,2,4,0.193649167310371,0,0,zero-return
27,84,3,4,2,2,3,2,17,1,2,1,2,2,-0.866025403784439,0,-0,zero-return
27,84,3,4,2,2,3,2,17,1,2,1,2,4,0.193649167310371,0,0,zero-return
27,84,3,4,2,2,3,2,17,1,2,1,2,2,-0.866025403784439,0,-0,zero-return
27,84,3,4,2,2,3,2,17,1,2,1,2,4,0.193649167310371,0,0,zero-return
27,84,3,4,2,2,3,2,17,1,2,1,2,2,-0.866025403784439,0,-0,zero-return
27,84,3,4,2,2,3,2,17,1,2,1,2,4,0.193649167310371,0,0,zero-return
27,85,3,4,2,2,5,2,17,1,2,1,2,2,-0.866025403784439,0,-0,zero-return
27,85,3,4,2,2,5,2,17,1,2,1,2,4,0.193649167310371,0,0,zero-return
27,85,3,4,2,2,5,2,17,1,2,1,2,2,-0.866025403784439,0,-0,zero-return
27,85,3,4,2,2,5,2,17,1,2,1,2,4,0.193649167310371,0,0,zero-return
27,85,3,4,2,2,5,2,17,1,2,1,2,2,-0.866025403784439,0,-0,zero-return
27,85,3,4,2,2,5,2,17,1,2,1,2,4,0.193649167310371,0,0,zero-return
27,105,3,4,4,2,3,2,17,1,2,1,2,2,0.612372435695794,0,0,zero-return
27,105,3,4,4,2,3,2,17,1,2,1,2,2,0.612372435695794,0,0,zero-return
27,105,3,4,4,2,3,2,17,1,2,1,2,2,0.612372435695794,0,0,zero-return
27,105,3,4,4,2,3,2,17,1,2,1,2,2,0.612372435695794,0,0,zero-return
27,105,3,4,4,2,3,2,17,1,2,1,2,2,0.612372435695794,0,0,zero-return
27,106,3,4,4,2,5,2,17,1,2,1,2,2,0.612372435695794,0,0,zero-return
27,106,3,4,4,2,5,2,17,1,2,1,2,2,0.612372435695794,0,0,zero-return
27,106,3,4,4,2,5,2,17,1,2,1,2,2,0.612372435695794,0,0,zero-return
27,128,3,4,2,2,3,2,17,1,3,1,3,4,0.687386354243376,0,0,zero-return
27,128,3,4,2,2,3,2,17,1,3,1,3,4,0.687386354243376,0,0,zero-return
27,128,3,4,2,2,3,2,17,1,3,1,3,4,0.687386354243376,0,0,zero-return
28,25,4,5,2,2,3,2,17,1,1,1,1,2,0.5,0,0,zero-return
28,25,4,5,2,2,3,2,17,1,1,1,1,4,-0.55,0,-0,zero-return
28,25,4,5,2,2,3,2,17,1,1,1,1,2,0.5,0,0,zero-return
28,25,4,5,2,2,3,2,17,1,1,1,1,4,-0.55,0,-0,zero-return
28,25,4,5,2,2,3,2,17,1,1,1,1,2,0.5,0,0,zero-return
28,25,4,5,2,2,3,2,17,1,1,1,1,4,-0.55,0,-0,zero-return
28,25,4,5,2,2,3,2,17,1,1,1,1,2,0.5,0,0,zero-return
28,25,4,5,2,2,3,2,17,1,1,1,1,4,-0.55,0,-0,zero-return
28,25,4,5,2,2,3,2,17,1,1,1,1,2,0.5,0,0,zero-return
28,25,4,5,2,2,3,2,17,1,1,1,1,4,-0.55,0,-0,zero-return
28,26,4,5,2,2,5,2,17,1,1,1,1,2,0.5,0,0,zero-return
28,26,4,5,2,2,5,2,17,1,1,1,1,4,-0.55,0,-0,zero-return
28,26,4,5,2,2,5,2,17,1,1,1,1,2,0.5,0,0,zero-return
28,26,4,5,2,2,5,2,17,1,1,1,1,4,-0.55,0,-0,zero-return
28,26,4,5,2,2,5,2,17,1,1,1,1,2,0.5,0,0,zero-return
28,26,4,5,2,2,5,2,17,1,1,1,1,4,-0.55,0,-0,zero-return
28,45,4,5,4,2,3,2,17,1,1,1,1,2,0.790569415042095,0,0,zero-return
28,45,4,5,4,2,3,2,17,1,1,1,1,2,0.790569415042095,0,0,zero-return
28,45,4,5,4,2,3,2,17,1,1,1,1,2,0.790569415042095,0,0,zero-return
28,45,4,5,4,2,3,2,17,1,1,1,1,2,0.790569415042095,0,0,zero-return
28,45,4,5,4,2,3,2,17,1,1,1,1,2,0.790569415042095,0,0,zero-return
28,46,4,5,4,2,5,2,17,1,1,1,1,2,0.790569415042095,0,0,zero-return
28,46,4,5,4,2,5,2,17,1,1,1,1,2,0.790569415042095,0,0,zero-return
28,46,4,5,4,2,5,2,17,1,1,1,1,2,0.790569415042095,0,0,zero-return
28,84,4,5,2,2,3,2,17,1,2,1,2,2,-0.866025403784439,0,-0,zero-return
28,84,4,5,2,2,3,2,17,1,2,1,2,4,0.193649167310371,0,0,zero-return
28,84,4,5,2,2,3,2,17,1,2,1,2,2,-0.866025403784439,0,-0,zero-return
28,84,4,5,2,2,3,2,17,1,2,1,2,4,0.193649167310371,0,0,zero-return
28,84,4,5,2,2,3,2,17,1,2,1,2,2,-0.866025403784439,0,-0,zero-return
28,84,4,5,2,2,3,2,17,1,2,1,2,4,0.193649167310371,0,0,zero-return
28,84,4,5,2,2,3,2,17,1,2,1,2,2,-0.866025403784439,0,-0,zero-return
28,84,4,5,2,2,3,2,17,1,2,1,2,4,0.193649167310371,0,0,zero-return
28,84,4,5,2,2,3,2,17,1,2,1,2,2,-0.866025403784439,0,-0,zero-return
28,84,4,5,2,2,3,2,17,1,2,1,2,4,0.193649167310371,0,0,zero-return
28,85,4,5,2,2,5,2,17,1,2,1,2,2,-0.866025403784439,0,-0,zero-return
28,85,4,5,2,2,5,2,17,1,2,1,2,4,0.193649167310371,0,0,zero-return
28,85,4,5,2,2,5,2,17,1,2,1,2,2,-0.866025403784439,0,-0,zero-return
28,85,4,5,2,2,5,2,17,1,2,1,2,4,0.193649167310371,0,0,zero-return
28,85,4,5,2,2,5,2,17,1,2,1,2,2,-0.866025403784439,0,-0,zero-return
28,85,4,5,2,2,5,2,17,1,2,1,2,4,0.193649167310371,0,0,zero-return
28,105,4,5,4,2,3,2,17,1,2,1,2,2,0.612372435695794,0,0,zero-return
28,105,4,5,4,2,3,2,17,1,2,1,2,2,0.612372435695794,0,0,zero-return
28,105,4,5,4,2,3,2,17,1,2,1,2,2,0.612372435695794,0,0,zero-return
28,105,4,5,4,2,3,2,17,1,2,1,2,2,0.612372435695794,0,0,zero-return
28,105,4,5,4,2,3,2,17,1,2,1,2,2,0.612372435695794,0,0,zero-return
28,106,4,5,4,2,5,2,17,1,2,1,2,2,0.612372435695794,0,0,zero-return
28,106,4,5,4,2,5,2,17,1,2,1,2,2,0.612372435695794,0,0,zero-return
28,106,4,5,4,2,5,2,17,1,2,1,2,2,0.612372435695794,0,0,zero-return
28,128,4,5,2,2,3,2,17,1,3,1,3,4,0.687386354243376,0,0,zero-return
28,128,4,5,2,2,3,2,17,1,3,1,3,4,0.687386354243376,0,0,zero-return
28,128,4,5,2,2,3,2,17,1,3,1,3,4,0.687386354243376,0,0,zero-return
29,29,2,3,2,2,3,2,19,1,1,1,1,2,-0.25,0,-0,zero-return
29,29,2,3,2,2,3,2,19,1,1,1,1,4,0.5,0,0,zero-return
29,29,2,3,2,2,3,2,19,1,1,1,1,2,-0.25,0,-0,zero-return
29,29,2,3,2,2,3,2,19,1,1,1,1,4,0.5,0,0,zero-return
29,29,2,3,2,2,3,2,19,1,1,1,1,2,-0.25,0,-0,zero-return
29,29,2,3,2,2,3,2,19,1,1,1,1,4,0.5,0,0,zero-return
29,29,2,3,2,2,3,2,19,1,1,1,1,2,-0.25,0,-0,zero-return
29,29,2,3,2,2,3,2,19,1,1,1,1,4,0.5,0,0,zero-return
29,29,2,3,2,2,3,2,19,1,1,1,1,2,-0.25,0,-0,zero-return
29,29,2,3,2,2,3,2,19,1,1,1,1,4,0.5,0,0,zero-return
29,30,2,3,2,2,5,2,19,1,1,1,1,2,-0.25,0,-0,zero-return
29,30,2,3,2,2,5,2,19,1,1,1,1,4,0.5,0,0,zero-return
29,30,2,3,2,2,5,2,19,1,1,1,1,2,-0.25,0,-0,zero-return
29,30,2,3,2,2,5,2,19,1,1,1,1,4,0.5,0,0,zero-return
29,30,2,3,2,2,5,2,19,1,1,1,1,2,-0.25,0,-0,zero-return
29,30,2,3,2,2,5,2,19,1,1,1,1,4,0.5,0,0,zero-return
29,49,2,3,4,2,3,2,19,1,1,1,1,2,-1,0,-0,zero-return
29,49,2,3,4,2,3,2,19,1,1,1,1,2,-1,0,-0,zero-return
29,49,2,3,4,2,3,2,19,1,1,1,1,2,-1,0,-0,zero-return
29,49,2,3,4,2,3,2,19,1,1,1,1,2,-1,0,-0,zero-return
29,49,2,3,4,2,3,2,19,1,1,1,1,2,-1,0,-0,zero-return
29,50,2,3,4,2,5,2,19,1,1,1,1,2,-1,0,-0,zero-return
29,50,2,3,4,2,5,2,19,1,1,1,1,2,-1,0,-0,zero-return
29,50,2,3,4,2,5,2,19,1,1,1,1,2,-1,0,-0,zero-return
29,87,2,3,2,2,3,2,19,1,2,1,2,2,0.968245836551854,0,0,zero-return
29,87,2,3,2,2,3,2,19,1,2,1,2,4,-0.866025403784438,0,-0,zero-return
29,87,2,3,2,2,3,2,19,1,2,1,2,2,0.968245836551854,0,0,zero-return
29,87,2,3,2,2,3,2,19,1,2,1,2,4,-0.866025403784438,0,-0,zero-return
29,87,2,3,2,2,3,2,19,1,2,1,2,2,0.968245836551854,0,0,zero-return
29,87,2,3,2,2,3,2,19,1,2,1,2,4,-0.866025403784438,0,-0,zero-return
29,87,2,3,2,2,3,2,19,1,2,1,2,2,0.968245836551854,0,0,zero-return
29,87,2,3,2,2,3,2,19,1,2,1,2,4,-0.866025403784438,0,-0,zero-return
29,87,2,3,2,2,3,2,19,1,2,1,2,2,0.968245836551854,0,0,zero-return
29,87,2,3,2,2,3,2,19,1,2,1,2,4,-0.866025403784438,0,-0,zero-return
29,88,2,3,2,2,5,2,19,1,2,1,2,2,0.968245836551854,0,0,zero-return
29,88,2,3,2,2,5,2,19,1,2,1,2,4,-0.866025403784438,0,-0,zero-return
29,88,2,3,2,2,5,2,19,1,2,1,2,2,0.968245836551854,0,0,zero-return
29,88,2,3,2,2,5,2,19,1,2,1,2,4,-0.866025403784438,0,-0,zero-return
29,88,2,3,2,2,5,2,19,1,2,1,2,2,0.968245836551854,0,0,zero-return
29,88,2,3,2,2,5,2,19,1,2,1,2,4,-0.866025403784438,0,-0,zero-return
30,29,2,5,2,2,3,2,19,1,1,1,1,2,-0.25,0,-0,zero-return
30,29,2,5,2,2,3,2,19,1,1,1,1,4,0.5,0,0,zero-return
30,29,2,5,2,2,3,2,19,1,1,1,1,2,-0.25,0,-0,zero-return
30,29,2,5,2,2,3,2,19,1,1,1,1,4,0.5,0,0,zero-return
30,29,2,5,2,2,3,2,19,1,1,1,1,2,-0.25,0,-0,zero-return
30,29,2,5,2,2,3,2,19,1,1,1,1,4,0.5,0,0,zero-return
30,29,2,5,2,2,3,2,19,1,1,1,1,2,-0.25,0,-0,zero-return
30,29,2,5,2,2,3,2,19,1,1,1,1,4,0.5,0,0,zero-return
30,29,2,5,2,2,3,2,19,1,1,1,1,2,-0.25,0,-0,zero-return
30,29,2,5,2,2,3,2,19,1,1,1,1,4,0.5,0,0,zero-return
30,30,2,5,2,2,5,2,19,1,1,1,1,2,-0.25,0,-0,zero-return
30,30,2,5,2,2,5,2,19,1,1,1,1,4,0.5,0,0,zero-return
30,30,2,5,2,2,5,2,19,1,1,1,1,2,-0.25,0,-0,zero-return
30,30,2,5,2,2,5,2,19,1,1,1,1,4,0.5,0,0,zero-return
30,30,2,5,2,2,5,2,19,1,1,1,1,2,-0.25,0,-0,zero-return
30,30,2,5,2,2,5,2,19,1,1,1,1,4,0.5,0,0,zero-return
30,49,2,5,4,2,3,2,19,1,1,1,1,2,-1,0,-0,zero-return
30,49,2,5,4,2,3,2,19,1,1,1,1,2,-1,0,-0,zero-return
30,49,2,5,4,2,3,2,19,1,1,1,1,2,-1,0,-0,zero-return
30,49,2,5,4,2,3,2,19,1,1,1,1,2,-1,0,-0,zero-return
30,49,2,5,4,2,3,2,19,1,1,1,1,2,-1,0,-0,zero-return
30,50,2,5,4,2,5,2,19,1,1,1,1,2,-1,0,-0,zero-return
30,50,2,5,4,2,5,2,19,1,1,1,1,2,-1,0,-0,zero-return
30,50,2,5,4,2,5,2,19,1,1,1,1,2,-1,0,-0,zero-return
30,87,2,5,2,2,3,2,19,1,2,1,2,2,0.968245836551854,0,0,zero-return
30,87,2,5,2,2,3,2,19,1,2,1,2,4,-0.866025403784438,0,-0,zero-return
30,87,2,5,2,2,3,2,19,1,2,1,2,2,0.968245836551854,0,0,zero-return
30,87,2,5,2,2,3,2,19,1,2,1,2,4,-0.866025403784438,0,-0,zero-return
30,87,2,5,2,2,3,2,19,1,2,1,2,2,0.968245836551854,0,0,zero-return
30,87,2,5,2,2,3,2,19,1,2,1,2,4,-0.866025403784438,0,-0,zero-return
30,87,2,5,2,2,3,2,19,1,2,1,2,2,0.968245836551854,0,0,zero-return
30,87,2,5,2,2,3,2,19,1,2,1,2,4,-0.866025403784438,0,-0,zero-return
30,87,2,5,2,2,3,2,19,1,2,1,2,2,0.968245836551854,0,0,zero-return
30,87,2,5,2,2,3,2,19,1,2,1,2,4,-0.866025403784438,0,-0,zero-return
30,88,2,5,2,2,5,2,19,1,2,1,2,2,0.968245836551854,0,0,zero-return
30,88,2,5,2,2,5,2,19,1,2,1,2,4,-0.866025403784438,0,-0,zero-return
30,88,2,5,2,2,5,2,19,1,2,1,2,2,0.968245836551854,0,0,zero-return
30,88,2,5,2,2,5,2,19,1,2,1,2,4,-0.866025403784438,0,-0,zero-return
30,88,2,5,2,2,5,2,19,1,2,1,2,2,0.968245836551854,0,0,zero-return
30,88,2,5,2,2,5,2,19,1,2,1,2,4,-0.866025403784438,0,-0,zero-return
31,29,3,4,2,2,3,2,19,1,1,1,1,2,-0.25,0,-0,zero-return
31,29,3,4,2,2,3,2,19,1,1,1,1,4,0.5,0,0,zero-return
31,29,3,4,2,2,3,2,19,1,1,1,1,2,-0.25,0,-0,zero-return
31,29,3,4,2,2,3,2,19,1,1,1,1,4,0.5,0,0,zero-return
31,29,3,4,2,2,3,2,19,1,1,1,1,2,-0.25,0,-0,zero-return
31,29,3,4,2,2,3,2,19,1,1,1,1,4,0.5,0,0,zero-return
31,29,3,4,2,2,3,2,19,1,1,1,1,2,-0.25,0,-0,zero-return
31,29,3,4,2,2,3,2,19,1,1,1,1,4,0.5,0,0,zero-return
31,29,3,4,2,2,3,2,19,1,1,1,1,2,-0.25,0,-0,zero-return
31,29,3,4,2,2,3,2,19,1,1,1,1,4,0.5,0,0,zero-return
31,30,3,4,2,2,5,2,19,1,1,1,1,2,-0.25,0,-0,zero-return
31,30,3,4,2,2,5,2,19,1,1,1,1,4,0.5,0,0,zero-return
31,30,3,4,2,2,5,2,19,1,1,1,1,2,-0.25,0,-0,zero-return
31,30,3,4,2,2,5,2,19,1,1,1,1,4,0.5,0,0,zero-return
31,30,3,4,2,2,5,2,19,1,1,1,1,2,-0.25,0,-0,zero-return
31,30,3,4,2,2,5,2,19,1,1,1,1,4,0.5,0,0,zero-return
31,49,3,4,4,2,3,2,19,1,1,1,1,2,-1,0,-0,zero-return
31,49,3,4,4,2,3,2,19,1,1,1,1,2,-1,0,-0,zero-return
31,49,3,4,4,2,3,2,19,1,1,1,1,2,-1,0,-0,zero-return
31,49,3,4,4,2,3,2,19,1,1,1,1,2,-1,0,-0,zero-return
31,49,3,4,4,2,3,2,19,1,1,1,1,2,-1,0,-0,zero-return
31,50,3,4,4,2,5,2,19,1,1,1,1,2,-1,0,-0,zero-return
31,50,3,4,4,2,5,2,19,1,1,1,1,2,-1,0,-0,zero-return
31,50,3,4,4,2,5,2,19,1,1,1,1,2,-1,0,-0,zero-return
31,87,3,4,2,2,3,2,19,1,2,1,2,2,0.968245836551854,0,0,zero-return
31,87,3,4,2,2,3,2,19,1,2,1,2,4,-0.866025403784438,0,-0,zero-return
31,87,3,4,2,2,3,2,19,1,2,1,2,2,0.968245836551854,0,0,zero-return
31,87,3,4,2,2,3,2,19,1,2,1,2,4,-0.866025403784438,0,-0,zero-return
31,87,3,4,2,2,3,2,19,1,2,1,2,2,0.968245836551854,0,0,zero-return
31,87,3,4,2,2,3,2,19,1,2,1,2,4,-0.866025403784438,0,-0,zero-return
31,87,3,4,2,2,3,2,19,1,2,1,2,2,0.968245836551854,0,0,zero-return
31,87,3,4,2,2,3,2,19,1,2,1,2,4,-0.866025403784438,0,-0,zero-return
31,87,3,4,2,2,3,2,19,1,2,1,2,2,0.968245836551854,0,0,zero-return
31,87,3,4,2,2,3,2,19,1,2,1,2,4,-0.866025403784438,0,-0,zero-return
31,88,3,4,2,2,5,2,19,1,2,1,2,2,0.968245836551854,0,0,zero-return
31,88,3,4,2,2,5,2,19,1,2,1,2,4,-0.866025403784438,0,-0,zero-return
31,88,3,4,2,2,5,2,19,1,2,1,2,2,0.968245836551854,0,0,zero-return
31,88,3,4,2,2,5,2,19,1,2,1,2,4,-0.866025403784438,0,-0,zero-return
31,88,3,4,2,2,5,2,19,1,2,1,2,2,0.968245836551854,0,0,zero-return
31,88,3,4,2,2,5,2,19,1,2,1,2,4,-0.866025403784438,0,-0,zero-return
32,29,4,5,2,2,3,2,19,1,1,1,1,2,-0.25,0,-0,zero-return
32,29,4,5,2,2,3,2,19,1,1,1,1,4,0.5,0,0,zero-return
32,29,4,5,2,2,3,2,19,1,1,1,1,2,-0.25,0,-0,zero-return
32,29,4,5,2,2,3,2,19,1,1,1,1,4,0.5,0,0,zero-return
32,29,4,5,2,2,3,2,19,1,1,1,1,2,-0.25,0,-0,zero-return
32,29,4,5,2,2,3,2,19,1,1,1,1,4,0.5,0,0,zero-return
32,29,4,5,2,2,3,2,19,1,1,1,1,2,-0.25,0,-0,zero-return
32,29,4,5,2,2,3,2,19,1,1,1,1,4,0.5,0,0,zero-return
32,29,4,5,2,2,3,2,19,1,1,1,1,2,-0.25,0,-0,zero-return
32,29,4,5,2,2,3,2,19,1,1,1,1,4,0.5,0,0,zero-return
32,30,4,5,2,2,5,2,19,1,1,1,1,2,-0.25,0,-0,zero-return
32,30,4,5,2,2,5,2,19,1,1,1,1,4,0.5,0,0,zero-return
32,30,4,5,2,2,5,2,19,1,1,1,1,2,-0.25,0,-0,zero-return
32,30,4,5,2,2,5,2,19,1,1,1,1,4,0.5,0,0,zero-return
32,30,4,5,2,2,5,2,19,1,1,1,1,2,-0.25,0,-0,zero-return
32,30,4,5,2,2,5,2,19,1,1,1,1,4,0.5,0,0,zero-return
32,49,4,5,4,2,3,2,19,1,1,1,1,2,-1,0,-0,zero-return
32,49,4,5,4,2,3,2,19,1,1,1,1,2,-1,0,-0,zero-return
32,49,4,5,4,2,3,2,19,1,1,1,1,2,-1,0,-0,zero-return
32,49,4,5,4,2,3,2,19,1,1,1,1,2,-1,0,-0,zero-return
32,49,4,5,4,2,3,2,19,1,1,1,1,2,-1,0,-0,zero-return
32,50,4,5,4,2,5,2,19,1,1,1,1,2,-1,0,-0,zero-return
32,50,4,5,4,2,5,2,19,1,1,1,1,2,-1,0,-0,zero-return
32,50,4,5,4,2,5,2,19,1,1,1,1,2,-1,0,-0,zero-return
32,87,4,5,2,2,3,2,19,1,2,1,2,2,0.968245836551854,0,0,zero-return
32,87,4,5,2,2,3,2,19,1,2,1,2,4,-0.866025403784438,0,-0,zero-return
32,87,4,5,2,2,3,2,19,1,2,1,2,2,0.968245836551854,0,0,zero-return
32,87,4,5,2,2,3,2,19,1,2,1,2,4,-0.866025403784438,0,-0,zero-return
32,87,4,5,2,2,3,2,19,1,2,1,2,2,0.968245836551854,0,0,zero-return
32,87,4,5,2,2,3,2,19,1,2,1,2,4,-0.866025403784438,0,-0,zero-return
32,87,4,5,2,2,3,2,19,1,2,1,2,2,0.968245836551854,0,0,zero-return
32,87,4,5,2,2,3,2,19,1,2,1,2,4,-0.866025403784438,0,-0,zero-return
32,87,4,5,2,2,3,2,19,1,2,1,2,2,0.968245836551854,0,0,zero-return
32,87,4,5,2,2,3,2,19,1,2,1,2,4,-0.866025403784438,0,-0,zero-return
32,88,4,5,2,2,5,2,19,1,2,1,2,2,0.968245836551854,0,0,zero-return
32,88,4,5,2,2,5,2,19,1,2,1,2,4,-0.866025403784438,0,-0,zero-return
32,88,4,5,2,2,5,2,19,1,2,1,2,2,0.968245836551854,0,0,zero-return
32,88,4,5,2,2,5,2,19,1,2,1,2,4,-0.866025403784438,0,-0,zero-return
32,88,4,5,2,2,5,2,19,1,2,1,2,2,0.968245836551854,0,0,zero-return
32,88,4,5,2,2,5,2,19,1,2,1,2,4,-0.866025403784438,0,-0,zero-return
33,35,2,3,3,3,4,3,14,1,1,1,1,2,-0.75,0,-0,IndexError
33,35,2,3,3,3,4,3,14,1,1,1,1,4,-0.3,0,-0,IndexError
33,35,2,3,3,3,4,3,14,1,1,1,1,2,-0.75,0,-0,IndexError
33,35,2,3,3,3,4,3,14,1,1,1,1,4,-0.3,0,-0,IndexError
33,35,2,3,3,3,4,3,14,1,1,1,1,2,-0.75,0,-0,IndexError
33,35,2,3,3,3,4,3,14,1,1,1,1,4,-0.3,0,-0,IndexError
33,95,2,3,3,3,4,3,14,1,2,1,2,2,0.661437827766148,0,0,IndexError
33,95,2,3,3,3,4,3,14,1,2,1,2,4,0.591607978309961,0,0,IndexError
33,95,2,3,3,3,4,3,14,1,2,1,2,2,0.661437827766148,0,0,IndexError
33,95,2,3,3,3,4,3,14,1,2,1,2,4,0.591607978309961,0,0,IndexError
33,95,2,3,3,3,4,3,14,1,2,1,2,2,0.661437827766148,0,0,IndexError
33,95,2,3,3,3,4,3,14,1,2,1,2,4,0.591607978309961,0,0,IndexError
33,110,2,3,5,3,4,3,14,1,2,1,2,2,-1,0,-0,IndexError
33,110,2,3,5,3,4,3,14,1,2,1,2,2,-1,0,-0,IndexError
33,110,2,3,5,3,4,3,14,1,2,1,2,2,-1,0,-0,IndexError
34,35,2,5,3,3,4,3,14,1,1,1,1,2,-0.75,0,-0,IndexError
34,35,2,5,3,3,4,3,14,1,1,1,1,4,-0.3,0,-0,IndexError
34,35,2,5,3,3,4,3,14,1,1,1,1,2,-0.75,0,-0,IndexError
34,35,2,5,3,3,4,3,14,1,1,1,1,4,-0.3,0,-0,IndexError
34,35,2,5,3,3,4,3,14,1,1,1,1,2,-0.75,0,-0,IndexError
34,35,2,5,3,3,4,3,14,1,1,1,1,4,-0.3,0,-0,IndexError
34,95,2,5,3,3,4,3,14,1,2,1,2,2,0.661437827766148,0,0,IndexError
34,95,2,5,3,3,4,3,14,1,2,1,2,4,0.591607978309961,0,0,IndexError
34,95,2,5,3,3,4,3,14,1,2,1,2,2,0.661437827766148,0,0,IndexError
34,95,2,5,3,3,4,3,14,1,2,1,2,4,0.591607978309961,0,0,IndexError
34,95,2,5,3,3,4,3,14,1,2,1,2,2,0.661437827766148,0,0,IndexError
34,95,2,5,3,3,4,3,14,1,2,1,2,4,0.591607978309961,0,0,IndexError
34,110,2,5,5,3,4,3,14,1,2,1,2,2,-1,0,-0,IndexError
34,110,2,5,5,3,4,3,14,1,2,1,2,2,-1,0,-0,IndexError
34,110,2,5,5,3,4,3,14,1,2,1,2,2,-1,0,-0,IndexError
35,35,3,4,3,3,4,3,14,1,1,1,1,2,-0.75,0,-0,IndexError
35,35,3,4,3,3,4,3,14,1,1,1,1,4,-0.3,0,-0,IndexError
35,35,3,4,3,3,4,3,14,1,1,1,1,2,-0.75,0,-0,IndexError
35,35,3,4,3,3,4,3,14,1,1,1,1,4,-0.3,0,-0,IndexError
35,35,3,4,3,3,4,3,14,1,1,1,1,2,-0.75,0,-0,IndexError
35,35,3,4,3,3,4,3,14,1,1,1,1,4,-0.3,0,-0,IndexError
35,95,3,4,3,3,4,3,14,1,2,1,2,2,0.661437827766148,0,0,IndexError
35,95,3,4,3,3,4,3,14,1,2,1,2,4,0.591607978309961,0,0,IndexError
35,95,3,4,3,3,4,3,14,1,2,1,2,2,0.661437827766148,0,0,IndexError
35,95,3,4,3,3,4,3,14,1,2,1,2,4,0.591607978309961,0,0,IndexError
35,95,3,4,3,3,4,3,14,1,2,1,2,2,0.661437827766148,0,0,IndexError
35,95,3,4,3,3,4,3,14,1,2,1,2,4,0.591607978309961,0,0,IndexError
35,110,3,4,5,3,4,3,14,1,2,1,2,2,-1,0,-0,IndexError
35,110,3,4,5,3,4,3,14,1,2,1,2,2,-1,0,-0,IndexError
35,110,3,4,5,3,4,3,14,1,2,1,2,2,-1,0,-0,IndexError
36,35,4,5,3,3,4,3,14,1,1,1,1,2,-0.75,0,-0,IndexError
36,35,4,5,3,3,4,3,14,1,1,1,1,4,-0.3,0,-0,IndexError
36,35,4,5,3,3,4,3,14,1,1,1,1,2,-0.75,0,-0,IndexError
36,35,4,5,3,3,4,3,14,1,1,1,1,4,-0.3,0,-0,IndexError
36,35,4,5,3,3,4,3,14,1,1,1,1,2,-0.75,0,-0,IndexError
36,35,4,5,3,3,4,3,14,1,1,1,1,4,-0.3,0,-0,IndexError
36,95,4,5,3,3,4,3,14,1,2,1,2,2,0.661437827766148,0,0,IndexError
36,95,4,5,3,3,4,3,14,1,2,1,2,4,0.591607978309961,0,0,IndexError
36,95,4,5,3,3,4,3,14,1,2,1,2,2,0.661437827766148,0,0,IndexError
36,95,4,5,3,3,4,3,14,1,2,1,2,4,0.591607978309961,0,0,IndexError
36,95,4,5,3,3,4,3,14,1,2,1,2,2,0.661437827766148,0,0,IndexError
36,95,4,5,3,3,4,3,14,1,2,1,2,4,0.591607978309961,0,0,IndexError
36,110,4,5,5,3,4,3,14,1,2,1,2,2,-1,0,-0,IndexError
36,110,4,5,5,3,4,3,14,1,2,1,2,2,-1,0,-0,IndexError
36,110,4,5,5,3,4,3,14,1,2,1,2,2,-1,0,-0,IndexError
37,39,2,3,3,3,4,3,16,1,1,1,1,2,0.5,0,0,IndexError
37,39,2,3,3,3,4,3,16,1,1,1,1,4,-0.55,0,-0,IndexError
37,39,2,3,3,3,4,3,16,1,1,1,1,2,0.5,0,0,IndexError
37,39,2,3,3,3,4,3,16,1,1,1,1,4,-0.55,0,-0,IndexError
37,39,2,3,3,3,4,3,16,1,1,1,1,2,0.5,0,0,IndexError
37,39,2,3,3,3,4,3,16,1,1,1,1,4,-0.55,0,-0,IndexError
37,55,2,3,5,3,4,3,16,1,1,1,1,2,0.790569415042095,0,0,IndexError
37,55,2,3,5,3,4,3,16,1,1,1,1,2,0.790569415042095,0,0,IndexError
37,55,2,3,5,3,4,3,16,1,1,1,1,2,0.790569415042095,0,0,IndexError
37,98,2,3,3,3,4,3,16,1,2,1,2,2,-0.866025403784439,0,-0,IndexError
37,98,2,3,3,3,4,3,16,1,2,1,2,4,0.193649167310371,0,0,IndexError
37,98,2,3,3,3,4,3,16,1,2,1,2,2,-0.866025403784439,0,-0,IndexError
37,98,2,3,3,3,4,3,16,1,2,1,2,4,0.193649167310371,0,0,IndexError
37,98,2,3,3,3,4,3,16,1,2,1,2,2,-0.866025403784439,0,-0,IndexError
37,98,2,3,3,3,4,3,16,1,2,1,2,4,0.193649167310371,0,0,IndexError
37,113,2,3,5,3,4,3,16,1,2,1,2,2,0.612372435695794,0,0,IndexError
37,113,2,3,5,3,4,3,16,1,2,1,2,2,0.612372435695794,0,0,IndexError
37,113,2,3,5,3,4,3,16,1,2,1,2,2,0.612372435695794,0,0,IndexError
38,39,2,5,3,3,4,3,16,1,1,1,1,2,0.5,0,0,IndexError
38,39,2,5,3,3,4,3,16,1,1,1,1,4,-0.55,0,-0,IndexError
38,39,2,5,3,3,4,3,16,1,1,1,1,2,0.5,0,0,IndexError
38,39,2,5,3,3,4,3,16,1,1,1,1,4,-0.55,0,-0,IndexError
38,39,2,5,3,3,4,3,16,1,1,1,1,2,0.5,0,0,IndexError
38,39,2,5,3,3,4,3,16,1,1,1,1,4,-0.55,0,-0,IndexError
38,55,2,5,5,3,4,3,16,1,1,1,1,2,0.790569415042095,0,0,IndexError
38,55,2,5,5,3,4,3,16,1,1,1,1,2,0.790569415042095,0,0,IndexError
38,55,2,5,5,3,4,3,16,1,1,1,1,2,0.790569415042095,0,0,IndexError
38,98,2,5,3,3,4,3,16,1,2,1,2,2,-0.866025403784439,0,-0,IndexError
38,98,2,5,3,3,4,3,16,1,2,1,2,4,0.193649167310371,0,0,IndexError
38,98,2,5,3,3,4,3,16,1,2,1,2,2,-0.866025403784439,0,-0,IndexError
38,98,2,5,3,3,4,3,16,1,2,1,2,4,0.193649167310371,0,0,IndexError
38,98,2,5,3,3,4,3,16,1,2,1,2,2,-0.866025403784439,0,-0,IndexError
38,98,2,5,3,3,4,3,16,1,2,1,2,4,0.193649167310371,0,0,IndexError
38,113,2,5,5,3,4,3,16,1,2,1,2,2,0.612372435695794,0,0,IndexError
38,113,2,5,5,3,4,3,16,1,2,1,2,2,0.612372435695794,0,0,IndexError
38,113,2,5,5,3,4,3,16,1,2,1,2,2,0.612372435695794,0,0,IndexError
39,39,3,4,3,3,4,3,16,1,1,1,1,2,0.5,0,0,IndexError
39,39,3,4,3,3,4,3,16,1,1,1,1,4,-0.55,0,-0,IndexError
39,39,3,4,3,3,4,3,16,1,1,1,1,2,0.5,0,0,IndexError
39,39,3,4,3,3,4,3,16,1,1,1,1,4,-0.55,0,-0,IndexError
39,39,3,4,3,3,4,3,16,1,1,1,1,2,0.5,0,0,IndexError
39,39,3,4,3,3,4,3,16,1,1,1,1,4,-0.55,0,-0,IndexError
39,55,3,4,5,3,4,3,16,1,1,1,1,2,0.790569415042095,0,0,IndexError
39,55,3,4,5,3,4,3,16,1,1,1,1,2,0.790569415042095,0,0,IndexError
39,55,3,4,5,3,4,3,16,1,1,1,1,2,0.790569415042095,0,0,IndexError
39,98,3,4,3,3,4,3,16,1,2,1,2,2,-0.866025403784439,0,-0,IndexError
39,98,3,4,3,3,4,3,16,1,2,1,2,4,0.193649167310371,0,0,IndexError
39,98,3,4,3,3,4,3,16,1,2,1,2,2,-0.866025403784439,0,-0,IndexError
39,98,3,4,3,3,4,3,16,1,2,1,2,4,0.193649167310371,0,0,IndexError
39,98,3,4,3,3,4,3,16,1,2,1,2,2,-0.866025403784439,0,-0,IndexError
39,98,3,4,3,3,4,3,16,1,2,1,2,4,0.193649167310371,0,0,IndexError
39,113,3,4,5,3,4,3,16,1,2,1,2,2,0.612372435695794,0,0,IndexError
39,113,3,4,5,3,4,3,16,1,2,1,2,2,0.612372435695794,0,0,IndexError
39,113,3,4,5,3,4,3,16,1,2,1,2,2,0.612372435695794,0,0,IndexError
40,39,4,5,3,3,4,3,16,1,1,1,1,2,0.5,0,0,IndexError
40,39,4,5,3,3,4,3,16,1,1,1,1,4,-0.55,0,-0,IndexError
40,39,4,5,3,3,4,3,16,1,1,1,1,2,0.5,0,0,IndexError
40,39,4,5,3,3,4,3,16,1,1,1,1,4,-0.55,0,-0,IndexError
40,39,4,5,3,3,4,3,16,1,1,1,1,2,0.5,0,0,IndexError
40,39,4,5,3,3,4,3,16,1,1,1,1,4,-0.55,0,-0,IndexError
40,55,4,5,5,3,4,3,16,1,1,1,1,2,0.790569415042095,0,0,IndexError
40,55,4,5,5,3,4,3,16,1,1,1,1,2,0.790569415042095,0,0,IndexError
40,55,4,5,5,3,4,3,16,1,1,1,1,2,0.790569415042095,0,0,IndexError
40,98,4,5,3,3,4,3,16,1,2,1,2,2,-0.866025403784439,0,-0,IndexError
40,98,4,5,3,3,4,3,16,1,2,1,2,4,0.193649167310371,0,0,IndexError
40,98,4,5,3,3,4,3,16,1,2,1,2,2,-0.866025403784439,0,-0,IndexError
40,98,4,5,3,3,4,3,16,1,2,1,2,4,0.193649167310371,0,0,IndexError
40,98,4,5,3,3,4,3,16,1,2,1,2,2,-0.866025403784439,0,-0,IndexError
40,98,4,5,3,3,4,3,16,1,2,1,2,4,0.193649167310371,0,0,IndexError
40,113,4,5,5,3,4,3,16,1,2,1,2,2,0.612372435695794,0,0,IndexError
40,113,4,5,5,3,4,3,16,1,2,1,2,2,0.612372435695794,0,0,IndexError
40,113,4,5,5,3,4,3,16,1,2,1,2,2,0.612372435695794,0,0,IndexError
41,43,2,3,3,3,4,3,18,1,1,1,1,2,-0.25,0,-0,IndexError
41,43,2,3,3,3,4,3,18,1,1,1,1,4,0.5,0,0,IndexError
41,43,2,3,3,3,4,3,18,1,1,1,1,2,-0.25,0,-0,IndexError
41,43,2,3,3,3,4,3,18,1,1,1,1,4,0.5,0,0,IndexError
41,43,2,3,3,3,4,3,18,1,1,1,1,2,-0.25,0,-0,IndexError
41,43,2,3,3,3,4,3,18,1,1,1,1,4,0.5,0,0,IndexError
41,59,2,3,5,3,4,3,18,1,1,1,1,2,-1,0,-0,IndexError
41,59,2,3,5,3,4,3,18,1,1,1,1,2,-1,0,-0,IndexError
41,59,2,3,5,3,4,3,18,1,1,1,1,2,-1,0,-0,IndexError
41,101,2,3,3,3,4,3,18,1,2,1,2,2,0.968245836551854,0,0,IndexError
41,101,2,3,3,3,4,3,18,1,2,1,2,4,-0.866025403784438,0,-0,IndexError
41,101,2,3,3,3,4,3,18,1,2,1,2,2,0.968245836551854,0,0,IndexError
41,101,2,3,3,3,4,3,18,1,2,1,2,4,-0.866025403784438,0,-0,IndexError
41,101,2,3,3,3,4,3,18,1,2,1,2,2,0.968245836551854,0,0,IndexError
41,101,2,3,3,3,4,3,18,1,2,1,2,4,-0.866025403784438,0,-0,IndexError
42,43,2,5,3,3,4,3,18,1,1,1,1,2,-0.25,0,-0,IndexError
42,43,2,5,3,3,4,3,18,1,1,1,1,4,0.5,0,0,IndexError
42,43,2,5,3,3,4,3,18,1,1,1,1,2,-0.25,0,-0,IndexError
42,43,2,5,3,3,4,3,18,1,1,1,1,4,0.5,0,0,IndexError
42,43,2,5,3,3,4,3,18,1,1,1,1,2,-0.25,0,-0,IndexError
42,43,2,5,3,3,4,3,18,1,1,1,1,4,0.5,0,0,IndexError
42,59,2,5,5,3,4,3,18,1,1,1,1,2,-1,0,-0,IndexError
42,59,2,5,5,3,4,3,18,1,1,1,1,2,-1,0,-0,IndexError
42,59,2,5,5,3,4,3,18,1,1,1,1,2,-1,0,-0,IndexError
42,101,2,5,3,3,4,3,18,1,2,1,2,2,0.968245836551854,0,0,IndexError
42,101,2,5,3,3,4,3,18,1,2,1,2,4,-0.866025403784438,0,-0,IndexError
42,101,2,5,3,3,4,3,18,1,2,1,2,2,0.968245836551854,0,0,IndexError
42,101,2,5,3,3,4,3,18,1,2,1,2,4,-0.866025403784438,0,-0,IndexError
42,101,2,5,3,3,4,3,18,1,2,1,2,2,0.968245836551854,0,0,IndexError
42,101,2,5,3,3,4,3,18,1,2,1,2,4,-0.866025403784438,0,-0,IndexError
43,43,3,4,3,3,4,3,18,1,1,1,1,2,-0.25,0,-0,IndexError
43,43,3,4,3,3,4,3,18,1,1,1,1,4,0.5,0,0,IndexError
43,43,3,4,3,3,4,3,18,1,1,1,1,2,-0.25,0,-0,IndexError
43,43,3,4,3,3,4,3,18,1,1,1,1,4,0.5,0,0,IndexError
43,43,3,4,3,3,4,3,18,1,1,1,1,2,-0.25,0,-0,IndexError
43,43,3,4,3,3,4,3,18,1,1,1,1,4,0.5,0,0,IndexError
43,59,3,4,5,3,4,3,18,1,1,1,1,2,-1,0,-0,IndexError
43,59,3,4,5,3,4,3,18,1,1,1,1,2,-1,0,-0,IndexError
43,59,3,4,5,3,4,3,18,1,1,1,1,2,-1,0,-0,IndexError
43,101,3,4,3,3,4,3,18,1,2,1,2,2,0.968245836551854,0,0,IndexError
43,101,3,4,3,3,4,3,18,1,2,1,2,4,-0.866025403784438,0,-0,IndexError
43,101,3,4,3,3,4,3,18,1,2,1,2,2,0.968245836551854,0,0,IndexError
43,101,3,4,3,3,4,3,18,1,2,1,2,4,-0.866025403784438,0,-0,IndexError
43,101,3,4,3,3,4,3,18,1,2,1,2,2,0.968245836551854,0,0,IndexError
43,101,3,4,3,3,4,3,18,1,2,1,2,4,-0.866025403784438,0,-0,IndexError
44,43,4,5,3,3,4,3,18,1,1,1,1,2,-0.25,0,-0,IndexError
44,43,4,5,3,3,4,3,18,1,1,1,1,4,0.5,0,0,IndexError
44,43,4,5,3,3,4,3,18,1,1,1,1,2,-0.25,0,-0,IndexError
44,43,4,5,3,3,4,3,18,1,1,1,1,4,0.5,0,0,IndexError
44,43,4,5,3,3,4,3,18,1,1,1,1,2,-0.25,0,-0,IndexError
44,43,4,5,3,3,4,3,18,1,1,1,1,4,0.5,0,0,IndexError
44,59,4,5,5,3,4,3,18,1,1,1,1,2,-1,0,-0,IndexError
44,59,4,5,5,3,4,3,18,1,1,1,1,2,-1,0,-0,IndexError
44,59,4,5,5,3,4,3,18,1,1,1,1,2,-1,0,-0,IndexError
44,101,4,5,3,3,4,3,18,1,2,1,2,2,0.968245836551854,0,0,IndexError
44,101,4,5,3,3,4,3,18,1,2,1,2,4,-0.866025403784438,0,-0,IndexError
44,101,4,5,3,3,4,3,18,1,2,1,2,2,0.968245836551854,0,0,IndexError
44,101,4,5,3,3,4,3,18,1,2,1,2,4,-0.866025403784438,0,-0,IndexError
44,101,4,5,3,3,4,3,18,1,2,1,2,2,0.968245836551854,0,0,IndexError
44,101,4,5,3,3,4,3,18,1,2,1,2,4,-0.866025403784438,0,-0,IndexError
45,28,2,3,2,4,5,4,17,1,1,1,1,2,0.790569415042095,0,0,zero-return
45,28,2,3,2,4,5,4,17,1,1,1,1,2,0.790569415042095,0,0,zero-return
45,28,2,3,2,4,5,4,17,1,1,1,1,2,0.790569415042095,0,0,zero-return
45,48,2,3,4,4,5,4,17,1,1,1,1,2,-1,0,-0,zero-return
45,48,2,3,4,4,5,4,17,1,1,1,1,2,-1,0,-0,zero-return
45,48,2,3,4,4,5,4,17,1,1,1,1,2,-1,0,-0,zero-return
46,28,2,5,2,4,5,4,17,1,1,1,1,2,0.790569415042095,0,0,zero-return
46,28,2,5,2,4,5,4,17,1,1,1,1,2,0.790569415042095,0,0,zero-return
46,28,2,5,2,4,5,4,17,1,1,1,1,2,0.790569415042095,0,0,zero-return
46,48,2,5,4,4,5,4,17,1,1,1,1,2,-1,0,-0,zero-return
46,48,2,5,4,4,5,4,17,1,1,1,1,2,-1,0,-0,zero-return
46,48,2,5,4,4,5,4,17,1,1,1,1,2,-1,0,-0,zero-return
47,28,3,4,2,4,5,4,17,1,1,1,1,2,0.790569415042095,0,0,zero-return
47,28,3,4,2,4,5,4,17,1,1,1,1,2,0.790569415042095,0,0,zero-return
47,28,3,4,2,4,5,4,17,1,1,1,1,2,0.790569415042095,0,0,zero-return
47,48,3,4,4,4,5,4,17,1,1,1,1,2,-1,0,-0,zero-return
47,48,3,4,4,4,5,4,17,1,1,1,1,2,-1,0,-0,zero-return
47,48,3,4,4,4,5,4,17,1,1,1,1,2,-1,0,-0,zero-return
48,28,4,5,2,4,5,4,17,1,1,1,1,2,0.790569415042095,0,0,zero-return
48,28,4,5,2,4,5,4,17,1,1,1,1,2,0.790569415042095,0,0,zero-return
48,28,4,5,2,4,5,4,17,1,1,1,1,2,0.790569415042095,0,0,zero-return
48,48,4,5,4,4,5,4,17,1,1,1,1,2,-1,0,-0,zero-return
48,48,4,5,4,4,5,4,17,1,1,1,1,2,-1,0,-0,zero-return
48,48,4,5,4,4,5,4,17,1,1,1,1,2,-1,0,-0,zero-return
49,32,2,3,2,4,5,4,19,1,1,1,1,2,-1,0,-0,zero-return
49,32,2,3,2,4,5,4,19,1,1,1,1,2,-1,0,-0,zero-return
49,32,2,3,2,4,5,4,19,1,1,1,1,2,-1,0,-0,zero-return
49,52,2,3,4,4,5,4,19,1,1,1,1,2,0.5,0,0,zero-return
49,52,2,3,4,4,5,4,19,1,1,1,1,2,0.5,0,0,zero-return
49,52,2,3,4,4,5,4,19,1,1,1,1,2,0.5,0,0,zero-return
50,32,2,5,2,4,5,4,19,1,1,1,1,2,-1,0,-0,zero-return
50,32,2,5,2,4,5,4,19,1,1,1,1,2,-1,0,-0,zero-return
50,32,2,5,2,4,5,4,19,1,1,1,1,2,-1,0,-0,zero-return
50,52,2,5,4,4,5,4,19,1,1,1,1,2,0.5,0,0,zero-return
50,52,2,5,4,4,5,4,19,1,1,1,1,2,0.5,0,0,zero-return
50,52,2,5,4,4,5,4,19,1,1,1,1,2,0.5,0,0,zero-return
51,32,3,4,2,4,5,4,19,1,1,1,1,2,-1,0,-0,zero-return
51,32,3,4,2,4,5,4,19,1,1,1,1,2,-1,0,-0,zero-return
51,32,3,4,2,4,5,4,19,1,1,1,1,2,-1,0,-0,zero-return
51,52,3,4,4,4,5,4,19,1,1,1,1,2,0.5,0,0,zero-return
51,52,3,4,4,4,5,4,19,1,1,1,1,2,0.5,0,0,zero-return
51,52,3,4,4,4,5,4,19,1,1,1,1,2,0.5,0,0,zero-return
52,32,4,5,2,4,5,4,19,1,1,1,1,2,-1,0,-0,zero-return
52,32,4,5,2,4,5,4,19,1,1,1,1,2,-1,0,-0,zero-return
52,32,4,5,2,4,5,4,19,1,1,1,1,2,-1,0,-0,zero-return
52,52,4,5,4,4,5,4,19,1,1,1,1,2,0.5,0,0,zero-return
52,52,4,5,4,4,5,4,19,1,1,1,1,2,0.5,0,0,zero-return
52,52,4,5,4,4,5,4,19,1,1,1,1,2,0.5,0,0,zero-return
61,23,3,5,2,3,4,3,15,1,1,1,1,2,-0.75,0,-0,IndexError
61,23,3,5,2,3,4,3,15,1,1,1,1,4,-0.3,0,-0,IndexError
61,23,3,5,2,3,4,3,15,1,1,1,1,2,-0.75,0,-0,IndexError
61,23,3,5,2,3,4,3,15,1,1,1,1,4,-0.3,0,-0,IndexError
61,23,3,5,2,3,4,3,15,1,1,1,1,2,-0.75,0,-0,IndexError
61,23,3,5,2,3,4,3,15,1,1,1,1,4,-0.3,0,-0,IndexError
61,61,3,5,3,3,5,3,15,1,1,1,1,2,-0.75,0,-0,zero-return
61,61,3,5,3,3,5,3,15,1,1,1,1,4,-0.3,0,-0,IndexError
61,61,3,5,3,3,5,3,15,1,1,1,1,2,-0.75,0,-0,zero-return
61,61,3,5,3,3,5,3,15,1,1,1,1,4,-0.3,0,-0,IndexError
61,61,3,5,3,3,5,3,15,1,1,1,1,2,-0.75,0,-0,zero-return
61,61,3,5,3,3,5,3,15,1,1,1,1,4,-0.3,0,-0,IndexError
61,83,3,5,2,3,4,3,15,1,2,1,2,2,0.661437827766148,0,0,IndexError
61,83,3,5,2,3,4,3,15,1,2,1,2,4,0.591607978309961,0,0,IndexError
61,83,3,5,2,3,4,3,15,1,2,1,2,2,0.661437827766148,0,0,IndexError
61,83,3,5,2,3,4,3,15,1,2,1,2,4,0.591607978309961,0,0,IndexError
61,83,3,5,2,3,4,3,15,1,2,1,2,2,0.661437827766148,0,0,IndexError
61,83,3,5,2,3,4,3,15,1,2,1,2,4,0.591607978309961,0,0,IndexError
61,104,3,5,4,3,4,3,15,1,2,1,2,2,-1,0,-0,IndexError
61,104,3,5,4,3,4,3,15,1,2,1,2,2,-1,0,-0,IndexError
61,104,3,5,4,3,4,3,15,1,2,1,2,2,-1,0,-0,IndexError
61,116,3,5,3,3,3,3,15,1,2,1,2,2,0.935414346693486,0,0,zero-return
61,116,3,5,3,3,3,3,15,1,2,1,2,4,0.836660026534076,0,0,IndexError
61,116,3,5,3,3,3,3,15,1,2,1,2,2,0.935414346693486,0,0,zero-return
61,116,3,5,3,3,3,3,15,1,2,1,2,4,0.836660026534076,0,0,IndexError
61,116,3,5,3,3,3,3,15,1,2,1,2,2,0.935414346693486,0,0,zero-return
61,116,3,5,3,3,3,3,15,1,2,1,2,4,0.836660026534076,0,0,IndexError
61,116,3,5,3,3,3,3,15,1,2,1,2,2,0.935414346693486,0,0,zero-return
61,116,3,5,3,3,3,3,15,1,2,1,2,4,0.836660026534076,0,0,IndexError
61,116,3,5,3,3,3,3,15,1,2,1,2,2,0.935414346693486,0,0,zero-return
61,116,3,5,3,3,3,3,15,1,2,1,2,4,0.836660026534076,0,0,IndexError
61,117,3,5,3,3,5,3,15,1,2,1,2,2,0.661437827766148,0,0,zero-return
61,117,3,5,3,3,5,3,15,1,2,1,2,4,0.591607978309961,0,0,IndexError
61,117,3,5,3,3,5,3,15,1,2,1,2,2,0.661437827766148,0,0,zero-return
61,117,3,5,3,3,5,3,15,1,2,1,2,4,0.591607978309961,0,0,IndexError
61,117,3,5,3,3,5,3,15,1,2,1,2,2,0.661437827766148,0,0,zero-return
61,117,3,5,3,3,5,3,15,1,2,1,2,4,0.591607978309961,0,0,IndexError
61,122,3,5,5,3,3,3,15,1,2,1,2,2,-1.41421356237309,0,-0,zero-return
61,122,3,5,5,3,3,3,15,1,2,1,2,2,-1.41421356237309,0,-0,zero-return
61,122,3,5,5,3,3,3,15,1,2,1,2,2,-1.41421356237309,0,-0,zero-return
61,122,3,5,5,3,3,3,15,1,2,1,2,2,-1.41421356237309,0,-0,zero-return
61,122,3,5,5,3,3,3,15,1,2,1,2,2,-1.41421356237309,0,-0,zero-return
61,123,3,5,5,3,5,3,15,1,2,1,2,2,-1,0,-0,zero-return
61,123,3,5,5,3,5,3,15,1,2,1,2,2,-1,0,-0,zero-return
61,123,3,5,5,3,5,3,15,1,2,1,2,2,-1,0,-0,zero-return
62,27,3,5,2,3,4,3,17,1,1,1,1,2,0.5,0,0,IndexError
62,27,3,5,2,3,4,3,17,1,1,1,1,4,-0.55,0,-0,IndexError
62,27,3,5,2,3,4,3,17,1,1,1,1,2,0.5,0,0,IndexError
62,27,3,5,2,3,4,3,17,1,1,1,1,4,-0.55,0,-0,IndexError
62,27,3,5,2,3,4,3,17,1,1,1,1,2,0.5,0,0,IndexError
62,27,3,5,2,3,4,3,17,1,1,1,1,4,-0.55,0,-0,IndexError
62,47,3,5,4,3,4,3,17,1,1,1,1,2,0.790569415042095,0,0,IndexError
62,47,3,5,4,3,4,3,17,1,1,1,1,2,0.790569415042095,0,0,IndexError
62,47,3,5,4,3,4,3,17,1,1,1,1,2,0.790569415042095,0,0,IndexError
62,62,3,5,3,3,5,3,17,1,1,1,1,2,0.5,0,0,zero-return
62,62,3,5,3,3,5,3,17,1,1,1,1,4,-0.55,0,-0,IndexError
62,62,3,5,3,3,5,3,17,1,1,1,1,2,0.5,0,0,zero-return
62,62,3,5,3,3,5,3,17,1,1,1,1,4,-0.55,0,-0,IndexError
62,62,3,5,3,3,5,3,17,1,1,1,1,2,0.5,0,0,zero-return
62,62,3,5,3,3,5,3,17,1,1,1,1,4,-0.55,0,-0,IndexError
62,64,3,5,5,3,5,3,17,1,1,1,1,2,0.790569415042095,0,0,zero-return
62,64,3,5,5,3,5,3,17,1,1,1,1,2,0.790569415042095,0,0,zero-return
62,64,3,5,5,3,5,3,17,1,1,1,1,2,0.790569415042095,0,0,zero-return
62,86,3,5,2,3,4,3,17,1,2,1,2,2,-0.866025403784439,0,-0,IndexError
62,86,3,5,2,3,4,3,17,1,2,1,2,4,0.193649167310371,0,0,IndexError
62,86,3,5,2,3,4,3,17,1,2,1,2,2,-0.866025403784439,0,-0,IndexError
62,86,3,5,2,3,4,3,17,1,2,1,2,4,0.193649167310371,0,0,IndexError
62,86,3,5,2,3,4,3,17,1,2,1,2,2,-0.866025403784439,0,-0,IndexError
62,86,3,5,2,3,4,3,17,1,2,1,2,4,0.193649167310371,0,0,IndexError
62,107,3,5,4,3,4,3,17,1,2,1,2,2,0.612372435695794,0,0,IndexError
62,107,3,5,4,3,4,3,17,1,2,1,2,2,0.612372435695794,0,0,IndexError
62,107,3,5,4,3,4,3,17,1,2,1,2,2,0.612372435695794,0,0,IndexError
62,118,3,5,3,3,3,3,17,1,2,1,2,2,-1.22474487139159,0,-0,zero-return
62,118,3,5,3,3,3,3,17,1,2,1,2,4,0.273861278752583,0,0,IndexError
62,118,3,5,3,3,3,3,17,1,2,1,2,2,-1.22474487139159,0,-0,zero-return
62,118,3,5,3,3,3,3,17,1,2,1,2,4,0.273861278752583,0,0,IndexError
62,118,3,5,3,3,3,3,17,1,2,1,2,2,-1.22474487139159,0,-0,zero-return
62,118,3,5,3,3,3,3,17,1,2,1,2,4,0.273861278752583,0,0,IndexError
62,118,3,5,3,3,3,3,17,1,2,1,2,2,-1.22474487139159,0,-0,zero-return
62,118,3,5,3,3,3,3,17,1,2,1,2,4,0.273861278752583,0,0,IndexError
62,118,3,5,3,3,3,3,17,1,2,1,2,2,-1.22474487139159,0,-0,zero-return
62,118,3,5,3,3,3,3,17,1,2,1,2,4,0.273861278752583,0,0,IndexError
62,119,3,5,3,3,5,3,17,1,2,1,2,2,-0.866025403784439,0,-0,zero-return
62,119,3,5,3,3,5,3,17,1,2,1,2,4,0.193649167310371,0,0,IndexError
62,119,3,5,3,3,5,3,17,1,2,1,2,2,-0.866025403784439,0,-0,zero-return
62,119,3,5,3,3,5,3,17,1,2,1,2,4,0.193649167310371,0,0,IndexError
62,119,3,5,3,3,5,3,17,1,2,1,2,2,-0.866025403784439,0,-0,zero-return
62,119,3,5,3,3,5,3,17,1,2,1,2,4,0.193649167310371,0,0,IndexError
62,124,3,5,5,3,3,3,17,1,2,1,2,2,0.866025403784438,0,0,zero-return
62,124,3,5,5,3,3,3,17,1,2,1,2,2,0.866025403784438,0,0,zero-return
62,124,3,5,5,3,3,3,17,1,2,1,2,2,0.866025403784438,0,0,zero-return
62,124,3,5,5,3,3,3,17,1,2,1,2,2,0.866025403784438,0,0,zero-return
62,124,3,5,5,3,3,3,17,1,2,1,2,2,0.866025403784438,0,0,zero-return
62,125,3,5,5,3,5,3,17,1,2,1,2,2,0.612372435695794,0,0,zero-return
62,125,3,5,5,3,5,3,17,1,2,1,2,2,0.612372435695794,0,0,zero-return
62,125,3,5,5,3,5,3,17,1,2,1,2,2,0.612372435695794,0,0,zero-return
63,31,3,5,2,3,4,3,19,1,1,1,1,2,-0.25,0,-0,IndexError
63,31,3,5,2,3,4,3,19,1,1,1,1,4,0.5,0,0,IndexError
63,31,3,5,2,3,4,3,19,1,1,1,1,2,-0.25,0,-0,IndexError
63,31,3,5,2,3,4,3,19,1,1,1,1,4,0.5,0,0,IndexError
63,31,3,5,2,3,4,3,19,1,1,1,1,2,-0.25,0,-0,IndexError
63,31,3,5,2,3,4,3,19,1,1,1,1,4,0.5,0,0,IndexError
63,51,3,5,4,3,4,3,19,1,1,1,1,2,-1,0,-0,IndexError
63,51,3,5,4,3,4,3,19,1,1,1,1,2,-1,0,-0,IndexError
63,51,3,5,4,3,4,3,19,1,1,1,1,2,-1,0,-0,IndexError
63,63,3,5,3,3,5,3,19,1,1,1,1,2,-0.25,0,-0,zero-return
63,63,3,5,3,3,5,3,19,1,1,1,1,4,0.5,0,0,IndexError
63,63,3,5,3,3,5,3,19,1,1,1,1,2,-0.25,0,-0,zero-return
63,63,3,5,3,3,5,3,19,1,1,1,1,4,0.5,0,0,IndexError
63,63,3,5,3,3,5,3,19,1,1,1,1,2,-0.25,0,-0,zero-return
63,63,3,5,3,3,5,3,19,1,1,1,1,4,0.5,0,0,IndexError
63,65,3,5,5,3,5,3,19,1,1,1,1,2,-1,0,-0,zero-return
63,65,3,5,5,3,5,3,19,1,1,1,1,2,-1,0,-0,zero-return
63,65,3,5,5,3,5,3,19,1,1,1,1,2,-1,0,-0,zero-return
63,89,3,5,2,3,4,3,19,1,2,1,2,2,0.968245836551854,0,0,IndexError
63,89,3,5,2,3,4,3,19,1,2,1,2,4,-0.866025403784438,0,-0,IndexError
63,89,3,5,2,3,4,3,19,1,2,1,2,2,0.968245836551854,0,0,IndexError
63,89,3,5,2,3,4,3,19,1,2,1,2,4,-0.866025403784438,0,-0,IndexError
63,89,3,5,2,3,4,3,19,1,2,1,2,2,0.968245836551854,0,0,IndexError
63,89,3,5,2,3,4,3,19,1,2,1,2,4,-0.866025403784438,0,-0,IndexError
63,120,3,5,3,3,3,3,19,1,2,1,2,2,1.36930639376292,0,0,zero-return
63,120,3,5,3,3,3,3,19,1,2,1,2,4,-1.22474487139159,0,-0,IndexError
63,120,3,5,3,3,3,3,19,1,2,1,2,2,1.36930639376292,0,0,zero-return
63,120,3,5,3,3,3,3,19,1,2,1,2,4,-1.22474487139159,0,-0,IndexError
63,120,3,5,3,3,3,3,19,1,2,1,2,2,1.36930639376292,0,0,zero-return
63,120,3,5,3,3,3,3,19,1,2,1,2,4,-1.22474487139159,0,-0,IndexError
63,120,3,5,3,3,3,3,19,1,2,1,2,2,1.36930639376292,0,0,zero-return
63,120,3,5,3,3,3,3,19,1,2,1,2,4,-1.22474487139159,0,-0,IndexError
63,120,3,5,3,3,3,3,19,1,2,1,2,2,1.36930639376292,0,0,zero-return
63,120,3,5,3,3,3,3,19,1,2,1,2,4,-1.22474487139159,0,-0,IndexError
63,121,3,5,3,3,5,3,19,1,2,1,2,2,0.968245836551854,0,0,zero-return
63,121,3,5,3,3,5,3,19,1,2,1,2,4,-0.866025403784438,0,-0,IndexError
63,121,3,5,3,3,5,3,19,1,2,1,2,2,0.968245836551854,0,0,zero-return
63,121,3,5,3,3,5,3,19,1,2,1,2,4,-0.866025403784438,0,-0,IndexError
63,121,3,5,3,3,5,3,19,1,2,1,2,2,0.968245836551854,0,0,zero-return
63,121,3,5,3,3,5,3,19,1,2,1,2,4,-0.866025403784438,0,-0,IndexError
66,66,2,2,2,2,2,2,12,2,2,2,2,2,-2,0,-0,zero-return
66,66,2,2,2,2,2,2,12,2,2,2,2,4,-1,0,-0,zero-return
66,66,2,2,2,2,2,2,12,2,2,2,2,6,-0.285714285714286,0,-0,zero-return
66,66,2,2,2,2,2,2,12,2,2,2,2,2,-2,0,-0,zero-return
66,66,2,2,2,2,2,2,12,2,2,2,2,4,-1,0,-0,zero-return
66,66,2,2,2,2,2,2,12,2,2,2,2,6,-0.285714285714286,0,-0,zero-return
66,66,2,2,2,2,2,2,12,2,2,2,2,2,-2,0,-0,zero-return
66,66,2,2,2,2,2,2,12,2,2,2,2,4,-1,0,-0,zero-return
66,66,2,2,2,2,2,2,12,2,2,2,2,6,-0.285714285714286,0,-0,zero-return
66,66,2,2,2,2,2,2,12,2,2,2,2,2,-2,0,-0,zero-return
66,66,2,2,2,2,2,2,12,2,2,2,2,4,-1,0,-0,zero-return
66,66,2,2,2,2,2,2,12,2,2,2,2,6,-0.285714285714286,0,-0,zero-return
66,66,2,2,2,2,2,2,12,2,2,2,2,2,-2,0,-0,zero-return
66,66,2,2,2,2,2,2,12,2,2,2,2,4,-1,0,-0,zero-return
66,66,2,2,2,2,2,2,12,2,2,2,2,6,-0.285714285714286,0,-0,zero-return
66,66,2,2,2,2,2,2,12,2,2,2,2,2,-2,0,-0,zero-return
66,66,2,2,2,2,2,2,12,2,2,2,2,4,-1,0,-0,zero-return
66,66,2,2,2,2,2,2,12,2,2,2,2,6,-0.285714285714286,0,-0,zero-return
66,66,2,2,2,2,2,2,12,2,2,2,2,2,-2,0,-0,zero-return
66,66,2,2,2,2,2,2,12,2,2,2,2,4,-1,0,-0,zero-return
66,66,2,2,2,2,2,2,12,2,2,2,2,6,-0.285714285714286,0,-0,zero-return
66,67,2,2,2,2,4,2,12,2,2,2,2,2,-1.4142135623731,0,-0,zero-return
66,67,2,2,2,2,4,2,12,2,2,2,2,4,-0.707106781186548,0,-0,zero-return
66,67,2,2,2,2,4,2,12,2,2,2,2,6,-0.202030508910442,0,-0,zero-return
66,67,2,2,2,2,4,2,12,2,2,2,2,2,-1.4142135623731,0,-0,zero-return
66,67,2,2,2,2,4,2,12,2,2,2,2,4,-0.707106781186548,0,-0,zero-return
66,67,2,2,2,2,4,2,12,2,2,2,2,6,-0.202030508910442,0,-0,zero-return
66,67,2,2,2,2,4,2,12,2,2,2,2,2,-1.4142135623731,0,-0,zero-return
66,67,2,2,2,2,4,2,12,2,2,2,2,4,-0.707106781186548,0,-0,zero-return
66,67,2,2,2,2,4,2,12,2,2,2,2,6,-0.202030508910442,0,-0,zero-return
66,90,2,2,3,2,3,2,12,2,2,2,2,2,-1.4142135623731,0,-0,zero-return
66,90,2,2,3,2,3,2,12,2,2,2,2,4,-0.707106781186548,0,-0,zero-return
66,90,2,2,3,2,3,2,12,2,2,2,2,6,-0.202030508910442,0,-0,zero-return
66,90,2,2,3,2,3,2,12,2,2,2,2,2,-1.4142135623731,0,-0,zero-return
66,90,2,2,3,2,3,2,12,2,2,2,2,4,-0.707106781186548,0,-0,zero-return
66,90,2,2,3,2,3,2,12,2,2,2,2,6,-0.202030508910442,0,-0,zero-return
66,90,2,2,3,2,3,2,12,2,2,2,2,2,-1.4142135623731,0,-0,zero-return
66,90,2,2,3,2,3,2,12,2,2,2,2,4,-0.707106781186548,0,-0,zero-return
66,90,2,2,3,2,3,2,12,2,2,2,2,6,-0.202030508910442,0,-0,zero-return
66,90,2,2,3,2,3,2,12,2,2,2,2,2,-1.4142135623731,0,-0,zero-return
66,90,2,2,3,2,3,2,12,2,2,2,2,4,-0.707106781186548,0,-0,zero-return
66,90,2,2,3,2,3,2,12,2,2,2,2,6,-0.202030508910442,0,-0,zero-return
66,90,2,2,3,2,3,2,12,2,2,2,2,2,-1.4142135623731,0,-0,zero-return
66,90,2,2,3,2,3,2,12,2,2,2,2,4,-0.707106781186548,0,-0,zero-return
66,90,2,2,3,2,3,2,12,2,2,2,2,6,-0.202030508910442,0,-0,zero-return
66,90,2,2,3,2,3,2,12,2,2,2,2,2,-1.4142135623731,0,-0,zero-return
66,90,2,2,3,2,3,2,12,2,2,2,2,4,-0.707106781186548,0,-0,zero-return
66,90,2,2,3,2,3,2,12,2,2,2,2,6,-0.202030508910442,0,-0,zero-return
66,90,2,2,3,2,3,2,12,2,2,2,2,2,-1.4142135623731,0,-0,zero-return
66,90,2,2,3,2,3,2,12,2,2,2,2,4,-0.707106781186548,0,-0,zero-return
66,90,2,2,3,2,3,2,12,2,2,2,2,6,-0.202030508910442,0,-0,zero-return
66,91,2,2,3,2,5,2,12,2,2,2,2,2,-1.4142135623731,0,-0,zero-return
66,91,2,2,3,2,5,2,12,2,2,2,2,4,-0.707106781186548,0,-0,zero-return
66,91,2,2,3,2,5,2,12,2,2,2,2,6,-0.202030508910442,0,-0,zero-return
66,91,2,2,3,2,5,2,12,2,2,2,2,2,-1.4142135623731,0,-0,zero-return
66,91,2,2,3,2,5,2,12,2,2,2,2,4,-0.707106781186548,0,-0,zero-return
66,91,2,2,3,2,5,2,12,2,2,2,2,6,-0.202030508910442,0,-0,zero-return
66,91,2,2,3,2,5,2,12,2,2,2,2,2,-1.4142135623731,0,-0,zero-return
66,91,2,2,3,2,5,2,12,2,2,2,2,4,-0.707106781186548,0,-0,zero-return
66,91,2,2,3,2,5,2,12,2,2,2,2,6,-0.202030508910442,0,-0,zero-return
66,129,2,2,3,2,3,2,12,2,3,2,3,4,1.22474487139159,0,0,zero-return
66,129,2,2,3,2,3,2,12,2,3,2,3,6,0.654653670707977,0,0,zero-return
66,129,2,2,3,2,3,2,12,2,3,2,3,4,1.22474487139159,0,0,zero-return
66,129,2,2,3,2,3,2,12,2,3,2,3,6,0.654653670707977,0,0,zero-return
66,129,2,2,3,2,3,2,12,2,3,2,3,4,1.22474487139159,0,0,zero-return
66,129,2,2,3,2,3,2,12,2,3,2,3,6,0.654653670707977,0,0,zero-return
66,129,2,2,3,2,3,2,12,2,3,2,3,4,1.22474487139159,0,0,zero-return
66,129,2,2,3,2,3,2,12,2,3,2,3,6,0.654653670707977,0,0,zero-return
66,129,2,2,3,2,3,2,12,2,3,2,3,4,1.22474487139159,0,0,zero-return
66,129,2,2,3,2,3,2,12,2,3,2,3,6,0.654653670707977,0,0,zero-return
67,66,2,4,2,2,2,2,12,2,2,2,2,2,-1.4142135623731,0,-0,zero-return
67,66,2,4,2,2,2,2,12,2,2,2,2,4,-0.707106781186548,0,-0,zero-return
67,66,2,4,2,2,2,2,12,2,2,2,2,6,-0.202030508910442,0,-0,zero-return
67,66,2,4,2,2,2,2,12,2,2,2,2,2,-1.4142135623731,0,-0,zero-return
67,66,2,4,2,2,2,2,12,2,2,2,2,4,-0.707106781186548,0,-0,zero-return
67,66,2,4,2,2,2,2,12,2,2,2,2,6,-0.202030508910442,0,-0,zero-return
67,66,2,4,2,2,2,2,12,2,2,2,2,2,-1.4142135623731,0,-0,zero-return
67,66,2,4,2,2,2,2,12,2,2,2,2,4,-0.707106781186548,0,-0,zero-return
67,66,2,4,2,2,2,2,12,2,2,2,2,6,-0.202030508910442,0,-0,zero-return
67,66,2,4,2,2,2,2,12,2,2,2,2,2,-1.4142135623731,0,-0,zero-return
67,66,2,4,2,2,2,2,12,2,2,2,2,4,-0.707106781186548,0,-0,zero-return
67,66,2,4,2,2,2,2,12,2,2,2,2,6,-0.202030508910442,0,-0,zero-return
67,66,2,4,2,2,2,2,12,2,2,2,2,2,-1.4142135623731,0,-0,zero-return
67,66,2,4,2,2,2,2,12,2,2,2,2,4,-0.707106781186548,0,-0,zero-return
67,66,2,4,2,2,2,2,12,2,2,2,2,6,-0.202030508910442,0,-0,zero-return
67,66,2,4,2,2,2,2,12,2,2,2,2,2,-1.4142135623731,0,-0,zero-return
67,66,2,4,2,2,2,2,12,2,2,2,2,4,-0.707106781186548,0,-0,zero-return
67,66,2,4,2,2,2,2,12,2,2,2,2,6,-0.202030508910442,0,-0,zero-return
67,66,2,4,2,2,2,2,12,2,2,2,2,2,-1.4142135623731,0,-0,zero-return
67,66,2,4,2,2,2,2,12,2,2,2,2,4,-0.707106781186548,0,-0,zero-return
67,66,2,4,2,2,2,2,12,2,2,2,2,6,-0.202030508910442,0,-0,zero-return
67,67,2,4,2,2,4,2,12,2,2,2,2,2,-1,0,-0,zero-return
67,67,2,4,2,2,4,2,12,2,2,2,2,4,-0.5,0,-0,zero-return
67,67,2,4,2,2,4,2,12,2,2,2,2,6,-0.142857142857143,0,-0,zero-return
67,67,2,4,2,2,4,2,12,2,2,2,2,2,-1,0,-0,zero-return
67,67,2,4,2,2,4,2,12,2,2,2,2,4,-0.5,0,-0,zero-return
67,67,2,4,2,2,4,2,12,2,2,2,2,6,-0.142857142857143,0,-0,zero-return
67,67,2,4,2,2,4,2,12,2,2,2,2,2,-1,0,-0,zero-return
67,67,2,4,2,2,4,2,12,2,2,2,2,4,-0.5,0,-0,zero-return
67,67,2,4,2,2,4,2,12,2,2,2,2,6,-0.142857142857143,0,-0,zero-return
67,90,2,4,3,2,3,2,12,2,2,2,2,2,-1,0,-0,zero-return
67,90,2,4,3,2,3,2,12,2,2,2,2,4,-0.5,0,-0,zero-return
67,90,2,4,3,2,3,2,12,2,2,2,2,6,-0.142857142857143,0,-0,zero-return
67,90,2,4,3,2,3,2,12,2,2,2,2,2,-1,0,-0,zero-return
67,90,2,4,3,2,3,2,12,2,2,2,2,4,-0.5,0,-0,zero-return
67,90,2,4,3,2,3,2,12,2,2,2,2,6,-0.142857142857143,0,-0,zero-return
67,90,2,4,3,2,3,2,12,2,2,2,2,2,-1,0,-0,zero-return
67,90,2,4,3,2,3,2,12,2,2,2,2,4,-0.5,0,-0,zero-return
67,90,2,4,3,2,3,2,12,2,2,2,2,6,-0.142857142857143,0,-0,zero-return
67,90,2,4,3,2,3,2,12,2,2,2,2,2,-1,0,-0,zero-return
67,90,2,4,3,2,3,2,12,2,2,2,2,4,-0.5,0,-0,zero-return
67,90,2,4,3,2,3,2,12,2,2,2,2,6,-0.142857142857143,0,-0,zero-return
67,90,2,4,3,2,3,2,12,2,2,2,2,2,-1,0,-0,zero-return
67,90,2,4,3,2,3,2,12,2,2,2,2,4,-0.5,0,-0,zero-return
67,90,2,4,3,2,3,2,12,2,2,2,2,6,-0.142857142857143,0,-0,zero-return
67,90,2,4,3,2,3,2,12,2,2,2,2,2,-1,0,-0,zero-return
67,90,2,4,3,2,3,2,12,2,2,2,2,4,-0.5,0,-0,zero-return
67,90,2,4,3,2,3,2,12,2,2,2,2,6,-0.142857142857143,0,-0,zero-return
67,90,2,4,3,2,3,2,12,2,2,2,2,2,-1,0,-0,zero-return
67,90,2,4,3,2,3,2,12,2,2,2,2,4,-0.5,0,-0,zero-return
67,90,2,4,3,2,3,2,12,2,2,2,2,6,-0.142857142857143,0,-0,zero-return
67,91,2,4,3,2,5,2,12,2,2,2,2,2,-1,0,-0,zero-return
67,91,2,4,3,2,5,2,12,2,2,2,2,4,-0.5,0,-0,zero-return
67,91,2,4,3,2,5,2,12,2,2,2,2,6,-0.142857142857143,0,-0,zero-return
67,91,2,4,3,2,5,2,12,2,2,2,2,2,-1,0,-0,zero-return
67,91,2,4,3,2,5,2,12,2,2,2,2,4,-0.5,0,-0,zero-return
67,91,2,4,3,2,5,2,12,2,2,2,2,6,-0.142857142857143,0,-0,zero-return
67,91,2,4,3,2,5,2,12,2,2,2,2,2,-1,0,-0,zero-return
67,91,2,4,3,2,5,2,12,2,2,2,2,4,-0.5,0,-0,zero-return
67,91,2,4,3,2,5,2,12,2,2,2,2,6,-0.142857142857143,0,-0,zero-return
67,129,2,4,3,2,3,2,12,2,3,2,3,4,0.866025403784439,0,0,zero-return
67,129,2,4,3,2,3,2,12,2,3,2,3,6,0.462910049886276,0,0,zero-return
67,129,2,4,3,2,3,2,12,2,3,2,3,4,0.866025403784439,0,0,zero-return
67,129,2,4,3,2,3,2,12,2,3,2,3,6,0.462910049886276,0,0,zero-return
67,129,2,4,3,2,3,2,12,2,3,2,3,4,0.866025403784439,0,0,zero-return
67,129,2,4,3,2,3,2,12,2,3,2,3,6,0.462910049886276,0,0,zero-return
67,129,2,4,3,2,3,2,12,2,3,2,3,4,0.866025403784439,0,0,zero-return
67,129,2,4,3,2,3,2,12,2,3,2,3,6,0.462910049886276,0,0,zero-return
67,129,2,4,3,2,3,2,12,2,3,2,3,4,0.866025403784439,0,0,zero-return
67,129,2,4,3,2,3,2,12,2,3,2,3,6,0.462910049886276,0,0,zero-return
68,16,2,2,2,2,4,2,14,2,1,2,1,2,0.935414346693485,0,0,zero-return
68,16,2,2,2,2,4,2,14,2,1,2,1,4,0.836660026534076,0,0,zero-return
68,16,2,2,2,2,4,2,14,2,1,2,1,2,0.935414346693485,0,0,zero-return
68,16,2,2,2,2,4,2,14,2,1,2,1,4,0.836660026534076,0,0,zero-return
68,16,2,2,2,2,4,2,14,2,1,2,1,2,0.935414346693485,0,0,zero-return
68,16,2,2,2,2,4,2,14,2,1,2,1,4,0.836660026534076,0,0,zero-return
68,33,2,2,3,2,3,2,14,2,1,2,1,2,0.935414346693485,0,0,zero-return
68,33,2,2,3,2,3,2,14,2,1,2,1,4,0.836660026534076,0,0,zero-return
68,33,2,2,3,2,3,2,14,2,1,2,1,2,0.935414346693485,0,0,zero-return
68,33,2,2,3,2,3,2,14,2,1,2,1,4,0.836660026534076,0,0,zero-return
68,33,2,2,3,2,3,2,14,2,1,2,1,2,0.935414346693485,0,0,zero-return
68,33,2,2,3,2,3,2,14,2,1,2,1,4,0.836660026534076,0,0,zero-return
68,33,2,2,3,2,3,2,14,2,1,2,1,2,0.935414346693485,0,0,zero-return
68,33,2,2,3,2,3,2,14,2,1,2,1,4,0.836660026534076,0,0,zero-return
68,33,2,2,3,2,3,2,14,2,1,2,1,2,0.935414346693485,0,0,zero-return
68,33,2,2,3,2,3,2,14,2,1,2,1,4,0.836660026534076,0,0,zero-return
68,34,2,2,3,2,5,2,14,2,1,2,1,2,0.935414346693485,0,0,zero-return
68,34,2,2,3,2,5,2,14,2,1,2,1,4,0.836660026534076,0,0,zero-return
68,34,2,2,3,2,5,2,14,2,1,2,1,2,0.935414346693485,0,0,zero-return
68,34,2,2,3,2,5,2,14,2,1,2,1,4,0.836660026534076,0,0,zero-return
68,34,2,2,3,2,5,2,14,2,1,2,1,2,0.935414346693485,0,0,zero-return
68,34,2,2,3,2,5,2,14,2,1,2,1,4,0.836660026534076,0,0,zero-return
68,68,2,2,2,2,2,2,14,2,2,2,2,2,1.5,0,0,zero-return
68,68,2,2,2,2,2,2,14,2,2,2,2,4,-1,0,-0,zero-return
68,68,2,2,2,2,2,2,14,2,2,2,2,6,-1.11904761904762,0,-0,zero-return
68,68,2,2,2,2,2,2,14,2,2,2,2,2,1.5,0,0,zero-return
68,68,2,2,2,2,2,2,14,2,2,2,2,4,-1,0,-0,zero-return
68,68,2,2,2,2,2,2,14,2,2,2,2,6,-1.11904761904762,0,-0,zero-return
68,68,2,2,2,2,2,2,14,2,2,2,2,2,1.5,0,0,zero-return
68,68,2,2,2,2,2,2,14,2,2,2,2,4,-1,0,-0,zero-return
68,68,2,2,2,2,2,2,14,2,2,2,2,6,-1.11904761904762,0,-0,zero-return
68,68,2,2,2,2,2,2,14,2,2,2,2,2,1.5,0,0,zero-return
68,68,2,2,2,2,2,2,14,2,2,2,2,4,-1,0,-0,zero-return
68,68,2,2,2,2,2,2,14,2,2,2,2,6,-1.11904761904762,0,-0,zero-return
68,68,2,2,2,2,2,2,14,2,2,2,2,2,1.5,0,0,zero-return
68,68,2,2,2,2,2,2,14,2,2,2,2,4,-1,0,-0,zero-return
68,68,2,2,2,2,2,2,14,2,2,2,2,6,-1.11904761904762,0,-0,zero-return
68,68,2,2,2,2,2,2,14,2,2,2,2,2,1.5,0,0,zero-return
68,68,2,2,2,2,2,2,14,2,2,2,2,4,-1,0,-0,zero-return
68,68,2,2,2,2,2,2,14,2,2,2,2,6,-1.11904761904762,0,-0,zero-return
68,68,2,2,2,2,2,2,14,2,2,2,2,2,1.5,0,0,zero-return
68,68,2,2,2,2,2,2,14,2,2,2,2,4,-1,0,-0,zero-return
68,68,2,2,2,2,2,2,14,2,2,2,2,6,-1.11904761904762,0,-0,zero-return
68,69,2,2,2,2,4,2,14,2,2,2,2,2,1.06066017177982,0,0,zero-return
68,69,2,2,2,2,4,2,14,2,2,2,2,4,-0.707106781186548,0,-0,zero-return
68,69,2,2,2,2,4,2,14,2,2,2,2,6,-0.791286159899232,0,-0,zero-return
68,69,2,2,2,2,4,2,14,2,2,2,2,2,1.06066017177982,0,0,zero-return
68,69,2,2,2,2,4,2,14,2,2,2,2,4,-0.707106781186548,0,-0,zero-return
68,69,2,2,2,2,4,2,14,2,2,2,2,6,-0.791286159899232,0,-0,zero-return
68,69,2,2,2,2,4,2,14,2,2,2,2,2,1.06066017177982,0,0,zero-return
68,69,2,2,2,2,4,2,14,2,2,2,2,4,-0.707106781186548,0,-0,zero-return
68,69,2,2,2,2,4,2,14,2,2,2,2,6,-0.791286159899232,0,-0,zero-return
68,74,2,2,4,2,2,2,14,2,2,2,2,4,1.87082869338697,0,0,zero-return
68,74,2,2,4,2,2,2,14,2,2,2,2,4,1.87082869338697,0,0,zero-return
68,74,2,2,4,2,2,2,14,2,2,2,2,4,1.87082869338697,0,0,zero-return
68,74,2,2,4,2,2,2,14,2,2,2,2,4,1.87082869338697,0,0,zero-return
68,74,2,2,4,2,2,2,14,2,2,2,2,4,1.87082869338697,0,0,zero-return
68,74,2,2,4,2,2,2,14,2,2,2,2,4,1.87082869338697,0,0,zero-return
68,74,2,2,4,2,2,2,14,2,2,2,2,4,1.87082869338697,0,0,zero-return
68,75,2,2,4,2,4,2,14,2,2,2,2,4,1.3228756555323,0,0,zero-return
68,75,2,2,4,2,4,2,14,2,2,2,2,4,1.3228756555323,0,0,zero-return
68,75,2,2,4,2,4,2,14,2,2,2,2,4,1.3228756555323,0,0,zero-return
68,93,2,2,3,2,3,2,14,2,2,2,2,2,1.06066017177982,0,0,zero-return
68,93,2,2,3,2,3,2,14,2,2,2,2,4,-0.707106781186548,0,-0,zero-return
68,93,2,2,3,2,3,2,14,2,2,2,2,6,-0.791286159899232,0,-0,zero-return
68,93,2,2,3,2,3,2,14,2,2,2,2,2,1.06066017177982,0,0,zero-return
68,93,2,2,3,2,3,2,14,2,2,2,2,4,-0.707106781186548,0,-0,zero-return
68,93,2,2,3,2,3,2,14,2,2,2,2,6,-0.791286159899232,0,-0,zero-return
68,93,2,2,3,2,3,2,14,2,2,2,2,2,1.06066017177982,0,0,zero-return
68,93,2,2,3,2,3,2,14,2,2,2,2,4,-0.707106781186548,0,-0,zero-return
68,93,2,2,3,2,3,2,14,2,2,2,2,6,-0.791286159899232,0,-0,zero-return
68,93,2,2,3,2,3,2,14,2,2,2,2,2,1.06066017177982,0,0,zero-return
68,93,2,2,3,2,3,2,14,2,2,2,2,4,-0.707106781186548,0,-0,zero-return
68,93,2,2,3,2,3,2,14,2,2,2,2,6,-0.791286159899232,0,-0,zero-return
68,93,2,2,3,2,3,2,14,2,2,2,2,2,1.06066017177982,0,0,zero-return
68,93,2,2,3,2,3,2,14,2,2,2,2,4,-0.707106781186548,0,-0,zero-return
68,93,2,2,3,2,3,2,14,2,2,2,2,6,-0.791286159899232,0,-0,zero-return
68,93,2,2,3,2,3,2,14,2,2,2,2,2,1.06066017177982,0,0,zero-return
68,93,2,2,3,2,3,2,14,2,2,2,2,4,-0.707106781186548,0,-0,zero-return
68,93,2,2,3,2,3,2,14,2,2,2,2,6,-0.791286159899232,0,-0,zero-return
68,93,2,2,3,2,3,2,14,2,2,2,2,2,1.06066017177982,0,0,zero-return
68,93,2,2,3,2,3,2,14,2,2,2,2,4,-0.707106781186548,0,-0,zero-return
68,93,2,2,3,2,3,2,14,2,2,2,2,6,-0.791286159899232,0,-0,zero-return
68,94,2,2,3,2,5,2,14,2,2,2,2,2,1.06066017177982,0,0,zero-return
68,94,2,2,3,2,5,2,14,2,2,2,2,4,-0.707106781186548,0,-0,zero-return
68,94,2,2,3,2,5,2,14,2,2,2,2,6,-0.791286159899232,0,-0,zero-return
68,94,2,2,3,2,5,2,14,2,2,2,2,2,1.06066017177982,0,0,zero-return
68,94,2,2,3,2,5,2,14,2,2,2,2,4,-0.707106781186548,0,-0,zero-return
68,94,2,2,3,2,5,2,14,2,2,2,2,6,-0.791286159899232,0,-0,zero-return
68,94,2,2,3,2,5,2,14,2,2,2,2,2,1.06066017177982,0,0,zero-return
68,94,2,2,3,2,5,2,14,2,2,2,2,4,-0.707106781186548,0,-0,zero-return
68,94,2,2,3,2,5,2,14,2,2,2,2,6,-0.791286159899232,0,-0,zero-return
68,108,2,2,5,2,3,2,14,2,2,2,2,4,1.3228756555323,0,0,zero-return
68,108,2,2,5,2,3,2,14,2,2,2,2,4,1.3228756555323,0,0,zero-return
68,108,2,2,5,2,3,2,14,2,2,2,2,4,1.3228756555323,0,0,zero-return
68,108,2,2,5,2,3,2,14,2,2,2,2,4,1.3228756555323,0,0,zero-return
68,108,2,2,5,2,3,2,14,2,2,2,2,4,1.3228756555323,0,0,zero-return
68,108,2,2,5,2,3,2,14,2,2,2,2,4,1.3228756555323,0,0,zero-return
68,108,2,2,5,2,3,2,14,2,2,2,2,4,1.3228756555323,0,0,zero-return
68,109,2,2,5,2,5,2,14,2,2,2,2,4,1.3228756555323,0,0,zero-return
68,109,2,2,5,2,5,2,14,2,2,2,2,4,1.3228756555323,0,0,zero-return
68,109,2,2,5,2,5,2,14,2,2,2,2,4,1.3228756555323,0,0,zero-return
68,130,2,2,3,2,3,2,14,2,3,2,3,4,-0.894427190999916,0,-0,zero-return
68,130,2,2,3,2,3,2,14,2,3,2,3,6,0.916341933823035,0,0,zero-return
68,130,2,2,3,2,3,2,14,2,3,2,3,4,-0.894427190999916,0,-0,zero-return
68,130,2,2,3,2,3,2,14,2,3,2,3,6,0.916341933823035,0,0,zero-return
68,130,2,2,3,2,3,2,14,2,3,2,3,4,-0.894427190999916,0,-0,zero-return
68,130,2,2,3,2,3,2,14,2,3,2,3,6,0.916341933823035,0,0,zero-return
68,130,2,2,3,2,3,2,14,2,3,2,3,4,-0.894427190999916,0,-0,zero-return
68,130,2,2,3,2,3,2,14,2,3,2,3,6,0.916341933823035,0,0,zero-return
68,130,2,2,3,2,3,2,14,2,3,2,3,4,-0.894427190999916,0,-0,zero-return
68,130,2,2,3,2,3,2,14,2,3,2,3,6,0.916341933823035,0,0,zero-return
69,16,2,4,2,2,4,2,14,2,1,2,1,2,0.661437827766148,0,0,zero-return
69,16,2,4,2,2,4,2,14,2,1,2,1,4,0.591607978309962,0,0,zero-return
69,16,2,4,2,2,4,2,14,2,1,2,1,2,0.661437827766148,0,0,zero-return
69,16,2,4,2,2,4,2,14,2,1,2,1,4,0.591607978309962,0,0,zero-return
69,16,2,4,2,2,4,2,14,2,1,2,1,2,0.661437827766148,0,0,zero-return
69,16,2,4,2,2,4,2,14,2,1,2,1,4,0.591607978309962,0,0,zero-return
69,33,2,4,3,2,3,2,14,2,1,2,1,2,0.661437827766148,0,0,zero-return
69,33,2,4,3,2,3,2,14,2,1,2,1,4,0.591607978309962,0,0,zero-return
69,33,2,4,3,2,3,2,14,2,1,2,1,2,0.661437827766148,0,0,zero-return
69,33,2,4,3,2,3,2,14,2,1,2,1,4,0.591607978309962,0,0,zero-return
69,33,2,4,3,2,3,2,14,2,1,2,1,2,0.661437827766148,0,0,zero-return
69,33,2,4,3,2,3,2,14,2,1,2,1,4,0.591607978309962,0,0,zero-return
69,33,2,4,3,2,3,2,14,2,1,2,1,2,0.661437827766148,0,0,zero-return
69,33,2,4,3,2,3,2,14,2,1,2,1,4,0.591607978309962,0,0,zero-return
69,33,2,4,3,2,3,2,14,2,1,2,1,2,0.661437827766148,0,0,zero-return
69,33,2,4,3,2,3,2,14,2,1,2,1,4,0.591607978309962,0,0,zero-return
69,34,2,4,3,2,5,2,14,2,1,2,1,2,0.661437827766148,0,0,zero-return
69,34,2,4,3,2,5,2,14,2,1,2,1,4,0.591607978309962,0,0,zero-return
69,34,2,4,3,2,5,2,14,2,1,2,1,2,0.661437827766148,0,0,zero-return
69,34,2,4,3,2,5,2,14,2,1,2,1,4,0.591607978309962,0,0,zero-return
69,34,2,4,3,2,5,2,14,2,1,2,1,2,0.661437827766148,0,0,zero-return
69,34,2,4,3,2,5,2,14,2,1,2,1,4,0.591607978309962,0,0,zero-return
69,68,2,4,2,2,2,2,14,2,2,2,2,2,1.06066017177982,0,0,zero-return
69,68,2,4,2,2,2,2,14,2,2,2,2,4,-0.707106781186548,0,-0,zero-return
69,68,2,4,2,2,2,2,14,2,2,2,2,6,-0.791286159899232,0,-0,zero-return
69,68,2,4,2,2,2,2,14,2,2,2,2,2,1.06066017177982,0,0,zero-return
69,68,2,4,2,2,2,2,14,2,2,2,2,4,-0.707106781186548,0,-0,zero-return
69,68,2,4,2,2,2,2,14,2,2,2,2,6,-0.791286159899232,0,-0,zero-return
69,68,2,4,2,2,2,2,14,2,2,2,2,2,1.06066017177982,0,0,zero-return
69,68,2,4,2,2,2,2,14,2,2,2,2,4,-0.707106781186548,0,-0,zero-return
69,68,2,4,2,2,2,2,14,2,2,2,2,6,-0.791286159899232,0,-0,zero-return
69,68,2,4,2,2,2,2,14,2,2,2,2,2,1.06066017177982,0,0,zero-return
69,68,2,4,2,2,2,2,14,2,2,2,2,4,-0.707106781186548,0,-0,zero-return
69,68,2,4,2,2,2,2,14,2,2,2,2,6,-0.791286159899232,0,-0,zero-return
69,68,2,4,2,2,2,2,14,2,2,2,2,2,1.06066017177982,0,0,zero-return
69,68,2,4,2,2,2,2,14,2,2,2,2,4,-0.707106781186548,0,-0,zero-return
69,68,2,4,2,2,2,2,14,2,2,2,2,6,-0.791286159899232,0,-0,zero-return
69,68,2,4,2,2,2,2,14,2,2,2,2,2,1.06066017177982,0,0,zero-return
69,68,2,4,2,2,2,2,14,2,2,2,2,4,-0.707106781186548,0,-0,zero-return
69,68,2,4,2,2,2,2,14,2,2,2,2,6,-0.791286159899232,0,-0,zero-return
69,68,2,4,2,2,2,2,14,2,2,2,2,2,1.06066017177982,0,0,zero-return
69,68,2,4,2,2,2,2,14,2,2,2,2,4,-0.707106781186548,0,-0,zero-return
69,68,2,4,2,2,2,2,14,2,2,2,2,6,-0.791286159899232,0,-0,zero-return
69,69,2,4,2,2,4,2,14,2,2,2,2,2,0.75,0,0,zero-return
69,69,2,4,2,2,4,2,14,2,2,2,2,4,-0.5,0,-0,zero-return
69,69,2,4,2,2,4,2,14,2,2,2,2,6,-0.55952380952381,0,-0,zero-return
69,69,2,4,2,2,4,2,14,2,2,2,2,2,0.75,0,0,zero-return
69,69,2,4,2,2,4,2,14,2,2,2,2,4,-0.5,0,-0,zero-return
69,69,2,4,2,2,4,2,14,2,2,2,2,6,-0.55952380952381,0,-0,zero-return
69,69,2,4,2,2,4,2,14,2,2,2,2,2,0.75,0,0,zero-return
69,69,2,4,2,2,4,2,14,2,2,2,2,4,-0.5,0,-0,zero-return
69,69,2,4,2,2,4,2,14,2,2,2,2,6,-0.55952380952381,0,-0,zero-return
69,74,2,4,4,2,2,2,14,2,2,2,2,4,1.3228756555323,0,0,zero-return
69,74,2,4,4,2,2,2,14,2,2,2,2,4,1.3228756555323,0,0,zero-return
69,74,2,4,4,2,2,2,14,2,2,2,2,4,1.3228756555323,0,0,zero-return
69,74,2,4,4,2,2,2,14,2,2,2,2,4,1.3228756555323,0,0,zero-return
69,74,2,4,4,2,2,2,14,2,2,2,2,4,1.3228756555323,0,0,zero-return
69,74,2,4,4,2,2,2,14,2,2,2,2,4,1.3228756555323,0,0,zero-return
69,74,2,4,4,2,2,2,14,2,2,2,2,4,1.3228756555323,0,0,zero-return
69,75,2,4,4,2,4,2,14,2,2,2,2,4,0.935414346693485,0,0,zero-return
69,75,2,4,4,2,4,2,14,2,2,2,2,4,0.935414346693485,0,0,zero-return
69,75,2,4,4,2,4,2,14,2,2,2,2,4,0.935414346693485,0,0,zero-return
69,93,2,4,3,2,3,2,14,2,2,2,2,2,0.75,0,0,zero-return
69,93,2,4,3,2,3,2,14,2,2,2,2,4,-0.5,0,-0,zero-return
69,93,2,4,3,2,3,2,14,2,2,2,2,6,-0.55952380952381,0,-0,zero-return
69,93,2,4,3,2,3,2,14,2,2,2,2,2,0.75,0,0,zero-return
69,93,2,4,3,2,3,2,14,2,2,2,2,4,-0.5,0,-0,zero-return
69,93,2,4,3,2,3,2,14,2,2,2,2,6,-0.55952380952381,0,-0,zero-return
69,93,2,4,3,2,3,2,14,2,2,2,2,2,0.75,0,0,zero-return
69,93,2,4,3,2,3,2,14,2,2,2,2,4,-0.5,0,-0,zero-return
69,93,2,4,3,2,3,2,14,2,2,2,2,6,-0.55952380952381,0,-0,zero-return
69,93,2,4,3,2,3,2,14,2,2,2,2,2,0.75,0,0,zero-return
69,93,2,4,3,2,3,2,14,2,2,2,2,4,-0.5,0,-0,zero-return
69,93,2,4,3,2,3,2,14,2,2,2,2,6,-0.55952380952381,0,-0,zero-return
69,93,2,4,3,2,3,2,14,2,2,2,2,2,0.75,0,0,zero-return
69,93,2,4,3,2,3,2,14,2,2,2,2,4,-0.5,0,-0,zero-return
69,93,2,4,3,2,3,2,14,2,2,2,2,6,-0.55952380952381,0,-0,zero-return
69,93,2,4,3,2,3,2,14,2,2,2,2,2,0.75,0,0,zero-return
69,93,2,4,3,2,3,2,14,2,2,2,2,4,-0.5,0,-0,zero-return
69,93,2,4,3,2,3,2,14,2,2,2,2,6,-0.55952380952381,0,-0,zero-return
69,93,2,4,3,2,3,2,14,2,2,2,2,2,0.75,0,0,zero-return
69,93,2,4,3,2,3,2,14,2,2,2,2,4,-0.5,0,-0,zero-return
69,93,2,4,3,2,3,2,14,2,2,2,2,6,-0.55952380952381,0,-0,zero-return
69,94,2,4,3,2,5,2,14,2,2,2,2,2,0.75,0,0,zero-return
69,94,2,4,3,2,5,2,14,2,2,2,2,4,-0.5,0,-0,zero-return
69,94,2,4,3,2,5,2,14,2,2,2,2,6,-0.55952380952381,0,-0,zero-return
69,94,2,4,3,2,5,2,14,2,2,2,2,2,0.75,0,0,zero-return
69,94,2,4,3,2,5,2,14,2,2,2,2,4,-0.5,0,-0,zero-return
69,94,2,4,3,2,5,2,14,2,2,2,2,6,-0.55952380952381,0,-0,zero-return
69,94,2,4,3,2,5,2,14,2,2,2,2,2,0.75,0,0,zero-return
69,94,2,4,3,2,5,2,14,2,2,2,2,4,-0.5,0,-0,zero-return
69,94,2,4,3,2,5,2,14,2,2,2,2,6,-0.55952380952381,0,-0,zero-return
69,108,2,4,5,2,3,2,14,2,2,2,2,4,0.935414346693485,0,0,zero-return
69,108,2,4,5,2,3,2,14,2,2,2,2,4,0.935414346693485,0,0,zero-return
69,108,2,4,5,2,3,2,14,2,2,2,2,4,0.935414346693485,0,0,zero-return
69,108,2,4,5,2,3,2,14,2,2,2,2,4,0.935414346693485,0,0,zero-return
69,108,2,4,5,2,3,2,14,2,2,2,2,4,0.935414346693485,0,0,zero-return
69,108,2,4,5,2,3,2,14,2,2,2,2,4,0.935414346693485,0,0,zero-return
69,108,2,4,5,2,3,2,14,2,2,2,2,4,0.935414346693485,0,0,zero-return
69,109,2,4,5,2,5,2,14,2,2,2,2,4,0.935414346693485,0,0,zero-return
69,109,2,4,5,2,5,2,14,2,2,2,2,4,0.935414346693485,0,0,zero-return
69,109,2,4,5,2,5,2,14,2,2,2,2,4,0.935414346693485,0,0,zero-return
69,130,2,4,3,2,3,2,14,2,3,2,3,4,-0.632455532033676,0,-0,zero-return
69,130,2,4,3,2,3,2,14,2,3,2,3,6,0.647951595291863,0,0,zero-return
69,130,2,4,3,2,3,2,14,2,3,2,3,4,-0.632455532033676,0,-0,zero-return
69,130,2,4,3,2,3,2,14,2,3,2,3,6,0.647951595291863,0,0,zero-return
69,130,2,4,3,2,3,2,14,2,3,2,3,4,-0.632455532033676,0,-0,zero-return
69,130,2,4,3,2,3,2,14,2,3,2,3,6,0.647951595291863,0,0,zero-return
69,130,2,4,3,2,3,2,14,2,3,2,3,4,-0.632455532033676,0,-0,zero-return
69,130,2,4,3,2,3,2,14,2,3,2,3,6,0.647951595291863,0,0,zero-return
69,130,2,4,3,2,3,2,14,2,3,2,3,4,-0.632455532033676,0,-0,zero-return
69,130,2,4,3,2,3,2,14,2,3,2,3,6,0.647951595291863,0,0,zero-return
70,17,2,2,2,2,4,2,16,2,1,2,1,2,-1.22474487139159,0,-0,zero-return
70,17,2,2,2,2,4,2,16,2,1,2,1,4,0.273861278752583,0,0,zero-return
70,17,2,2,2,2,4,2,16,2,1,2,1,2,-1.22474487139159,0,-0,zero-return
70,17,2,2,2,2,4,2,16,2,1,2,1,4,0.273861278752583,0,0,zero-return
70,17,2,2,2,2,4,2,16,2,1,2,1,2,-1.22474487139159,0,-0,zero-return
70,17,2,2,2,2,4,2,16,2,1,2,1,4,0.273861278752583,0,0,zero-return
70,19,2,2,4,2,4,2,16,2,1,2,1,4,-1.22474487139159,0,-0,zero-return
70,19,2,2,4,2,4,2,16,2,1,2,1,4,-1.22474487139159,0,-0,zero-return
70,19,2,2,4,2,4,2,16,2,1,2,1,4,-1.22474487139159,0,-0,zero-return
70,37,2,2,3,2,3,2,16,2,1,2,1,2,-1.22474487139159,0,-0,zero-return
70,37,2,2,3,2,3,2,16,2,1,2,1,4,0.273861278752583,0,0,zero-return
70,37,2,2,3,2,3,2,16,2,1,2,1,2,-1.22474487139159,0,-0,zero-return
70,37,2,2,3,2,3,2,16,2,1,2,1,4,0.273861278752583,0,0,zero-return
70,37,2,2,3,2,3,2,16,2,1,2,1,2,-1.22474487139159,0,-0,zero-return
70,37,2,2,3,2,3,2,16,2,1,2,1,4,0.273861278752583,0,0,zero-return
70,37,2,2,3,2,3,2,16,2,1,2,1,2,-1.22474487139159,0,-0,zero-return
70,37,2,2,3,2,3,2,16,2,1,2,1,4,0.273861278752583,0,0,zero-return
70,37,2,2,3,2,3,2,16,2,1,2,1,2,-1.22474487139159,0,-0,zero-return
70,37,2,2,3,2,3,2,16,2,1,2,1,4,0.273861278752583,0,0,zero-return
70,38,2,2,3,2,5,2,16,2,1,2,1,2,-1.22474487139159,0,-0,zero-return
70,38,2,2,3,2,5,2,16,2,1,2,1,4,0.273861278752583,0,0,zero-return
70,38,2,2,3,2,5,2,16,2,1,2,1,2,-1.22474487139159,0,-0,zero-return
70,38,2,2,3,2,5,2,16,2,1,2,1,4,0.273861278752583,0,0,zero-return
70,38,2,2,3,2,5,2,16,2,1,2,1,2,-1.22474487139159,0,-0,zero-return
70,38,2,2,3,2,5,2,16,2,1,2,1,4,0.273861278752583,0,0,zero-return
70,53,2,2,5,2,3,2,16,2,1,2,1,4,-1.22474487139159,0,-0,zero-return
70,53,2,2,5,2,3,2,16,2,1,2,1,4,-1.22474487139159,0,-0,zero-return
70,53,2,2,5,2,3,2,16,2,1,2,1,4,-1.22474487139159,0,-0,zero-return
70,53,2,2,5,2,3,2,16,2,1,2,1,4,-1.22474487139159,0,-0,zero-return
70,53,2,2,5,2,3,2,16,2,1,2,1,4,-1.22474487139159,0,-0,zero-return
70,54,2,2,5,2,5,2,16,2,1,2,1,4,-1.22474487139159,0,-0,zero-return
70,54,2,2,5,2,5,2,16,2,1,2,1,4,-1.22474487139159,0,-0,zero-return
70,54,2,2,5,2,5,2,16,2,1,2,1,4,-1.22474487139159,0,-0,zero-return
70,70,2,2,2,2,2,2,16,2,2,2,2,2,-1,0,-0,zero-return
70,70,2,2,2,2,2,2,16,2,2,2,2,4,1.5,0,0,zero-return
70,70,2,2,2,2,2,2,16,2,2,2,2,6,-1,0,-0,zero-return
70,70,2,2,2,2,2,2,16,2,2,2,2,2,-1,0,-0,zero-return
70,70,2,2,2,2,2,2,16,2,2,2,2,4,1.5,0,0,zero-return
70,70,2,2,2,2,2,2,16,2,2,2,2,6,-1,0,-0,zero-return
70,70,2,2,2,2,2,2,16,2,2,2,2,2,-1,0,-0,zero-return
70,70,2,2,2,2,2,2,16,2,2,2,2,4,1.5,0,0,zero-return
70,70,2,2,2,2,2,2,16,2,2,2,2,6,-1,0,-0,zero-return
70,70,2,2,2,2,2,2,16,2,2,2,2,2,-1,0,-0,zero-return
70,70,2,2,2,2,2,2,16,2,2,2,2,4,1.5,0,0,zero-return
70,70,2,2,2,2,2,2,16,2,2,2,2,6,-1,0,-0,zero-return
70,70,2,2,2,2,2,2,16,2,2,2,2,2,-1,0,-0,zero-return
70,70,2,2,2,2,2,2,16,2,2,2,2,4,1.5,0,0,zero-return
70,70,2,2,2,2,2,2,16,2,2,2,2,6,-1,0,-0,zero-return
70,70,2,2,2,2,2,2,16,2,2,2,2,2,-1,0,-0,zero-return
70,70,2,2,2,2,2,2,16,2,2,2,2,4,1.5,0,0,zero-return
70,70,2,2,2,2,2,2,16,2,2,2,2,6,-1,0,-0,zero-return
70,70,2,2,2,2,2,2,16,2,2,2,2,2,-1,0,-0,zero-return
70,70,2,2,2,2,2,2,16,2,2,2,2,4,1.5,0,0,zero-return
70,70,2,2,2,2,2,2,16,2,2,2,2,6,-1,0,-0,zero-return
70,71,2,2,2,2,4,2,16,2,2,2,2,2,-0.707106781186548,0,-0,zero-return
70,71,2,2,2,2,4,2,16,2,2,2,2,4,1.06066017177982,0,0,zero-return
70,71,2,2,2,2,4,2,16,2,2,2,2,6,-0.707106781186548,0,-0,zero-return
70,71,2,2,2,2,4,2,16,2,2,2,2,2,-0.707106781186548,0,-0,zero-return
70,71,2,2,2,2,4,2,16,2,2,2,2,4,1.06066017177982,0,0,zero-return
70,71,2,2,2,2,4,2,16,2,2,2,2,6,-0.707106781186548,0,-0,zero-return
70,71,2,2,2,2,4,2,16,2,2,2,2,2,-0.707106781186548,0,-0,zero-return
70,71,2,2,2,2,4,2,16,2,2,2,2,4,1.06066017177982,0,0,zero-return
70,71,2,2,2,2,4,2,16,2,2,2,2,6,-0.707106781186548,0,-0,zero-return
70,76,2,2,4,2,2,2,16,2,2,2,2,4,-1,0,-0,zero-return
70,76,2,2,4,2,2,2,16,2,2,2,2,4,-1,0,-0,zero-return
70,76,2,2,4,2,2,2,16,2,2,2,2,4,-1,0,-0,zero-return
70,76,2,2,4,2,2,2,16,2,2,2,2,4,-1,0,-0,zero-return
70,76,2,2,4,2,2,2,16,2,2,2,2,4,-1,0,-0,zero-return
70,76,2,2,4,2,2,2,16,2,2,2,2,4,-1,0,-0,zero-return
70,76,2,2,4,2,2,2,16,2,2,2,2,4,-1,0,-0,zero-return
70,77,2,2,4,2,4,2,16,2,2,2,2,4,-0.707106781186548,0,-0,zero-return
70,77,2,2,4,2,4,2,16,2,2,2,2,4,-0.707106781186548,0,-0,zero-return
70,77,2,2,4,2,4,2,16,2,2,2,2,4,-0.707106781186548,0,-0,zero-return
70,96,2,2,3,2,3,2,16,2,2,2,2,2,-0.707106781186548,0,-0,zero-return
70,96,2,2,3,2,3,2,16,2,2,2,2,4,1.06066017177982,0,0,zero-return
70,96,2,2,3,2,3,2,16,2,2,2,2,6,-0.707106781186548,0,-0,zero-return
70,96,2,2,3,2,3,2,16,2,2,2,2,2,-0.707106781186548,0,-0,zero-return
70,96,2,2,3,2,3,2,16,2,2,2,2,4,1.06066017177982,0,0,zero-return
70,96,2,2,3,2,3,2,16,2,2,2,2,6,-0.707106781186548,0,-0,zero-return
70,96,2,2,3,2,3,2,16,2,2,2,2,2,-0.707106781186548,0,-0,zero-return
70,96,2,2,3,2,3,2,16,2,2,2,2,4,1.06066017177982,0,0,zero-return
70,96,2,2,3,2,3,2,16,2,2,2,2,6,-0.707106781186548,0,-0,zero-return
70,96,2,2,3,2,3,2,16,2,2,2,2,2,-0.707106781186548,0,-0,zero-return
70,96,2,2,3,2,3,2,16,2,2,2,2,4,1.06066017177982,0,0,zero-return
70,96,2,2,3,2,3,2,16,2,2,2,2,6,-0.707106781186548,0,-0,zero-return
70,96,2,2,3,2,3,2,16,2,2,2,2,2,-0.707106781186548,0,-0,zero-return
70,96,2,2,3,2,3,2,16,2,2,2,2,4,1.06066017177982,0,0,zero-return
70,96,2,2,3,2,3,2,16,2,2,2,2,6,-0.707106781186548,0,-0,zero-return
70,96,2,2,3,2,3,2,16,2,2,2,2,2,-0.707106781186548,0,-0,zero-return
70,96,2,2,3,2,3,2,16,2,2,2,2,4,1.06066017177982,0,0,zero-return
70,96,2,2,3,2,3,2,16,2,2,2,2,6,-0.707106781186548,0,-0,zero-return
70,96,2,2,3,2,3,2,16,2,2,2,2,2,-0.707106781186548,0,-0,zero-return
70,96,2,2,3,2,3,2,16,2,2,2,2,4,1.06066017177982,0,0,zero-return
70,96,2,2,3,2,3,2,16,2,2,2,2,6,-0.707106781186548,0,-0,zero-return
70,97,2,2,3,2,5,2,16,2,2,2,2,2,-0.707106781186548,0,-0,zero-return
70,97,2,2,3,2,5,2,16,2,2,2,2,4,1.06066017177982,0,0,zero-return
70,97,2,2,3,2,5,2,16,2,2,2,2,6,-0.707106781186548,0,-0,zero-return
70,97,2,2,3,2,5,2,16,2,2,2,2,2,-0.707106781186548,0,-0,zero-return
70,97,2,2,3,2,5,2,16,2,2,2,2,4,1.06066017177982,0,0,zero-return
70,97,2,2,3,2,5,2,16,2,2,2,2,6,-0.707106781186548,0,-0,zero-return
70,97,2,2,3,2,5,2,16,2,2,2,2,2,-0.707106781186548,0,-0,zero-return
70,97,2,2,3,2,5,2,16,2,2,2,2,4,1.06066017177982,0,0,zero-return
70,97,2,2,3,2,5,2,16,2,2,2,2,6,-0.707106781186548,0,-0,zero-return
70,111,2,2,5,2,3,2,16,2,2,2,2,4,-0.707106781186548,0,-0,zero-return
70,111,2,2,5,2,3,2,16,2,2,2,2,4,-0.707106781186548,0,-0,zero-return
70,111,2,2,5,2,3,2,16,2,2,2,2,4,-0.707106781186548,0,-0,zero-return
70,111,2,2,5,2,3,2,16,2,2,2,2,4,-0.707106781186548,0,-0,zero-return
70,111,2,2,5,2,3,2,16,2,2,2,2,4,-0.707106781186548,0,-0,zero-return
70,111,2,2,5,2,3,2,16,2,2,2,2,4,-0.707106781186548,0,-0,zero-return
70,111,2,2,5,2,3,2,16,2,2,2,2,4,-0.707106781186548,0,-0,zero-return
70,112,2,2,5,2,5,2,16,2,2,2,2,4,-0.707106781186548,0,-0,zero-return
70,112,2,2,5,2,5,2,16,2,2,2,2,4,-0.707106781186548,0,-0,zero-return
70,112,2,2,5,2,5,2,16,2,2,2,2,4,-0.707106781186548,0,-0,zero-return
70,131,2,2,3,2,3,2,16,2,3,2,3,4,0.418330013267038,0,0,zero-return
70,131,2,2,3,2,3,2,16,2,3,2,3,6,-0.894427190999916,0,-0,zero-return
70,131,2,2,3,2,3,2,16,2,3,2,3,4,0.418330013267038,0,0,zero-return
70,131,2,2,3,2,3,2,16,2,3,2,3,6,-0.894427190999916,0,-0,zero-return
70,131,2,2,3,2,3,2,16,2,3,2,3,4,0.418330013267038,0,0,zero-return
70,131,2,2,3,2,3,2,16,2,3,2,3,6,-0.894427190999916,0,-0,zero-return
70,131,2,2,3,2,3,2,16,2,3,2,3,4,0.418330013267038,0,0,zero-return
70,131,2,2,3,2,3,2,16,2,3,2,3,6,-0.894427190999916,0,-0,zero-return
70,131,2,2,3,2,3,2,16,2,3,2,3,4,0.418330013267038,0,0,zero-return
70,131,2,2,3,2,3,2,16,2,3,2,3,6,-0.894427190999916,0,-0,zero-return
71,17,2,4,2,2,4,2,16,2,1,2,1,2,-0.866025403784439,0,-0,zero-return
71,17,2,4,2,2,4,2,16,2,1,2,1,4,0.193649167310371,0,0,zero-return
71,17,2,4,2,2,4,2,16,2,1,2,1,2,-0.866025403784439,0,-0,zero-return
71,17,2,4,2,2,4,2,16,2,1,2,1,4,0.193649167310371,0,0,zero-return
71,17,2,4,2,2,4,2,16,2,1,2,1,2,-0.866025403784439,0,-0,zero-return
71,17,2,4,2,2,4,2,16,2,1,2,1,4,0.193649167310371,0,0,zero-return
71,19,2,4,4,2,4,2,16,2,1,2,1,4,-0.866025403784439,0,-0,zero-return
71,19,2,4,4,2,4,2,16,2,1,2,1,4,-0.866025403784439,0,-0,zero-return
71,19,2,4,4,2,4,2,16,2,1,2,1,4,-0.866025403784439,0,-0,zero-return
71,37,2,4,3,2,3,2,16,2,1,2,1,2,-0.866025403784439,0,-0,zero-return
71,37,2,4,3,2,3,2,16,2,1,2,1,4,0.193649167310371,0,0,zero-return
71,37,2,4,3,2,3,2,16,2,1,2,1,2,-0.866025403784439,0,-0,zero-return
71,37,2,4,3,2,3,2,16,2,1,2,1,4,0.193649167310371,0,0,zero-return
71,37,2,4,3,2,3,2,16,2,1,2,1,2,-0.866025403784439,0,-0,zero-return
71,37,2,4,3,2,3,2,16,2,1,2,1,4,0.193649167310371,0,0,zero-return
71,37,2,4,3,2,3,2,16,2,1,2,1,2,-0.866025403784439,0,-0,zero-return
71,37,2,4,3,2,3,2,16,2,1,2,1,4,0.193649167310371,0,0,zero-return
71,37,2,4,3,2,3,2,16,2,1,2,1,2,-0.866025403784439,0,-0,zero-return
71,37,2,4,3,2,3,2,16,2,1,2,1,4,0.193649167310371,0,0,zero-return
71,38,2,4,3,2,5,2,16,2,1,2,1,2,-0.866025403784439,0,-0,zero-return
71,38,2,4,3,2,5,2,16,2,1,2,1,4,0.193649167310371,0,0,zero-return
71,38,2,4,3,2,5,2,16,2,1,2,1,2,-0.866025403784439,0,-0,zero-return
71,38,2,4,3,2,5,2,16,2,1,2,1,4,0.193649167310371,0,0,zero-return
71,38,2,4,3,2,5,2,16,2,1,2,1,2,-0.866025403784439,0,-0,zero-return
71,38,2,4,3,2,5,2,16,2,1,2,1,4,0.193649167310371,0,0,zero-return
71,53,2,4,5,2,3,2,16,2,1,2,1,4,-0.866025403784439,0,-0,zero-return
71,53,2,4,5,2,3,2,16,2,1,2,1,4,-0.866025403784439,0,-0,zero-return
71,53,2,4,5,2,3,2,16,2,1,2,1,4,-0.866025403784439,0,-0,zero-return
71,53,2,4,5,2,3,2,16,2,1,2,1,4,-0.866025403784439,0,-0,zero-return
71,53,2,4,5,2,3,2,16,2,1,2,1,4,-0.866025403784439,0,-0,zero-return
71,54,2,4,5,2,5,2,16,2,1,2,1,4,-0.866025403784439,0,-0,zero-return
71,54,2,4,5,2,5,2,16,2,1,2,1,4,-0.866025403784439,0,-0,zero-return
71,54,2,4,5,2,5,2,16,2,1,2,1,4,-0.866025403784439,0,-0,zero-return
71,70,2,4,2,2,2,2,16,2,2,2,2,2,-0.707106781186548,0,-0,zero-return
71,70,2,4,2,2,2,2,16,2,2,2,2,4,1.06066017177982,0,0,zero-return
71,70,2,4,2,2,2,2,16,2,2,2,2,6,-0.707106781186548,0,-0,zero-return
71,70,2,4,2,2,2,2,16,2,2,2,2,2,-0.707106781186548,0,-0,zero-return
71,70,2,4,2,2,2,2,16,2,2,2,2,4,1.06066017177982,0,0,zero-return
71,70,2,4,2,2,2,2,16,2,2,2,2,6,-0.707106781186548,0,-0,zero-return
71,70,2,4,2,2,2,2,16,2,2,2,2,2,-0.707106781186548,0,-0,zero-return
71,70,2,4,2,2,2,2,16,2,2,2,2,4,1.06066017177982,0,0,zero-return
71,70,2,4,2,2,2,2,16,2,2,2,2,6,-0.707106781186548,0,-0,zero-return
71,70,2,4,2,2,2,2,16,2,2,2,2,2,-0.707106781186548,0,-0,zero-return
71,70,2,4,2,2,2,2,16,2,2,2,2,4,1.06066017177982,0,0,zero-return
71,70,2,4,2,2,2,2,16,2,2,2,2,6,-0.707106781186548,0,-0,zero-return
71,70,2,4,2,2,2,2,16,2,2,2,2,2,-0.707106781186548,0,-0,zero-return
71,70,2,4,2,2,2,2,16,2,2,2,2,4,1.06066017177982,0,0,zero-return
71,70,2,4,2,2,2,2,16,2,2,2,2,6,-0.707106781186548,0,-0,zero-return
71,70,2,4,2,2,2,2,16,2,2,2,2,2,-0.707106781186548,0,-0,zero-return
71,70,2,4,2,2,2,2,16,2,2,2,2,4,1.06066017177982,0,0,zero-return
71,70,2,4,2,2,2,2,16,2,2,2,2,6,-0.707106781186548,0,-0,zero-return
71,70,2,4,2,2,2,2,16,2,2,2,2,2,-0.707106781186548,0,-0,zero-return
71,70,2,4,2,2,2,2,16,2,2,2,2,4,1.06066017177982,0,0,zero-return
71,70,2,4,2,2,2,2,16,2,2,2,2,6,-0.707106781186548,0,-0,zero-return
71,71,2,4,2,2,4,2,16,2,2,2,2,2,-0.5,0,-0,zero-return
71,71,2,4,2,2,4,2,16,2,2,2,2,4,0.75,0,0,zero-return
71,71,2,4,2,2,4,2,16,2,2,2,2,6,-0.5,0,-0,zero-return
71,71,2,4,2,2,4,2,16,2,2,2,2,2,-0.5,0,-0,zero-return
71,71,2,4,2,2,4,2,16,2,2,2,2,4,0.75,0,0,zero-return
71,71,2,4,2,2,4,2,16,2,2,2,2,6,-0.5,0,-0,zero-return
71,71,2,4,2,2,4,2,16,2,2,2,2,2,-0.5,0,-0,zero-return
71,71,2,4,2,2,4,2,16,2,2,2,2,4,0.75,0,0,zero-return
71,71,2,4,2,2,4,2,16,2,2,2,2,6,-0.5,0,-0,zero-return
71,76,2,4,4,2,2,2,16,2,2,2,2,4,-0.707106781186548,0,-0,zero-return
71,76,2,4,4,2,2,2,16,2,2,2,2,4,-0.707106781186548,0,-0,zero-return
71,76,2,4,4,2,2,2,16,2,2,2,2,4,-0.707106781186548,0,-0,zero-return
71,76,2,4,4,2,2,2,16,2,2,2,2,4,-0.707106781186548,0,-0,zero-return
71,76,2,4,4,2,2,2,16,2,2,2,2,4,-0.707106781186548,0,-0,zero-return
71,76,2,4,4,2,2,2,16,2,2,2,2,4,-0.707106781186548,0,-0,zero-return
71,76,2,4,4,2,2,2,16,2,2,2,2,4,-0.707106781186548,0,-0,zero-return
71,77,2,4,4,2,4,2,16,2,2,2,2,4,-0.5,0,-0,zero-return
71,77,2,4,4,2,4,2,16,2,2,2,2,4,-0.5,0,-0,zero-return
71,77,2,4,4,2,4,2,16,2,2,2,2,4,-0.5,0,-0,zero-return
71,96,2,4,3,2,3,2,16,2,2,2,2,2,-0.5,0,-0,zero-return
71,96,2,4,3,2,3,2,16,2,2,2,2,4,0.75,0,0,zero-return
71,96,2,4,3,2,3,2,16,2,2,2,2,6,-0.5,0,-0,zero-return
71,96,2,4,3,2,3,2,16,2,2,2,2,2,-0.5,0,-0,zero-return
71,96,2,4,3,2,3,2,16,2,2,2,2,4,0.75,0,0,zero-return
71,96,2,4,3,2,3,2,16,2,2,2,2,6,-0.5,0,-0,zero-return
71,96,2,4,3,2,3,2,16,2,2,2,2,2,-0.5,0,-0,zero-return
71,96,2,4,3,2,3,2,16,2,2,2,2,4,0.75,0,0,zero-return
71,96,2,4,3,2,3,2,16,2,2,2,2,6,-0.5,0,-0,zero-return
71,96,2,4,3,2,3,2,16,2,2,2,2,2,-0.5,0,-0,zero-return
71,96,2,4,3,2,3,2,16,2,2,2,2,4,0.75,0,0,zero-return
71,96,2,4,3,2,3,2,16,2,2,2,2,6,-0.5,0,-0,zero-return
71,96,2,4,3,2,3,2,16,2,2,2,2,2,-0.5,0,-0,zero-return
71,96,2,4,3,2,3,2,16,2,2,2,2,4,0.75,0,0,zero-return
71,96,2,4,3,2,3,2,16,2,2,2,2,6,-0.5,0,-0,zero-return
71,96,2,4,3,2,3,2,16,2,2,2,2,2,-0.5,0,-0,zero-return
71,96,2,4,3,2,3,2,16,2,2,2,2,4,0.75,0,0,zero-return
71,96,2,4,3,2,3,2,16,2,2,2,2,6,-0.5,0,-0,zero-return
71,96,2,4,3,2,3,2,16,2,2,2,2,2,-0.5,0,-0,zero-return
71,96,2,4,3,2,3,2,16,2,2,2,2,4,0.75,0,0,zero-return
71,96,2,4,3,2,3,2,16,2,2,2,2,6,-0.5,0,-0,zero-return
71,97,2,4,3,2,5,2,16,2,2,2,2,2,-0.5,0,-0,zero-return
71,97,2,4,3,2,5,2,16,2,2,2,2,4,0.75,0,0,zero-return
71,97,2,4,3,2,5,2,16,2,2,2,2,6,-0.5,0,-0,zero-return
71,97,2,4,3,2,5,2,16,2,2,2,2,2,-0.5,0,-0,zero-return
71,97,2,4,3,2,5,2,16,2,2,2,2,4,0.75,0,0,zero-return
71,97,2,4,3,2,5,2,16,2,2,2,2,6,-0.5,0,-0,zero-return
71,97,2,4,3,2,5,2,16,2,2,2,2,2,-0.5,0,-0,zero-return
71,97,2,4,3,2,5,2,16,2,2,2,2,4,0.75,0,0,zero-return
71,97,2,4,3,2,5,2,16,2,2,2,2,6,-0.5,0,-0,zero-return
71,111,2,4,5,2,3,2,16,2,2,2,2,4,-0.5,0,-0,zero-return
71,111,2,4,5,2,3,2,16,2,2,2,2,4,-0.5,0,-0,zero-return
71,111,2,4,5,2,3,2,16,2,2,2,2,4,-0.5,0,-0,zero-return
71,111,2,4,5,2,3,2,16,2,2,2,2,4,-0.5,0,-0,zero-return
71,111,2,4,5,2,3,2,16,2,2,2,2,4,-0.5,0,-0,zero-return
71,111,2,4,5,2,3,2,16,2,2,2,2,4,-0.5,0,-0,zero-return
71,111,2,4,5,2,3,2,16,2,2,2,2,4,-0.5,0,-0,zero-return
71,112,2,4,5,2,5,2,16,2,2,2,2,4,-0.5,0,-0,zero-return
71,112,2,4,5,2,5,2,16,2,2,2,2,4,-0.5,0,-0,zero-return
71,112,2,4,5,2,5,2,16,2,2,2,2,4,-0.5,0,-0,zero-return
71,131,2,4,3,2,3,2,16,2,3,2,3,4,0.295803989154981,0,0,zero-return
71,131,2,4,3,2,3,2,16,2,3,2,3,6,-0.632455532033676,0,-0,zero-return
71,131,2,4,3,2,3,2,16,2,3,2,3,4,0.295803989154981,0,0,zero-return
71,131,2,4,3,2,3,2,16,2,3,2,3,6,-0.632455532033676,0,-0,zero-return
71,131,2,4,3,2,3,2,16,2,3,2,3,4,0.295803989154981,0,0,zero-return
71,131,2,4,3,2,3,2,16,2,3,2,3,6,-0.632455532033676,0,-0,zero-return
71,131,2,4,3,2,3,2,16,2,3,2,3,4,0.295803989154981,0,0,zero-return
71,131,2,4,3,2,3,2,16,2,3,2,3,6,-0.632455532033676,0,-0,zero-return
71,131,2,4,3,2,3,2,16,2,3,2,3,4,0.295803989154981,0,0,zero-return
71,131,2,4,3,2,3,2,16,2,3,2,3,6,-0.632455532033676,0,-0,zero-return
72,18,2,2,2,2,4,2,18,2,1,2,1,2,1.36930639376292,0,0,zero-return
72,18,2,2,2,2,4,2,18,2,1,2,1,4,-1.22474487139159,0,-0,zero-return
72,18,2,2,2,2,4,2,18,2,1,2,1,2,1.36930639376292,0,0,zero-return
72,18,2,2,2,2,4,2,18,2,1,2,1,4,-1.22474487139159,0,-0,zero-return
72,18,2,2,2,2,4,2,18,2,1,2,1,2,1.36930639376292,0,0,zero-return
72,18,2,2,2,2,4,2,18,2,1,2,1,4,-1.22474487139159,0,-0,zero-return
72,20,2,2,4,2,4,2,18,2,1,2,1,4,0.866025403784439,0,0,zero-return
72,20,2,2,4,2,4,2,18,2,1,2,1,4,0.866025403784439,0,0,zero-return
72,20,2,2,4,2,4,2,18,2,1,2,1,4,0.866025403784439,0,0,zero-return
72,41,2,2,3,2,3,2,18,2,1,2,1,2,1.36930639376292,0,0,zero-return
72,41,2,2,3,2,3,2,18,2,1,2,1,4,-1.22474487139159,0,-0,zero-return
72,41,2,2,3,2,3,2,18,2,1,2,1,2,1.36930639376292,0,0,zero-return
72,41,2,2,3,2,3,2,18,2,1,2,1,4,-1.22474487139159,0,-0,zero-return
72,41,2,2,3,2,3,2,18,2,1,2,1,2,1.36930639376292,0,0,zero-return
72,41,2,2,3,2,3,2,18,2,1,2,1,4,-1.22474487139159,0,-0,zero-return
72,41,2,2,3,2,3,2,18,2,1,2,1,2,1.36930639376292,0,0,zero-return
72,41,2,2,3,2,3,2,18,2,1,2,1,4,-1.22474487139159,0,-0,zero-return
72,41,2,2,3,2,3,2,18,2,1,2,1,2,1.36930639376292,0,0,zero-return
72,41,2,2,3,2,3,2,18,2,1,2,1,4,-1.22474487139159,0,-0,zero-return
72,42,2,2,3,2,5,2,18,2,1,2,1,2,1.36930639376292,0,0,zero-return
72,42,2,2,3,2,5,2,18,2,1,2,1,4,-1.22474487139159,0,-0,zero-return
72,42,2,2,3,2,5,2,18,2,1,2,1,2,1.36930639376292,0,0,zero-return
72,42,2,2,3,2,5,2,18,2,1,2,1,4,-1.22474487139159,0,-0,zero-return
72,42,2,2,3,2,5,2,18,2,1,2,1,2,1.36930639376292,0,0,zero-return
72,42,2,2,3,2,5,2,18,2,1,2,1,4,-1.22474487139159,0,-0,zero-return
72,57,2,2,5,2,3,2,18,2,1,2,1,4,0.866025403784439,0,0,zero-return
72,57,2,2,5,2,3,2,18,2,1,2,1,4,0.866025403784439,0,0,zero-return
72,57,2,2,5,2,3,2,18,2,1,2,1,4,0.866025403784439,0,0,zero-return
72,57,2,2,5,2,3,2,18,2,1,2,1,4,0.866025403784439,0,0,zero-return
72,57,2,2,5,2,3,2,18,2,1,2,1,4,0.866025403784439,0,0,zero-return
72,58,2,2,5,2,5,2,18,2,1,2,1,4,0.866025403784439,0,0,zero-return
72,58,2,2,5,2,5,2,18,2,1,2,1,4,0.866025403784439,0,0,zero-return
72,58,2,2,5,2,5,2,18,2,1,2,1,4,0.866025403784439,0,0,zero-return
72,72,2,2,2,2,2,2,18,2,2,2,2,2,0.5,0,0,zero-return
72,72,2,2,2,2,2,2,18,2,2,2,2,4,-1,0,-0,zero-return
72,72,2,2,2,2,2,2,18,2,2,2,2,6,1.5,0,0,zero-return
72,72,2,2,2,2,2,2,18,2,2,2,2,2,0.5,0,0,zero-return
72,72,2,2,2,2,2,2,18,2,2,2,2,4,-1,0,-0,zero-return
72,72,2,2,2,2,2,2,18,2,2,2,2,6,1.5,0,0,zero-return
72,72,2,2,2,2,2,2,18,2,2,2,2,2,0.5,0,0,zero-return
72,72,2,2,2,2,2,2,18,2,2,2,2,4,-1,0,-0,zero-return
72,72,2,2,2,2,2,2,18,2,2,2,2,6,1.5,0,0,zero-return
72,72,2,2,2,2,2,2,18,2,2,2,2,2,0.5,0,0,zero-return
72,72,2,2,2,2,2,2,18,2,2,2,2,4,-1,0,-0,zero-return
72,72,2,2,2,2,2,2,18,2,2,2,2,6,1.5,0,0,zero-return
72,72,2,2,2,2,2,2,18,2,2,2,2,2,0.5,0,0,zero-return
72,72,2,2,2,2,2,2,18,2,2,2,2,4,-1,0,-0,zero-return
72,72,2,2,2,2,2,2,18,2,2,2,2,6,1.5,0,0,zero-return
72,72,2,2,2,2,2,2,18,2,2,2,2,2,0.5,0,0,zero-return
72,72,2,2,2,2,2,2,18,2,2,2,2,4,-1,0,-0,zero-return
72,72,2,2,2,2,2,2,18,2,2,2,2,6,1.5,0,0,zero-return
72,72,2,2,2,2,2,2,18,2,2,2,2,2,0.5,0,0,zero-return
72,72,2,2,2,2,2,2,18,2,2,2,2,4,-1,0,-0,zero-return
72,72,2,2,2,2,2,2,18,2,2,2,2,6,1.5,0,0,zero-return
72,73,2,2,2,2,4,2,18,2,2,2,2,2,0.353553390593274,0,0,zero-return
72,73,2,2,2,2,4,2,18,2,2,2,2,4,-0.707106781186548,0,-0,zero-return
72,73,2,2,2,2,4,2,18,2,2,2,2,6,1.06066017177982,0,0,zero-return
72,73,2,2,2,2,4,2,18,2,2,2,2,2,0.353553390593274,0,0,zero-return
72,73,2,2,2,2,4,2,18,2,2,2,2,4,-0.707106781186548,0,-0,zero-return
72,73,2,2,2,2,4,2,18,2,2,2,2,6,1.06066017177982,0,0,zero-return
72,73,2,2,2,2,4,2,18,2,2,2,2,2,0.353553390593274,0,0,zero-return
72,73,2,2,2,2,4,2,18,2,2,2,2,4,-0.707106781186548,0,-0,zero-return
72,73,2,2,2,2,4,2,18,2,2,2,2,6,1.06066017177982,0,0,zero-return
72,99,2,2,3,2,3,2,18,2,2,2,2,2,0.353553390593274,0,0,zero-return
72,99,2,2,3,2,3,2,18,2,2,2,2,4,-0.707106781186548,0,-0,zero-return
72,99,2,2,3,2,3,2,18,2,2,2,2,6,1.06066017177982,0,0,zero-return
72,99,2,2,3,2,3,2,18,2,2,2,2,2,0.353553390593274,0,0,zero-return
72,99,2,2,3,2,3,2,18,2,2,2,2,4,-0.707106781186548,0,-0,zero-return
72,99,2,2,3,2,3,2,18,2,2,2,2,6,1.06066017177982,0,0,zero-return
72,99,2,2,3,2,3,2,18,2,2,2,2,2,0.353553390593274,0,0,zero-return
72,99,2,2,3,2,3,2,18,2,2,2,2,4,-0.707106781186548,0,-0,zero-return
72,99,2,2,3,2,3,2,18,2,2,2,2,6,1.06066017177982,0,0,zero-return
72,99,2,2,3,2,3,2,18,2,2,2,2,2,0.353553390593274,0,0,zero-return
72,99,2,2,3,2,3,2,18,2,2,2,2,4,-0.707106781186548,0,-0,zero-return
72,99,2,2,3,2,3,2,18,2,2,2,2,6,1.06066017177982,0,0,zero-return
72,99,2,2,3,2,3,2,18,2,2,2,2,2,0.353553390593274,0,0,zero-return
72,99,2,2,3,2,3,2,18,2,2,2,2,4,-0.707106781186548,0,-0,zero-return
72,99,2,2,3,2,3,2,18,2,2,2,2,6,1.06066017177982,0,0,zero-return
72,99,2,2,3,2,3,2,18,2,2,2,2,2,0.353553390593274,0,0,zero-return
72,99,2,2,3,2,3,2,18,2,2,2,2,4,-0.707106781186548,0,-0,zero-return
72,99,2,2,3,2,3,2,18,2,2,2,2,6,1.06066017177982,0,0,zero-return
72,99,2,2,3,2,3,2,18,2,2,2,2,2,0.353553390593274,0,0,zero-return
72,99,2,2,3,2,3,2,18,2,2,2,2,4,-0.707106781186548,0,-0,zero-return
72,99,2,2,3,2,3,2,18,2,2,2,2,6,1.06066017177982,0,0,zero-return
72,100,2,2,3,2,5,2,18,2,2,2,2,2,0.353553390593274,0,0,zero-return
72,100,2,2,3,2,5,2,18,2,2,2,2,4,-0.707106781186548,0,-0,zero-return
72,100,2,2,3,2,5,2,18,2,2,2,2,6,1.06066017177982,0,0,zero-return
72,100,2,2,3,2,5,2,18,2,2,2,2,2,0.353553390593274,0,0,zero-return
72,100,2,2,3,2,5,2,18,2,2,2,2,4,-0.707106781186548,0,-0,zero-return
72,100,2,2,3,2,5,2,18,2,2,2,2,6,1.06066017177982,0,0,zero-return
72,100,2,2,3,2,5,2,18,2,2,2,2,2,0.353553390593274,0,0,zero-return
72,100,2,2,3,2,5,2,18,2,2,2,2,4,-0.707106781186548,0,-0,zero-return
72,100,2,2,3,2,5,2,18,2,2,2,2,6,1.06066017177982,0,0,zero-return
73,18,2,4,2,2,4,2,18,2,1,2,1,2,0.968245836551854,0,0,zero-return
73,18,2,4,2,2,4,2,18,2,1,2,1,4,-0.866025403784439,0,-0,zero-return
73,18,2,4,2,2,4,2,18,2,1,2,1,2,0.968245836551854,0,0,zero-return
73,18,2,4,2,2,4,2,18,2,1,2,1,4,-0.866025403784439,0,-0,zero-return
73,18,2,4,2,2,4,2,18,2,1,2,1,2,0.968245836551854,0,0,zero-return
73,18,2,4,2,2,4,2,18,2,1,2,1,4,-0.866025403784439,0,-0,zero-return
73,20,2,4,4,2,4,2,18,2,1,2,1,4,0.612372435695794,0,0,zero-return
73,20,2,4,4,2,4,2,18,2,1,2,1,4,0.612372435695794,0,0,zero-return
73,20,2,4,4,2,4,2,18,2,1,2,1,4,0.612372435695794,0,0,zero-return
73,41,2,4,3,2,3,2,18,2,1,2,1,2,0.968245836551854,0,0,zero-return
73,41,2,4,3,2,3,2,18,2,1,2,1,4,-0.866025403784439,0,-0,zero-return
73,41,2,4,3,2,3,2,18,2,1,2,1,2,0.968245836551854,0,0,zero-return
73,41,2,4,3,2,3,2,18,2,1,2,1,4,-0.866025403784439,0,-0,zero-return
73,41,2,4,3,2,3,2,18,2,1,2,1,2,0.968245836551854,0,0,zero-return
73,41,2,4,3,2,3,2,18,2,1,2,1,4,-0.866025403784439,0,-0,zero-return
73,41,2,4,3,2,3,2,18,2,1,2,1,2,0.968245836551854,0,0,zero-return
73,41,2,4,3,2,3,2,18,2,1,2,1,4,-0.866025403784439,0,-0,zero-return
73,41,2,4,3,2,3,2,18,2,1,2,1,2,0.968245836551854,0,0,zero-return
73,41,2,4,3,2,3,2,18,2,1,2,1,4,-0.866025403784439,0,-0,zero-return
73,42,2,4,3,2,5,2,18,2,1,2,1,2,0.968245836551854,0,0,zero-return
73,42,2,4,3,2,5,2,18,2,1,2,1,4,-0.866025403784439,0,-0,zero-return
73,42,2,4,3,2,5,2,18,2,1,2,1,2,0.968245836551854,0,0,zero-return
73,42,2,4,3,2,5,2,18,2,1,2,1,4,-0.866025403784439,0,-0,zero-return
73,42,2,4,3,2,5,2,18,2,1,2,1,2,0.968245836551854,0,0,zero-return
73,42,2,4,3,2,5,2,18,2,1,2,1,4,-0.866025403784439,0,-0,zero-return
73,57,2,4,5,2,3,2,18,2,1,2,1,4,0.612372435695794,0,0,zero-return
73,57,2,4,5,2,3,2,18,2,1,2,1,4,0.612372435695794,0,0,zero-return
73,57,2,4,5,2,3,2,18,2,1,2,1,4,0.612372435695794,0,0,zero-return
73,57,2,4,5,2,3,2,18,2,1,2,1,4,0.612372435695794,0,0,zero-return
73,57,2,4,5,2,3,2,18,2,1,2,1,4,0.612372435695794,0,0,zero-return
73,58,2,4,5,2,5,2,18,2,1,2,1,4,0.612372435695794,0,0,zero-return
73,58,2,4,5,2,5,2,18,2,1,2,1,4,0.612372435695794,0,0,zero-return
73,58,2,4,5,2,5,2,18,2,1,2,1,4,0.612372435695794,0,0,zero-return
73,72,2,4,2,2,2,2,18,2,2,2,2,2,0.353553390593274,0,0,zero-return
73,72,2,4,2,2,2,2,18,2,2,2,2,4,-0.707106781186548,0,-0,zero-return
73,72,2,4,2,2,2,2,18,2,2,2,2,6,1.06066017177982,0,0,zero-return
73,72,2,4,2,2,2,2,18,2,2,2,2,2,0.353553390593274,0,0,zero-return
73,72,2,4,2,2,2,2,18,2,2,2,2,4,-0.707106781186548,0,-0,zero-return
73,72,2,4,2,2,2,2,18,2,2,2,2,6,1.06066017177982,0,0,zero-return
73,72,2,4,2,2,2,2,18,2,2,2,2,2,0.353553390593274,0,0,zero-return
73,72,2,4,2,2,2,2,18,2,2,2,2,4,-0.707106781186548,0,-0,zero-return
73,72,2,4,2,2,2,2,18,2,2,2,2,6,1.06066017177982,0,0,zero-return
73,72,2,4,2,2,2,2,18,2,2,2,2,2,0.353553390593274,0,0,zero-return
73,72,2,4,2,2,2,2,18,2,2,2,2,4,-0.707106781186548,0,-0,zero-return
73,72,2,4,2,2,2,2,18,2,2,2,2,6,1.06066017177982,0,0,zero-return
73,72,2,4,2,2,2,2,18,2,2,2,2,2,0.353553390593274,0,0,zero-return
73,72,2,4,2,2,2,2,18,2,2,2,2,4,-0.707106781186548,0,-0,zero-return
73,72,2,4,2,2,2,2,18,2,2,2,2,6,1.06066017177982,0,0,zero-return
73,72,2,4,2,2,2,2,18,2,2,2,2,2,0.353553390593274,0,0,zero-return
73,72,2,4,2,2,2,2,18,2,2,2,2,4,-0.707106781186548,0,-0,zero-return
73,72,2,4,2,2,2,2,18,2,2,2,2,6,1.06066017177982,0,0,zero-return
73,72,2,4,2,2,2,2,18,2,2,2,2,2,0.353553390593274,0,0,zero-return
73,72,2,4,2,2,2,2,18,2,2,2,2,4,-0.707106781186548,0,-0,zero-return
73,72,2,4,2,2,2,2,18,2,2,2,2,6,1.06066017177982,0,0,zero-return
73,73,2,4,2,2,4,2,18,2,2,2,2,2,0.25,0,0,zero-return
73,73,2,4,2,2,4,2,18,2,2,2,2,4,-0.5,0,-0,zero-return
73,73,2,4,2,2,4,2,18,2,2,2,2,6,0.75,0,0,zero-return
73,73,2,4,2,2,4,2,18,2,2,2,2,2,0.25,0,0,zero-return
73,73,2,4,2,2,4,2,18,2,2,2,2,4,-0.5,0,-0,zero-return
73,73,2,4,2,2,4,2,18,2,2,2,2,6,0.75,0,0,zero-return
73,73,2,4,2,2,4,2,18,2,2,2,2,2,0.25,0,0,zero-return
73,73,2,4,2,2,4,2,18,2,2,2,2,4,-0.5,0,-0,zero-return
73,73,2,4,2,2,4,2,18,2,2,2,2,6,0.75,0,0,zero-return
73,99,2,4,3,2,3,2,18,2,2,2,2,2,0.25,0,0,zero-return
73,99,2,4,3,2,3,2,18,2,2,2,2,4,-0.5,0,-0,zero-return
73,99,2,4,3,2,3,2,18,2,2,2,2,6,0.75,0,0,zero-return
73,99,2,4,3,2,3,2,18,2,2,2,2,2,0.25,0,0,zero-return
73,99,2,4,3,2,3,2,18,2,2,2,2,4,-0.5,0,-0,zero-return
73,99,2,4,3,2,3,2,18,2,2,2,2,6,0.75,0,0,zero-return
73,99,2,4,3,2,3,2,18,2,2,2,2,2,0.25,0,0,zero-return
73,99,2,4,3,2,3,2,18,2,2,2,2,4,-0.5,0,-0,zero-return
73,99,2,4,3,2,3,2,18,2,2,2,2,6,0.75,0,0,zero-return
73,99,2,4,3,2,3,2,18,2,2,2,2,2,0.25,0,0,zero-return
73,99,2,4,3,2,3,2,18,2,2,2,2,4,-0.5,0,-0,zero-return
73,99,2,4,3,2,3,2,18,2,2,2,2,6,0.75,0,0,zero-return
73,99,2,4,3,2,3,2,18,2,2,2,2,2,0.25,0,0,zero-return
73,99,2,4,3,2,3,2,18,2,2,2,2,4,-0.5,0,-0,zero-return
73,99,2,4,3,2,3,2,18,2,2,2,2,6,0.75,0,0,zero-return
73,99,2,4,3,2,3,2,18,2,2,2,2,2,0.25,0,0,zero-return
73,99,2,4,3,2,3,2,18,2,2,2,2,4,-0.5,0,-0,zero-return
73,99,2,4,3,2,3,2,18,2,2,2,2,6,0.75,0,0,zero-return
73,99,2,4,3,2,3,2,18,2,2,2,2,2,0.25,0,0,zero-return
73,99,2,4,3,2,3,2,18,2,2,2,2,4,-0.5,0,-0,zero-return
73,99,2,4,3,2,3,2,18,2,2,2,2,6,0.75,0,0,zero-return
73,100,2,4,3,2,5,2,18,2,2,2,2,2,0.25,0,0,zero-return
73,100,2,4,3,2,5,2,18,2,2,2,2,4,-0.5,0,-0,zero-return
73,100,2,4,3,2,5,2,18,2,2,2,2,6,0.75,0,0,zero-return
73,100,2,4,3,2,5,2,18,2,2,2,2,2,0.25,0,0,zero-return
73,100,2,4,3,2,5,2,18,2,2,2,2,4,-0.5,0,-0,zero-return
73,100,2,4,3,2,5,2,18,2,2,2,2,6,0.75,0,0,zero-return
73,100,2,4,3,2,5,2,18,2,2,2,2,2,0.25,0,0,zero-return
73,100,2,4,3,2,5,2,18,2,2,2,2,4,-0.5,0,-0,zero-return
73,100,2,4,3,2,5,2,18,2,2,2,2,6,0.75,0,0,zero-return
74,36,2,2,3,4,5,4,14,2,1,2,1,2,-1.4142135623731,0,-0,zero-return
75,36,2,4,3,4,5,4,14,2,1,2,1,2,-1,0,-0,zero-return
76,40,2,2,3,4,5,4,16,2,1,2,1,2,0.866025403784439,0,0,zero-return
77,40,2,4,3,4,5,4,16,2,1,2,1,2,0.612372435695794,0,0,zero-return
78,78,2,3,2,2,3,2,13,2,2,2,2,2,-1,0,-0,zero-return
78,78,2,3,2,2,3,2,13,2,2,2,2,4,-0.5,0,-0,zero-return
78,78,2,3,2,2,3,2,13,2,2,2,2,6,-0.142857142857143,0,-0,zero-return
78,78,2,3,2,2,3,2,13,2,2,2,2,2,-1,0,-0,zero-return
78,78,2,3,2,2,3,2,13,2,2,2,2,4,-0.5,0,-0,zero-return
78,78,2,3,2,2,3,2,13,2,2,2,2,6,-0.142857142857143,0,-0,zero-return
78,78,2,3,2,2,3,2,13,2,2,2,2,2,-1,0,-0,zero-return
78,78,2,3,2,2,3,2,13,2,2,2,2,4,-0.5,0,-0,zero-return
78,78,2,3,2,2,3,2,13,2,2,2,2,6,-0.142857142857143,0,-0,zero-return
78,78,2,3,2,2,3,2,13,2,2,2,2,2,-1,0,-0,zero-return
78,78,2,3,2,2,3,2,13,2,2,2,2,4,-0.5,0,-0,zero-return
78,78,2,3,2,2,3,2,13,2,2,2,2,6,-0.142857142857143,0,-0,zero-return
78,78,2,3,2,2,3,2,13,2,2,2,2,2,-1,0,-0,zero-return
78,78,2,3,2,2,3,2,13,2,2,2,2,4,-0.5,0,-0,zero-return
78,78,2,3,2,2,3,2,13,2,2,2,2,6,-0.142857142857143,0,-0,zero-return
78,78,2,3,2,2,3,2,13,2,2,2,2,2,-1,0,-0,zero-return
78,78,2,3,2,2,3,2,13,2,2,2,2,4,-0.5,0,-0,zero-return
78,78,2,3,2,2,3,2,13,2,2,2,2,6,-0.142857142857143,0,-0,zero-return
78,78,2,3,2,2,3,2,13,2,2,2,2,2,-1,0,-0,zero-return
78,78,2,3,2,2,3,2,13,2,2,2,2,4,-0.5,0,-0,zero-return
78,78,2,3,2,2,3,2,13,2,2,2,2,6,-0.142857142857143,0,-0,zero-return
78,79,2,3,2,2,5,2,13,2,2,2,2,2,-1,0,-0,zero-return
78,79,2,3,2,2,5,2,13,2,2,2,2,4,-0.5,0,-0,zero-return
78,79,2,3,2,2,5,2,13,2,2,2,2,6,-0.142857142857143,0,-0,zero-return
78,79,2,3,2,2,5,2,13,2,2,2,2,2,-1,0,-0,zero-return
78,79,2,3,2,2,5,2,13,2,2,2,2,4,-0.5,0,-0,zero-return
78,79,2,3,2,2,5,2,13,2,2,2,2,6,-0.142857142857143,0,-0,zero-return
78,79,2,3,2,2,5,2,13,2,2,2,2,2,-1,0,-0,zero-return
78,79,2,3,2,2,5,2,13,2,2,2,2,4,-0.5,0,-0,zero-return
78,79,2,3,2,2,5,2,13,2,2,2,2,6,-0.142857142857143,0,-0,zero-return
78,126,2,3,2,2,3,2,13,2,3,2,3,4,0.866025403784439,0,0,zero-return
78,126,2,3,2,2,3,2,13,2,3,2,3,6,0.462910049886276,0,0,zero-return
78,126,2,3,2,2,3,2,13,2,3,2,3,4,0.866025403784439,0,0,zero-return
78,126,2,3,2,2,3,2,13,2,3,2,3,6,0.462910049886276,0,0,zero-return
78,126,2,3,2,2,3,2,13,2,3,2,3,4,0.866025403784439,0,0,zero-return
78,126,2,3,2,2,3,2,13,2,3,2,3,6,0.462910049886276,0,0,zero-return
78,126,2,3,2,2,3,2,13,2,3,2,3,4,0.866025403784439,0,0,zero-return
78,126,2,3,2,2,3,2,13,2,3,2,3,6,0.462910049886276,0,0,zero-return
78,126,2,3,2,2,3,2,13,2,3,2,3,4,0.866025403784439,0,0,zero-return
78,126,2,3,2,2,3,2,13,2,3,2,3,6,0.462910049886276,0,0,zero-return
79,78,2,5,2,2,3,2,13,2,2,2,2,2,-1,0,-0,zero-return
79,78,2,5,2,2,3,2,13,2,2,2,2,4,-0.5,0,-0,zero-return
79,78,2,5,2,2,3,2,13,2,2,2,2,6,-0.142857142857143,0,-0,zero-return
79,78,2,5,2,2,3,2,13,2,2,2,2,2,-1,0,-0,zero-return
79,78,2,5,2,2,3,2,13,2,2,2,2,4,-0.5,0,-0,zero-return
79,78,2,5,2,2,3,2,13,2,2,2,2,6,-0.142857142857143,0,-0,zero-return
79,78,2,5,2,2,3,2,13,2,2,2,2,2,-1,0,-0,zero-return
79,78,2,5,2,2,3,2,13,2,2,2,2,4,-0.5,0,-0,zero-return
79,78,2,5,2,2,3,2,13,2,2,2,2,6,-0.142857142857143,0,-0,zero-return
79,78,2,5,2,2,3,2,13,2,2,2,2,2,-1,0,-0,zero-return
79,78,2,5,2,2,3,2,13,2,2,2,2,4,-0.5,0,-0,zero-return
79,78,2,5,2,2,3,2,13,2,2,2,2,6,-0.142857142857143,0,-0,zero-return
79,78,2,5,2,2,3,2,13,2,2,2,2,2,-1,0,-0,zero-return
79,78,2,5,2,2,3,2,13,2,2,2,2,4,-0.5,0,-0,zero-return
79,78,2,5,2,2,3,2,13,2,2,2,2,6,-0.142857142857143,0,-0,zero-return
79,78,2,5,2,2,3,2,13,2,2,2,2,2,-1,0,-0,zero-return
79,78,2,5,2,2,3,2,13,2,2,2,2,4,-0.5,0,-0,zero-return
79,78,2,5,2,2,3,2,13,2,2,2,2,6,-0.142857142857143,0,-0,zero-return
79,78,2,5,2,2,3,2,13,2,2,2,2,2,-1,0,-0,zero-return
79,78,2,5,2,2,3,2,13,2,2,2,2,4,-0.5,0,-0,zero-return
79,78,2,5,2,2,3,2,13,2,2,2,2,6,-0.142857142857143,0,-0,zero-return
79,79,2,5,2,2,5,2,13,2,2,2,2,2,-1,0,-0,zero-return
79,79,2,5,2,2,5,2,13,2,2,2,2,4,-0.5,0,-0,zero-return
79,79,2,5,2,2,5,2,13,2,2,2,2,6,-0.142857142857143,0,-0,zero-return
79,79,2,5,2,2,5,2,13,2,2,2,2,2,-1,0,-0,zero-return
79,79,2,5,2,2,5,2,13,2,2,2,2,4,-0.5,0,-0,zero-return
79,79,2,5,2,2,5,2,13,2,2,2,2,6,-0.142857142857143,0,-0,zero-return
79,79,2,5,2,2,5,2,13,2,2,2,2,2,-1,0,-0,zero-return
79,79,2,5,2,2,5,2,13,2,2,2,2,4,-0.5,0,-0,zero-return
79,79,2,5,2,2,5,2,13,2,2,2,2,6,-0.142857142857143,0,-0,zero-return
79,126,2,5,2,2,3,2,13,2,3,2,3,4,0.866025403784439,0,0,zero-return
79,126,2,5,2,2,3,2,13,2,3,2,3,6,0.462910049886276,0,0,zero-return
79,126,2,5,2,2,3,2,13,2,3,2,3,4,0.866025403784439,0,0,zero-return
79,126,2,5,2,2,3,2,13,2,3,2,3,6,0.462910049886276,0,0,zero-return
79,126,2,5,2,2,3,2,13,2,3,2,3,4,0.866025403784439,0,0,zero-return
79,126,2,5,2,2,3,2,13,2,3,2,3,6,0.462910049886276,0,0,zero-return
79,126,2,5,2,2,3,2,13,2,3,2,3,4,0.866025403784439,0,0,zero-return
79,126,2,5,2,2,3,2,13,2,3,2,3,6,0.462910049886276,0,0,zero-return
79,126,2,5,2,2,3,2,13,2,3,2,3,4,0.866025403784439,0,0,zero-return
79,126,2,5,2,2,3,2,13,2,3,2,3,6,0.462910049886276,0,0,zero-return
80,78,3,4,2,2,3,2,13,2,2,2,2,2,-1,0,-0,zero-return
80,78,3,4,2,2,3,2,13,2,2,2,2,4,-0.5,0,-0,zero-return
80,78,3,4,2,2,3,2,13,2,2,2,2,6,-0.142857142857143,0,-0,zero-return
80,78,3,4,2,2,3,2,13,2,2,2,2,2,-1,0,-0,zero-return
80,78,3,4,2,2,3,2,13,2,2,2,2,4,-0.5,0,-0,zero-return
80,78,3,4,2,2,3,2,13,2,2,2,2,6,-0.142857142857143,0,-0,zero-return
80,78,3,4,2,2,3,2,13,2,2,2,2,2,-1,0,-0,zero-return
80,78,3,4,2,2,3,2,13,2,2,2,2,4,-0.5,0,-0,zero-return
80,78,3,4,2,2,3,2,13,2,2,2,2,6,-0.142857142857143,0,-0,zero-return
80,78,3,4,2,2,3,2,13,2,2,2,2,2,-1,0,-0,zero-return
80,78,3,4,2,2,3,2,13,2,2,2,2,4,-0.5,0,-0,zero-return
80,78,3,4,2,2,3,2,13,2,2,2,2,6,-0.142857142857143,0,-0,zero-return
80,78,3,4,2,2,3,2,13,2,2,2,2,2,-1,0,-0,zero-return
80,78,3,4,2,2,3,2,13,2,2,2,2,4,-0.5,0,-0,zero-return
80,78,3,4,2,2,3,2,13,2,2,2,2,6,-0.142857142857143,0,-0,zero-return
80,78,3,4,2,2,3,2,13,2,2,2,2,2,-1,0,-0,zero-return
80,78,3,4,2,2,3,2,13,2,2,2,2,4,-0.5,0,-0,zero-return
80,78,3,4,2,2,3,2,13,2,2,2,2,6,-0.142857142857143,0,-0,zero-return
80,78,3,4,2,2,3,2,13,2,2,2,2,2,-1,0,-0,zero-return
80,78,3,4,2,2,3,2,13,2,2,2,2,4,-0.5,0,-0,zero-return
80,78,3,4,2,2,3,2,13,2,2,2,2,6,-0.142857142857143,0,-0,zero-return
80,79,3,4,2,2,5,2,13,2,2,2,2,2,-1,0,-0,zero-return
80,79,3,4,2,2,5,2,13,2,2,2,2,4,-0.5,0,-0,zero-return
80,79,3,4,2,2,5,2,13,2,2,2,2,6,-0.142857142857143,0,-0,zero-return
80,79,3,4,2,2,5,2,13,2,2,2,2,2,-1,0,-0,zero-return
80,79,3,4,2,2,5,2,13,2,2,2,2,4,-0.5,0,-0,zero-return
80,79,3,4,2,2,5,2,13,2,2,2,2,6,-0.142857142857143,0,-0,zero-return
80,79,3,4,2,2,5,2,13,2,2,2,2,2,-1,0,-0,zero-return
80,79,3,4,2,2,5,2,13,2,2,2,2,4,-0.5,0,-0,zero-return
80,79,3,4,2,2,5,2,13,2,2,2,2,6,-0.142857142857143,0,-0,zero-return
80,126,3,4,2,2,3,2,13,2,3,2,3,4,0.866025403784439,0,0,zero-return
80,126,3,4,2,2,3,2,13,2,3,2,3,6,0.462910049886276,0,0,zero-return
80,126,3,4,2,2,3,2,13,2,3,2,3,4,0.866025403784439,0,0,zero-return
80,126,3,4,2,2,3,2,13,2,3,2,3,6,0.462910049886276,0,0,zero-return
80,126,3,4,2,2,3,2,13,2,3,2,3,4,0.866025403784439,0,0,zero-return
80,126,3,4,2,2,3,2,13,2,3,2,3,6,0.462910049886276,0,0,zero-return
80,126,3,4,2,2,3,2,13,2,3,2,3,4,0.866025403784439,0,0,zero-return
80,126,3,4,2,2,3,2,13,2,3,2,3,6,0.462910049886276,0,0,zero-return
80,126,3,4,2,2,3,2,13,2,3,2,3,4,0.866025403784439,0,0,zero-return
80,126,3,4,2,2,3,2,13,2,3,2,3,6,0.462910049886276,0,0,zero-return
81,21,2,3,2,2,3,2,15,2,1,2,1,2,0.661437827766148,0,0,zero-return
81,21,2,3,2,2,3,2,15,2,1,2,1,4,0.591607978309962,0,0,zero-return
81,21,2,3,2,2,3,2,15,2,1,2,1,2,0.661437827766148,0,0,zero-return
81,21,2,3,2,2,3,2,15,2,1,2,1,4,0.591607978309962,0,0,zero-return
81,21,2,3,2,2,3,2,15,2,1,2,1,2,0.661437827766148,0,0,zero-return
81,21,2,3,2,2,3,2,15,2,1,2,1,4,0.591607978309962,0,0,zero-return
81,21,2,3,2,2,3,2,15,2,1,2,1,2,0.661437827766148,0,0,zero-return
81,21,2,3,2,2,3,2,15,2,1,2,1,4,0.591607978309962,0,0,zero-return
81,21,2,3,2,2,3,2,15,2,1,2,1,2,0.661437827766148,0,0,zero-return
81,21,2,3,2,2,3,2,15,2,1,2,1,4,0.591607978309962,0,0,zero-return
81,22,2,3,2,2,5,2,15,2,1,2,1,2,0.661437827766148,0,0,zero-return
81,22,2,3,2,2,5,2,15,2,1,2,1,4,0.591607978309962,0,0,zero-return
81,22,2,3,2,2,5,2,15,2,1,2,1,2,0.661437827766148,0,0,zero-return
81,22,2,3,2,2,5,2,15,2,1,2,1,4,0.591607978309962,0,0,zero-return
81,22,2,3,2,2,5,2,15,2,1,2,1,2,0.661437827766148,0,0,zero-return
81,22,2,3,2,2,5,2,15,2,1,2,1,4,0.591607978309962,0,0,zero-return
81,81,2,3,2,2,3,2,15,2,2,2,2,2,0.75,0,0,zero-return
81,81,2,3,2,2,3,2,15,2,2,2,2,4,-0.5,0,-0,zero-return
81,81,2,3,2,2,3,2,15,2,2,2,2,6,-0.55952380952381,0,-0,zero-return
81,81,2,3,2,2,3,2,15,2,2,2,2,2,0.75,0,0,zero-return
81,81,2,3,2,2,3,2,15,2,2,2,2,4,-0.5,0,-0,zero-return
81,81,2,3,2,2,3,2,15,2,2,2,2,6,-0.55952380952381,0,-0,zero-return
81,81,2,3,2,2,3,2,15,2,2,2,2,2,0.75,0,0,zero-return
81,81,2,3,2,2,3,2,15,2,2,2,2,4,-0.5,0,-0,zero-return
81,81,2,3,2,2,3,2,15,2,2,2,2,6,-0.55952380952381,0,-0,zero-return
81,81,2,3,2,2,3,2,15,2,2,2,2,2,0.75,0,0,zero-return
81,81,2,3,2,2,3,2,15,2,2,2,2,4,-0.5,0,-0,zero-return
81,81,2,3,2,2,3,2,15,2,2,2,2,6,-0.55952380952381,0,-0,zero-return
81,81,2,3,2,2,3,2,15,2,2,2,2,2,0.75,0,0,zero-return
81,81,2,3,2,2,3,2,15,2,2,2,2,4,-0.5,0,-0,zero-return
81,81,2,3,2,2,3,2,15,2,2,2,2,6,-0.55952380952381,0,-0,zero-return
81,81,2,3,2,2,3,2,15,2,2,2,2,2,0.75,0,0,zero-return
81,81,2,3,2,2,3,2,15,2,2,2,2,4,-0.5,0,-0,zero-return
81,81,2,3,2,2,3,2,15,2,2,2,2,6,-0.55952380952381,0,-0,zero-return
81,81,2,3,2,2,3,2,15,2,2,2,2,2,0.75,0,0,zero-return
81,81,2,3,2,2,3,2,15,2,2,2,2,4,-0.5,0,-0,zero-return
81,81,2,3,2,2,3,2,15,2,2,2,2,6,-0.55952380952381,0,-0,zero-return
81,82,2,3,2,2,5,2,15,2,2,2,2,2,0.75,0,0,zero-return
81,82,2,3,2,2,5,2,15,2,2,2,2,4,-0.5,0,-0,zero-return
81,82,2,3,2,2,5,2,15,2,2,2,2,6,-0.55952380952381,0,-0,zero-return
81,82,2,3,2,2,5,2,15,2,2,2,2,2,0.75,0,0,zero-return
81,82,2,3,2,2,5,2,15,2,2,2,2,4,-0.5,0,-0,zero-return
81,82,2,3,2,2,5,2,15,2,2,2,2,6,-0.55952380952381,0,-0,zero-return
81,82,2,3,2,2,5,2,15,2,2,2,2,2,0.75,0,0,zero-return
81,82,2,3,2,2,5,2,15,2,2,2,2,4,-0.5,0,-0,zero-return
81,82,2,3,2,2,5,2,15,2,2,2,2,6,-0.55952380952381,0,-0,zero-return
81,102,2,3,4,2,3,2,15,2,2,2,2,4,0.935414346693485,0,0,zero-return
81,102,2,3,4,2,3,2,15,2,2,2,2,4,0.935414346693485,0,0,zero-return
81,102,2,3,4,2,3,2,15,2,2,2,2,4,0.935414346693485,0,0,zero-return
81,102,2,3,4,2,3,2,15,2,2,2,2,4,0.935414346693485,0,0,zero-return
81,102,2,3,4,2,3,2,15,2,2,2,2,4,0.935414346693485,0,0,zero-return
81,102,2,3,4,2,3,2,15,2,2,2,2,4,0.935414346693485,0,0,zero-return
81,102,2,3,4,2,3,2,15,2,2,2,2,4,0.935414346693485,0,0,zero-return
81,103,2,3,4,2,5,2,15,2,2,2,2,4,0.935414346693485,0,0,zero-return
81,103,2,3,4,2,5,2,15,2,2,2,2,4,0.935414346693485,0,0,zero-return
81,103,2,3,4,2,5,2,15,2,2,2,2,4,0.935414346693485,0,0,zero-return
81,127,2,3,2,2,3,2,15,2,3,2,3,4,-0.632455532033676,0,-0,zero-return
81,127,2,3,2,2,3,2,15,2,3,2,3,6,0.647951595291863,0,0,zero-return
81,127,2,3,2,2,3,2,15,2,3,2,3,4,-0.632455532033676,0,-0,zero-return
81,127,2,3,2,2,3,2,15,2,3,2,3,6,0.647951595291863,0,0,zero-return
81,127,2,3,2,2,3,2,15,2,3,2,3,4,-0.632455532033676,0,-0,zero-return
81,127,2,3,2,2,3,2,15,2,3,2,3,6,0.647951595291863,0,0,zero-return
81,127,2,3,2,2,3,2,15,2,3,2,3,4,-0.632455532033676,0,-0,zero-return
81,127,2,3,2,2,3,2,15,2,3,2,3,6,0.647951595291863,0,0,zero-return
81,127,2,3,2,2,3,2,15,2,3,2,3,4,-0.632455532033676,0,-0,zero-return
81,127,2,3,2,2,3,2,15,2,3,2,3,6,0.647951595291863,0,0,zero-return
82,21,2,5,2,2,3,2,15,2,1,2,1,2,0.661437827766148,0,0,zero-return
82,21,2,5,2,2,3,2,15,2,1,2,1,4,0.591607978309962,0,0,zero-return
82,21,2,5,2,2,3,2,15,2,1,2,1,2,0.661437827766148,0,0,zero-return
82,21,2,5,2,2,3,2,15,2,1,2,1,4,0.591607978309962,0,0,zero-return
82,21,2,5,2,2,3,2,15,2,1,2,1,2,0.661437827766148,0,0,zero-return
82,21,2,5,2,2,3,2,15,2,1,2,1,4,0.591607978309962,0,0,zero-return
82,21,2,5,2,2,3,2,15,2,1,2,1,2,0.661437827766148,0,0,zero-return
82,21,2,5,2,2,3,2,15,2,1,2,1,4,0.591607978309962,0,0,zero-return
82,21,2,5,2,2,3,2,15,2,1,2,1,2,0.661437827766148,0,0,zero-return
82,21,2,5,2,2,3,2,15,2,1,2,1,4,0.591607978309962,0,0,zero-return
82,22,2,5,2,2,5,2,15,2,1,2,1,2,0.661437827766148,0,0,zero-return
82,22,2,5,2,2,5,2,15,2,1,2,1,4,0.591607978309962,0,0,zero-return
82,22,2,5,2,2,5,2,15,2,1,2,1,2,0.661437827766148,0,0,zero-return
82,22,2,5,2,2,5,2,15,2,1,2,1,4,0.591607978309962,0,0,zero-return
82,22,2,5,2,2,5,2,15,2,1,2,1,2,0.661437827766148,0,0,zero-return
82,22,2,5,2,2,5,2,15,2,1,2,1,4,0.591607978309962,0,0,zero-return
82,81,2,5,2,2,3,2,15,2,2,2,2,2,0.75,0,0,zero-return
82,81,2,5,2,2,3,2,15,2,2,2,2,4,-0.5,0,-0,zero-return
82,81,2,5,2,2,3,2,15,2,2,2,2,6,-0.55952380952381,0,-0,zero-return
82,81,2,5,2,2,3,2,15,2,2,2,2,2,0.75,0,0,zero-return
82,81,2,5,2,2,3,2,15,2,2,2,2,4,-0.5,0,-0,zero-return
82,81,2,5,2,2,3,2,15,2,2,2,2,6,-0.55952380952381,0,-0,zero-return
82,81,2,5,2,2,3,2,15,2,2,2,2,2,0.75,0,0,zero-return
82,81,2,5,2,2,3,2,15,2,2,2,2,4,-0.5,0,-0,zero-return
82,81,2,5,2,2,3,2,15,2,2,2,2,6,-0.55952380952381,0,-0,zero-return
82,81,2,5,2,2,3,2,15,2,2,2,2,2,0.75,0,0,zero-return
82,81,2,5,2,2,3,2,15,2,2,2,2,4,-0.5,0,-0,zero-return
82,81,2,5,2,2,3,2,15,2,2,2,2,6,-0.55952380952381,0,-0,zero-return
82,81,2,5,2,2,3,2,15,2,2,2,2,2,0.75,0,0,zero-return
82,81,2,5,2,2,3,2,15,2,2,2,2,4,-0.5,0,-0,zero-return
82,81,2,5,2,2,3,2,15,2,2,2,2,6,-0.55952380952381,0,-0,zero-return
82,81,2,5,2,2,3,2,15,2,2,2,2,2,0.75,0,0,zero-return
82,81,2,5,2,2,3,2,15,2,2,2,2,4,-0.5,0,-0,zero-return
82,81,2,5,2,2,3,2,15,2,2,2,2,6,-0.55952380952381,0,-0,zero-return
82,81,2,5,2,2,3,2,15,2,2,2,2,2,0.75,0,0,zero-return
82,81,2,5,2,2,3,2,15,2,2,2,2,4,-0.5,0,-0,zero-return
82,81,2,5,2,2,3,2,15,2,2,2,2,6,-0.55952380952381,0,-0,zero-return
82,82,2,5,2,2,5,2,15,2,2,2,2,2,0.75,0,0,zero-return
82,82,2,5,2,2,5,2,15,2,2,2,2,4,-0.5,0,-0,zero-return
82,82,2,5,2,2,5,2,15,2,2,2,2,6,-0.55952380952381,0,-0,zero-return
82,82,2,5,2,2,5,2,15,2,2,2,2,2,0.75,0,0,zero-return
82,82,2,5,2,2,5,2,15,2,2,2,2,4,-0.5,0,-0,zero-return
82,82,2,5,2,2,5,2,15,2,2,2,2,6,-0.55952380952381,0,-0,zero-return
82,82,2,5,2,2,5,2,15,2,2,2,2,2,0.75,0,0,zero-return
82,82,2,5,2,2,5,2,15,2,2,2,2,4,-0.5,0,-0,zero-return
82,82,2,5,2,2,5,2,15,2,2,2,2,6,-0.55952380952381,0,-0,zero-return
82,102,2,5,4,2,3,2,15,2,2,2,2,4,0.935414346693485,0,0,zero-return
82,102,2,5,4,2,3,2,15,2,2,2,2,4,0.935414346693485,0,0,zero-return
82,102,2,5,4,2,3,2,15,2,2,2,2,4,0.935414346693485,0,0,zero-return
82,102,2,5,4,2,3,2,15,2,2,2,2,4,0.935414346693485,0,0,zero-return
82,102,2,5,4,2,3,2,15,2,2,2,2,4,0.935414346693485,0,0,zero-return
82,102,2,5,4,2,3,2,15,2,2,2,2,4,0.935414346693485,0,0,zero-return
82,102,2,5,4,2,3,2,15,2,2,2,2,4,0.935414346693485,0,0,zero-return
82,103,2,5,4,2,5,2,15,2,2,2,2,4,0.935414346693485,0,0,zero-return
82,103,2,5,4,2,5,2,15,2,2,2,2,4,0.935414346693485,0,0,zero-return
82,103,2,5,4,2,5,2,15,2,2,2,2,4,0.935414346693485,0,0,zero-return
82,127,2,5,2,2,3,2,15,2,3,2,3,4,-0.632455532033676,0,-0,zero-return
82,127,2,5,2,2,3,2,15,2,3,2,3,6,0.647951595291863,0,0,zero-return
82,127,2,5,2,2,3,2,15,2,3,2,3,4,-0.632455532033676,0,-0,zero-return
82,127,2,5,2,2,3,2,15,2,3,2,3,6,0.647951595291863,0,0,zero-return
82,127,2,5,2,2,3,2,15,2,3,2,3,4,-0.632455532033676,0,-0,zero-return
82,127,2,5,2,2,3,2,15,2,3,2,3,6,0.647951595291863,0,0,zero-return
82,127,2,5,2,2,3,2,15,2,3,2,3,4,-0.632455532033676,0,-0,zero-return
82,127,2,5,2,2,3,2,15,2,3,2,3,6,0.647951595291863,0,0,zero-return
82,127,2,5,2,2,3,2,15,2,3,2,3,4,-0.632455532033676,0,-0,zero-return
82,127,2,5,2,2,3,2,15,2,3,2,3,6,0.647951595291863,0,0,zero-return
83,21,3,4,2,2,3,2,15,2,1,2,1,2,0.661437827766148,0,0,zero-return
83,21,3,4,2,2,3,2,15,2,1,2,1,4,0.591607978309962,0,0,zero-return
83,21,3,4,2,2,3,2,15,2,1,2,1,2,0.661437827766148,0,0,zero-return
83,21,3,4,2,2,3,2,15,2,1,2,1,4,0.591607978309962,0,0,zero-return
83,21,3,4,2,2,3,2,15,2,1,2,1,2,0.661437827766148,0,0,zero-return
83,21,3,4,2,2,3,2,15,2,1,2,1,4,0.591607978309962,0,0,zero-return
83,21,3,4,2,2,3,2,15,2,1,2,1,2,0.661437827766148,0,0,zero-return
83,21,3,4,2,2,3,2,15,2,1,2,1,4,0.591607978309962,0,0,zero-return
83,21,3,4,2,2,3,2,15,2,1,2,1,2,0.661437827766148,0,0,zero-return
83,21,3,4,2,2,3,2,15,2,1,2,1,4,0.591607978309962,0,0,zero-return
83,22,3,4,2,2,5,2,15,2,1,2,1,2,0.661437827766148,0,0,zero-return
83,22,3,4,2,2,5,2,15,2,1,2,1,4,0.591607978309962,0,0,zero-return
83,22,3,4,2,2,5,2,15,2,1,2,1,2,0.661437827766148,0,0,zero-return
83,22,3,4,2,2,5,2,15,2,1,2,1,4,0.591607978309962,0,0,zero-return
83,22,3,4,2,2,5,2,15,2,1,2,1,2,0.661437827766148,0,0,zero-return
83,22,3,4,2,2,5,2,15,2,1,2,1,4,0.591607978309962,0,0,zero-return
83,81,3,4,2,2,3,2,15,2,2,2,2,2,0.75,0,0,zero-return
83,81,3,4,2,2,3,2,15,2,2,2,2,4,-0.5,0,-0,zero-return
83,81,3,4,2,2,3,2,15,2,2,2,2,6,-0.55952380952381,0,-0,zero-return
83,81,3,4,2,2,3,2,15,2,2,2,2,2,0.75,0,0,zero-return
83,81,3,4,2,2,3,2,15,2,2,2,2,4,-0.5,0,-0,zero-return
83,81,3,4,2,2,3,2,15,2,2,2,2,6,-0.55952380952381,0,-0,zero-return
83,81,3,4,2,2,3,2,15,2,2,2,2,2,0.75,0,0,zero-return
83,81,3,4,2,2,3,2,15,2,2,2,2,4,-0.5,0,-0,zero-return
83,81,3,4,2,2,3,2,15,2,2,2,2,6,-0.55952380952381,0,-0,zero-return
83,81,3,4,2,2,3,2,15,2,2,2,2,2,0.75,0,0,zero-return
83,81,3,4,2,2,3,2,15,2,2,2,2,4,-0.5,0,-0,zero-return
83,81,3,4,2,2,3,2,15,2,2,2,2,6,-0.55952380952381,0,-0,zero-return
83,81,3,4,2,2,3,2,15,2,2,2,2,2,0.75,0,0,zero-return
83,81,3,4,2,2,3,2,15,2,2,2,2,4,-0.5,0,-0,zero-return
83,81,3,4,2,2,3,2,15,2,2,2,2,6,-0.55952380952381,0,-0,zero-return
83,81,3,4,2,2,3,2,15,2,2,2,2,2,0.75,0,0,zero-return
83,81,3,4,2,2,3,2,15,2,2,2,2,4,-0.5,0,-0,zero-return
83,81,3,4,2,2,3,2,15,2,2,2,2,6,-0.55952380952381,0,-0,zero-return
83,81,3,4,2,2,3,2,15,2,2,2,2,2,0.75,0,0,zero-return
83,81,3,4,2,2,3,2,15,2,2,2,2,4,-0.5,0,-0,zero-return
83,81,3,4,2,2,3,2,15,2,2,2,2,6,-0.55952380952381,0,-0,zero-return
83,82,3,4,2,2,5,2,15,2,2,2,2,2,0.75,0,0,zero-return
83,82,3,4,2,2,5,2,15,2,2,2,2,4,-0.5,0,-0,zero-return
83,82,3,4,2,2,5,2,15,2,2,2,2,6,-0.55952380952381,0,-0,zero-return
83,82,3,4,2,2,5,2,15,2,2,2,2,2,0.75,0,0,zero-return
83,82,3,4,2,2,5,2,15,2,2,2,2,4,-0.5,0,-0,zero-return
83,82,3,4,2,2,5,2,15,2,2,2,2,6,-0.55952380952381,0,-0,zero-return
83,82,3,4,2,2,5,2,15,2,2,2,2,2,0.75,0,0,zero-return
83,82,3,4,2,2,5,2,15,2,2,2,2,4,-0.5,0,-0,zero-return
83,82,3,4,2,2,5,2,15,2,2,2,2,6,-0.55952380952381,0,-0,zero-return
83,102,3,4,4,2,3,2,15,2,2,2,2,4,0.935414346693485,0,0,zero-return
83,102,3,4,4,2,3,2,15,2,2,2,2,4,0.935414346693485,0,0,zero-return
83,102,3,4,4,2,3,2,15,2,2,2,2,4,0.935414346693485,0,0,zero-return
83,102,3,4,4,2,3,2,15,2,2,2,2,4,0.935414346693485,0,0,zero-return
83,102,3,4,4,2,3,2,15,2,2,2,2,4,0.935414346693485,0,0,zero-return
83,102,3,4,4,2,3,2,15,2,2,2,2,4,0.935414346693485,0,0,zero-return
83,102,3,4,4,2,3,2,15,2,2,2,2,4,0.935414346693485,0,0,zero-return
83,103,3,4,4,2,5,2,15,2,2,2,2,4,0.935414346693485,0,0,zero-return
83,103,3,4,4,2,5,2,15,2,2,2,2,4,0.935414346693485,0,0,zero-return
83,103,3,4,4,2,5,2,15,2,2,2,2,4,0.935414346693485,0,0,zero-return
83,127,3,4,2,2,3,2,15,2,3,2,3,4,-0.632455532033676,0,-0,zero-return
83,127,3,4,2,2,3,2,15,2,3,2,3,6,0.647951595291863,0,0,zero-return
83,127,3,4,2,2,3,2,15,2,3,2,3,4,-0.632455532033676,0,-0,zero-return
83,127,3,4,2,2,3,2,15,2,3,2,3,6,0.647951595291863,0,0,zero-return
83,127,3,4,2,2,3,2,15,2,3,2,3,4,-0.632455532033676,0,-0,zero-return
83,127,3,4,2,2,3,2,15,2,3,2,3,6,0.647951595291863,0,0,zero-return
83,127,3,4,2,2,3,2,15,2,3,2,3,4,-0.632455532033676,0,-0,zero-return
83,127,3,4,2,2,3,2,15,2,3,2,3,6,0.647951595291863,0,0,zero-return
83,127,3,4,2,2,3,2,15,2,3,2,3,4,-0.632455532033676,0,-0,zero-return
83,127,3,4,2,2,3,2,15,2,3,2,3,6,0.647951595291863,0,0,zero-return
84,25,2,3,2,2,3,2,17,2,1,2,1,2,-0.866025403784439,0,-0,zero-return
84,25,2,3,2,2,3,2,17,2,1,2,1,4,0.193649167310371,0,0,zero-return
84,25,2,3,2,2,3,2,17,2,1,2,1,2,-0.866025403784439,0,-0,zero-return
84,25,2,3,2,2,3,2,17,2,1,2,1,4,0.193649167310371,0,0,zero-return
84,25,2,3,2,2,3,2,17,2,1,2,1,2,-0.866025403784439,0,-0,zero-return
84,25,2,3,2,2,3,2,17,2,1,2,1,4,0.193649167310371,0,0,zero-return
84,25,2,3,2,2,3,2,17,2,1,2,1,2,-0.866025403784439,0,-0,zero-return
84,25,2,3,2,2,3,2,17,2,1,2,1,4,0.193649167310371,0,0,zero-return
84,25,2,3,2,2,3,2,17,2,1,2,1,2,-0.866025403784439,0,-0,zero-return
84,25,2,3,2,2,3,2,17,2,1,2,1,4,0.193649167310371,0,0,zero-return
84,26,2,3,2,2,5,2,17,2,1,2,1,2,-0.866025403784439,0,-0,zero-return
84,26,2,3,2,2,5,2,17,2,1,2,1,4,0.193649167310371,0,0,zero-return
84,26,2,3,2,2,5,2,17,2,1,2,1,2,-0.866025403784439,0,-0,zero-return
84,26,2,3,2,2,5,2,17,2,1,2,1,4,0.193649167310371,0,0,zero-return
84,26,2,3,2,2,5,2,17,2,1,2,1,2,-0.866025403784439,0,-0,zero-return
84,26,2,3,2,2,5,2,17,2,1,2,1,4,0.193649167310371,0,0,zero-return
84,45,2,3,4,2,3,2,17,2,1,2,1,4,-0.866025403784439,0,-0,zero-return
84,45,2,3,4,2,3,2,17,2,1,2,1,4,-0.866025403784439,0,-0,zero-return
84,45,2,3,4,2,3,2,17,2,1,2,1,4,-0.866025403784439,0,-0,zero-return
84,45,2,3,4,2,3,2,17,2,1,2,1,4,-0.866025403784439,0,-0,zero-return
84,45,2,3,4,2,3,2,17,2,1,2,1,4,-0.866025403784439,0,-0,zero-return
84,46,2,3,4,2,5,2,17,2,1,2,1,4,-0.866025403784439,0,-0,zero-return
84,46,2,3,4,2,5,2,17,2,1,2,1,4,-0.866025403784439,0,-0,zero-return
84,46,2,3,4,2,5,2,17,2,1,2,1,4,-0.866025403784439,0,-0,zero-return
84,84,2,3,2,2,3,2,17,2,2,2,2,2,-0.5,0,-0,zero-return
84,84,2,3,2,2,3,2,17,2,2,2,2,4,0.75,0,0,zero-return
84,84,2,3,2,2,3,2,17,2,2,2,2,6,-0.5,0,-0,zero-return
84,84,2,3,2,2,3,2,17,2,2,2,2,2,-0.5,0,-0,zero-return
84,84,2,3,2,2,3,2,17,2,2,2,2,4,0.75,0,0,zero-return
84,84,2,3,2,2,3,2,17,2,2,2,2,6,-0.5,0,-0,zero-return
84,84,2,3,2,2,3,2,17,2,2,2,2,2,-0.5,0,-0,zero-return
84,84,2,3,2,2,3,2,17,2,2,2,2,4,0.75,0,0,zero-return
84,84,2,3,2,2,3,2,17,2,2,2,2,6,-0.5,0,-0,zero-return
84,84,2,3,2,2,3,2,17,2,2,2,2,2,-0.5,0,-0,zero-return
84,84,2,3,2,2,3,2,17,2,2,2,2,4,0.75,0,0,zero-return
84,84,2,3,2,2,3,2,17,2,2,2,2,6,-0.5,0,-0,zero-return
84,84,2,3,2,2,3,2,17,2,2,2,2,2,-0.5,0,-0,zero-return
84,84,2,3,2,2,3,2,17,2,2,2,2,4,0.75,0,0,zero-return
84,84,2,3,2,2,3,2,17,2,2,2,2,6,-0.5,0,-0,zero-return
84,84,2,3,2,2,3,2,17,2,2,2,2,2,-0.5,0,-0,zero-return
84,84,2,3,2,2,3,2,17,2,2,2,2,4,0.75,0,0,zero-return
84,84,2,3,2,2,3,2,17,2,2,2,2,6,-0.5,0,-0,zero-return
84,84,2,3,2,2,3,2,17,2,2,2,2,2,-0.5,0,-0,zero-return
84,84,2,3,2,2,3,2,17,2,2,2,2,4,0.75,0,0,zero-return
84,84,2,3,2,2,3,2,17,2,2,2,2,6,-0.5,0,-0,zero-return
84,85,2,3,2,2,5,2,17,2,2,2,2,2,-0.5,0,-0,zero-return
84,85,2,3,2,2,5,2,17,2,2,2,2,4,0.75,0,0,zero-return
84,85,2,3,2,2,5,2,17,2,2,2,2,6,-0.5,0,-0,zero-return
84,85,2,3,2,2,5,2,17,2,2,2,2,2,-0.5,0,-0,zero-return
84,85,2,3,2,2,5,2,17,2,2,2,2,4,0.75,0,0,zero-return
84,85,2,3,2,2,5,2,17,2,2,2,2,6,-0.5,0,-0,zero-return
84,85,2,3,2,2,5,2,17,2,2,2,2,2,-0.5,0,-0,zero-return
84,85,2,3,2,2,5,2,17,2,2,2,2,4,0.75,0,0,zero-return
84,85,2,3,2,2,5,2,17,2,2,2,2,6,-0.5,0,-0,zero-return
84,105,2,3,4,2,3,2,17,2,2,2,2,4,-0.5,0,-0,zero-return
84,105,2,3,4,2,3,2,17,2,2,2,2,4,-0.5,0,-0,zero-return
84,105,2,3,4,2,3,2,17,2,2,2,2,4,-0.5,0,-0,zero-return
84,105,2,3,4,2,3,2,17,2,2,2,2,4,-0.5,0,-0,zero-return
84,105,2,3,4,2,3,2,17,2,2,2,2,4,-0.5,0,-0,zero-return
84,105,2,3,4,2,3,2,17,2,2,2,2,4,-0.5,0,-0,zero-return
84,105,2,3,4,2,3,2,17,2,2,2,2,4,-0.5,0,-0,zero-return
84,106,2,3,4,2,5,2,17,2,2,2,2,4,-0.5,0,-0,zero-return
84,106,2,3,4,2,5,2,17,2,2,2,2,4,-0.5,0,-0,zero-return
84,106,2,3,4,2,5,2,17,2,2,2,2,4,-0.5,0,-0,zero-return
84,128,2,3,2,2,3,2,17,2,3,2,3,4,0.295803989154981,0,0,zero-return
84,128,2,3,2,2,3,2,17,2,3,2,3,6,-0.632455532033676,0,-0,zero-return
84,128,2,3,2,2,3,2,17,2,3,2,3,4,0.295803989154981,0,0,zero-return
84,128,2,3,2,2,3,2,17,2,3,2,3,6,-0.632455532033676,0,-0,zero-return
84,128,2,3,2,2,3,2,17,2,3,2,3,4,0.295803989154981,0,0,zero-return
84,128,2,3,2,2,3,2,17,2,3,2,3,6,-0.632455532033676,0,-0,zero-return
84,128,2,3,2,2,3,2,17,2,3,2,3,4,0.295803989154981,0,0,zero-return
84,128,2,3,2,2,3,2,17,2,3,2,3,6,-0.632455532033676,0,-0,zero-return
84,128,2,3,2,2,3,2,17,2,3,2,3,4,0.295803989154981,0,0,zero-return
84,128,2,3,2,2,3,2,17,2,3,2,3,6,-0.632455532033676,0,-0,zero-return
85,25,2,5,2,2,3,2,17,2,1,2,1,2,-0.866025403784439,0,-0,zero-return
85,25,2,5,2,2,3,2,17,2,1,2,1,4,0.193649167310371,0,0,zero-return
85,25,2,5,2,2,3,2,17,2,1,2,1,2,-0.866025403784439,0,-0,zero-return
85,25,2,5,2,2,3,2,17,2,1,2,1,4,0.193649167310371,0,0,zero-return
85,25,2,5,2,2,3,2,17,2,1,2,1,2,-0.866025403784439,0,-0,zero-return
85,25,2,5,2,2,3,2,17,2,1,2,1,4,0.193649167310371,0,0,zero-return
85,25,2,5,2,2,3,2,17,2,1,2,1,2,-0.866025403784439,0,-0,zero-return
85,25,2,5,2,2,3,2,17,2,1,2,1,4,0.193649167310371,0,0,zero-return
85,25,2,5,2,2,3,2,17,2,1,2,1,2,-0.866025403784439,0,-0,zero-return
85,25,2,5,2,2,3,2,17,2,1,2,1,4,0.193649167310371,0,0,zero-return
85,26,2,5,2,2,5,2,17,2,1,2,1,2,-0.866025403784439,0,-0,zero-return
85,26,2,5,2,2,5,2,17,2,1,2,1,4,0.193649167310371,0,0,zero-return
85,26,2,5,2,2,5,2,17,2,1,2,1,2,-0.866025403784439,0,-0,zero-return
85,26,2,5,2,2,5,2,17,2,1,2,1,4,0.193649167310371,0,0,zero-return
85,26,2,5,2,2,5,2,17,2,1,2,1,2,-0.866025403784439,0,-0,zero-return
85,26,2,5,2,2,5,2,17,2,1,2,1,4,0.193649167310371,0,0,zero-return
85,45,2,5,4,2,3,2,17,2,1,2,1,4,-0.866025403784439,0,-0,zero-return
85,45,2,5,4,2,3,2,17,2,1,2,1,4,-0.866025403784439,0,-0,zero-return
85,45,2,5,4,2,3,2,17,2,1,2,1,4,-0.866025403784439,0,-0,zero-return
85,45,2,5,4,2,3,2,17,2,1,2,1,4,-0.866025403784439,0,-0,zero-return
85,45,2,5,4,2,3,2,17,2,1,2,1,4,-0.866025403784439,0,-0,zero-return
85,46,2,5,4,2,5,2,17,2,1,2,1,4,-0.866025403784439,0,-0,zero-return
85,46,2,5,4,2,5,2,17,2,1,2,1,4,-0.866025403784439,0,-0,zero-return
85,46,2,5,4,2,5,2,17,2,1,2,1,4,-0.866025403784439,0,-0,zero-return
85,84,2,5,2,2,3,2,17,2,2,2,2,2,-0.5,0,-0,zero-return
85,84,2,5,2,2,3,2,17,2,2,2,2,4,0.75,0,0,zero-return
85,84,2,5,2,2,3,2,17,2,2,2,2,6,-0.5,0,-0,zero-return
85,84,2,5,2,2,3,2,17,2,2,2,2,2,-0.5,0,-0,zero-return
85,84,2,5,2,2,3,2,17,2,2,2,2,4,0.75,0,0,zero-return
85,84,2,5,2,2,3,2,17,2,2,2,2,6,-0.5,0,-0,zero-return
85,84,2,5,2,2,3,2,17,2,2,2,2,2,-0.5,0,-0,zero-return
85,84,2,5,2,2,3,2,17,2,2,2,2,4,0.75,0,0,zero-return
85,84,2,5,2,2,3,2,17,2,2,2,2,6,-0.5,0,-0,zero-return
85,84,2,5,2,2,3,2,17,2,2,2,2,2,-0.5,0,-0,zero-return
85,84,2,5,2,2,3,2,17,2,2,2,2,4,0.75,0,0,zero-return
85,84,2,5,2,2,3,2,17,2,2,2,2,6,-0.5,0,-0,zero-return
85,84,2,5,2,2,3,2,17,2,2,2,2,2,-0.5,0,-0,zero-return
85,84,2,5,2,2,3,2,17,2,2,2,2,4,0.75,0,0,zero-return
85,84,2,5,2,2,3,2,17,2,2,2,2,6,-0.5,0,-0,zero-return
85,84,2,5,2,2,3,2,17,2,2,2,2,2,-0.5,0,-0,zero-return
85,84,2,5,2,2,3,2,17,2,2,2,2,4,0.75,0,0,zero-return
85,84,2,5,2,2,3,2,17,2,2,2,2,6,-0.5,0,-0,zero-return
85,84,2,5,2,2,3,2,17,2,2,2,2,2,-0.5,0,-0,zero-return
85,84,2,5,2,2,3,2,17,2,2,2,2,4,0.75,0,0,zero-return
85,84,2,5,2,2,3,2,17,2,2,2,2,6,-0.5,0,-0,zero-return
85,85,2,5,2,2,5,2,17,2,2,2,2,2,-0.5,0,-0,zero-return
85,85,2,5,2,2,5,2,17,2,2,2,2,4,0.75,0,0,zero-return
85,85,2,5,2,2,5,2,17,2,2,2,2,6,-0.5,0,-0,zero-return
85,85,2,5,2,2,5,2,17,2,2,2,2,2,-0.5,0,-0,zero-return
85,85,2,5,2,2,5,2,17,2,2,2,2,4,0.75,0,0,zero-return
85,85,2,5,2,2,5,2,17,2,2,2,2,6,-0.5,0,-0,zero-return
85,85,2,5,2,2,5,2,17,2,2,2,2,2,-0.5,0,-0,zero-return
85,85,2,5,2,2,5,2,17,2,2,2,2,4,0.75,0,0,zero-return
85,85,2,5,2,2,5,2,17,2,2,2,2,6,-0.5,0,-0,zero-return
85,105,2,5,4,2,3,2,17,2,2,2,2,4,-0.5,0,-0,zero-return
85,105,2,5,4,2,3,2,17,2,2,2,2,4,-0.5,0,-0,zero-return
85,105,2,5,4,2,3,2,17,2,2,2,2,4,-0.5,0,-0,zero-return
85,105,2,5,4,2,3,2,17,2,2,2,2,4,-0.5,0,-0,zero-return
85,105,2,5,4,2,3,2,17,2,2,2,2,4,-0.5,0,-0,zero-return
85,105,2,5,4,2,3,2,17,2,2,2,2,4,-0.5,0,-0,zero-return
85,105,2,5,4,2,3,2,17,2,2,2,2,4,-0.5,0,-0,zero-return
85,106,2,5,4,2,5,2,17,2,2,2,2,4,-0.5,0,-0,zero-return
85,106,2,5,4,2,5,2,17,2,2,2,2,4,-0.5,0,-0,zero-return
85,106,2,5,4,2,5,2,17,2,2,2,2,4,-0.5,0,-0,zero-return
85,128,2,5,2,2,3,2,17,2,3,2,3,4,0.295803989154981,0,0,zero-return
85,128,2,5,2,2,3,2,17,2,3,2,3,6,-0.632455532033676,0,-0,zero-return
85,128,2,5,2,2,3,2,17,2,3,2,3,4,0.295803989154981,0,0,zero-return
85,128,2,5,2,2,3,2,17,2,3,2,3,6,-0.632455532033676,0,-0,zero-return
85,128,2,5,2,2,3,2,17,2,3,2,3,4,0.295803989154981,0,0,zero-return
85,128,2,5,2,2,3,2,17,2,3,2,3,6,-0.632455532033676,0,-0,zero-return
85,128,2,5,2,2,3,2,17,2,3,2,3,4,0.295803989154981,0,0,zero-return
85,128,2,5,2,2,3,2,17,2,3,2,3,6,-0.632455532033676,0,-0,zero-return
85,128,2,5,2,2,3,2,17,2,3,2,3,4,0.295803989154981,0,0,zero-return
85,128,2,5,2,2,3,2,17,2,3,2,3,6,-0.632455532033676,0,-0,zero-return
86,25,3,4,2,2,3,2,17,2,1,2,1,2,-0.866025403784439,0,-0,zero-return
86,25,3,4,2,2,3,2,17,2,1,2,1,4,0.193649167310371,0,0,zero-return
86,25,3,4,2,2,3,2,17,2,1,2,1,2,-0.866025403784439,0,-0,zero-return
86,25,3,4,2,2,3,2,17,2,1,2,1,4,0.193649167310371,0,0,zero-return
86,25,3,4,2,2,3,2,17,2,1,2,1,2,-0.866025403784439,0,-0,zero-return
86,25,3,4,2,2,3,2,17,2,1,2,1,4,0.193649167310371,0,0,zero-return
86,25,3,4,2,2,3,2,17,2,1,2,1,2,-0.866025403784439,0,-0,zero-return
86,25,3,4,2,2,3,2,17,2,1,2,1,4,0.193649167310371,0,0,zero-return
86,25,3,4,2,2,3,2,17,2,1,2,1,2,-0.866025403784439,0,-0,zero-return
86,25,3,4,2,2,3,2,17,2,1,2,1,4,0.193649167310371,0,0,zero-return
86,26,3,4,2,2,5,2,17,2,1,2,1,2,-0.866025403784439,0,-0,zero-return
86,26,3,4,2,2,5,2,17,2,1,2,1,4,0.193649167310371,0,0,zero-return
86,26,3,4,2,2,5,2,17,2,1,2,1,2,-0.866025403784439,0,-0,zero-return
86,26,3,4,2,2,5,2,17,2,1,2,1,4,0.193649167310371,0,0,zero-return
86,26,3,4,2,2,5,2,17,2,1,2,1,2,-0.866025403784439,0,-0,zero-return
86,26,3,4,2,2,5,2,17,2,1,2,1,4,0.193649167310371,0,0,zero-return
86,45,3,4,4,2,3,2,17,2,1,2,1,4,-0.866025403784439,0,-0,zero-return
86,45,3,4,4,2,3,2,17,2,1,2,1,4,-0.866025403784439,0,-0,zero-return
86,45,3,4,4,2,3,2,17,2,1,2,1,4,-0.866025403784439,0,-0,zero-return
86,45,3,4,4,2,3,2,17,2,1,2,1,4,-0.866025403784439,0,-0,zero-return
86,45,3,4,4,2,3,2,17,2,1,2,1,4,-0.866025403784439,0,-0,zero-return
86,46,3,4,4,2,5,2,17,2,1,2,1,4,-0.866025403784439,0,-0,zero-return
86,46,3,4,4,2,5,2,17,2,1,2,1,4,-0.866025403784439,0,-0,zero-return
86,46,3,4,4,2,5,2,17,2,1,2,1,4,-0.866025403784439,0,-0,zero-return
86,84,3,4,2,2,3,2,17,2,2,2,2,2,-0.5,0,-0,zero-return
86,84,3,4,2,2,3,2,17,2,2,2,2,4,0.75,0,0,zero-return
86,84,3,4,2,2,3,2,17,2,2,2,2,6,-0.5,0,-0,zero-return
86,84,3,4,2,2,3,2,17,2,2,2,2,2,-0.5,0,-0,zero-return
86,84,3,4,2,2,3,2,17,2,2,2,2,4,0.75,0,0,zero-return
86,84,3,4,2,2,3,2,17,2,2,2,2,6,-0.5,0,-0,zero-return
86,84,3,4,2,2,3,2,17,2,2,2,2,2,-0.5,0,-0,zero-return
86,84,3,4,2,2,3,2,17,2,2,2,2,4,0.75,0,0,zero-return
86,84,3,4,2,2,3,2,17,2,2,2,2,6,-0.5,0,-0,zero-return
86,84,3,4,2,2,3,2,17,2,2,2,2,2,-0.5,0,-0,zero-return
86,84,3,4,2,2,3,2,17,2,2,2,2,4,0.75,0,0,zero-return
86,84,3,4,2,2,3,2,17,2,2,2,2,6,-0.5,0,-0,zero-return
86,84,3,4,2,2,3,2,17,2,2,2,2,2,-0.5,0,-0,zero-return
86,84,3,4,2,2,3,2,17,2,2,2,2,4,0.75,0,0,zero-return
86,84,3,4,2,2,3,2,17,2,2,2,2,6,-0.5,0,-0,zero-return
86,84,3,4,2,2,3,2,17,2,2,2,2,2,-0.5,0,-0,zero-return
86,84,3,4,2,2,3,2,17,2,2,2,2,4,0.75,0,0,zero-return
86,84,3,4,2,2,3,2,17,2,2,2,2,6,-0.5,0,-0,zero-return
86,84,3,4,2,2,3,2,17,2,2,2,2,2,-0.5,0,-0,zero-return
86,84,3,4,2,2,3,2,17,2,2,2,2,4,0.75,0,0,zero-return
86,84,3,4,2,2,3,2,17,2,2,2,2,6,-0.5,0,-0,zero-return
86,85,3,4,2,2,5,2,17,2,2,2,2,2,-0.5,0,-0,zero-return
86,85,3,4,2,2,5,2,17,2,2,2,2,4,0.75,0,0,zero-return
86,85,3,4,2,2,5,2,17,2,2,2,2,6,-0.5,0,-0,zero-return
86,85,3,4,2,2,5,2,17,2,2,2,2,2,-0.5,0,-0,zero-return
86,85,3,4,2,2,5,2,17,2,2,2,2,4,0.75,0,0,zero-return
86,85,3,4,2,2,5,2,17,2,2,2,2,6,-0.5,0,-0,zero-return
86,85,3,4,2,2,5,2,17,2,2,2,2,2,-0.5,0,-0,zero-return
86,85,3,4,2,2,5,2,17,2,2,2,2,4,0.75,0,0,zero-return
86,85,3,4,2,2,5,2,17,2,2,2,2,6,-0.5,0,-0,zero-return
86,105,3,4,4,2,3,2,17,2,2,2,2,4,-0.5,0,-0,zero-return
86,105,3,4,4,2,3,2,17,2,2,2,2,4,-0.5,0,-0,zero-return
86,105,3,4,4,2,3,2,17,2,2,2,2,4,-0.5,0,-0,zero-return
86,105,3,4,4,2,3,2,17,2,2,2,2,4,-0.5,0,-0,zero-return
86,105,3,4,4,2,3,2,17,2,2,2,2,4,-0.5,0,-0,zero-return
86,105,3,4,4,2,3,2,17,2,2,2,2,4,-0.5,0,-0,zero-return
86,105,3,4,4,2,3,2,17,2,2,2,2,4,-0.5,0,-0,zero-return
86,106,3,4,4,2,5,2,17,2,2,2,2,4,-0.5,0,-0,zero-return
86,106,3,4,4,2,5,2,17,2,2,2,2,4,-0.5,0,-0,zero-return
86,106,3,4,4,2,5,2,17,2,2,2,2,4,-0.5,0,-0,zero-return
86,128,3,4,2,2,3,2,17,2,3,2,3,4,0.295803989154981,0,0,zero-return
86,128,3,4,2,2,3,2,17,2,3,2,3,6,-0.632455532033676,0,-0,zero-return
86,128,3,4,2,2,3,2,17,2,3,2,3,4,0.295803989154981,0,0,zero-return
86,128,3,4,2,2,3,2,17,2,3,2,3,6,-0.632455532033676,0,-0,zero-return
86,128,3,4,2,2,3,2,17,2,3,2,3,4,0.295803989154981,0,0,zero-return
86,128,3,4,2,2,3,2,17,2,3,2,3,6,-0.632455532033676,0,-0,zero-return
86,128,3,4,2,2,3,2,17,2,3,2,3,4,0.295803989154981,0,0,zero-return
86,128,3,4,2,2,3,2,17,2,3,2,3,6,-0.632455532033676,0,-0,zero-return
86,128,3,4,2,2,3,2,17,2,3,2,3,4,0.295803989154981,0,0,zero-return
86,128,3,4,2,2,3,2,17,2,3,2,3,6,-0.632455532033676,0,-0,zero-return
87,29,2,3,2,2,3,2,19,2,1,2,1,2,0.968245836551854,0,0,zero-return
87,29,2,3,2,2,3,2,19,2,1,2,1,4,-0.866025403784439,0,-0,zero-return
87,29,2,3,2,2,3,2,19,2,1,2,1,2,0.968245836551854,0,0,zero-return
87,29,2,3,2,2,3,2,19,2,1,2,1,4,-0.866025403784439,0,-0,zero-return
87,29,2,3,2,2,3,2,19,2,1,2,1,2,0.968245836551854,0,0,zero-return
87,29,2,3,2,2,3,2,19,2,1,2,1,4,-0.866025403784439,0,-0,zero-return
87,29,2,3,2,2,3,2,19,2,1,2,1,2,0.968245836551854,0,0,zero-return
87,29,2,3,2,2,3,2,19,2,1,2,1,4,-0.866025403784439,0,-0,zero-return
87,29,2,3,2,2,3,2,19,2,1,2,1,2,0.968245836551854,0,0,zero-return
87,29,2,3,2,2,3,2,19,2,1,2,1,4,-0.866025403784439,0,-0,zero-return
87,30,2,3,2,2,5,2,19,2,1,2,1,2,0.968245836551854,0,0,zero-return
87,30,2,3,2,2,5,2,19,2,1,2,1,4,-0.866025403784439,0,-0,zero-return
87,30,2,3,2,2,5,2,19,2,1,2,1,2,0.968245836551854,0,0,zero-return
87,30,2,3,2,2,5,2,19,2,1,2,1,4,-0.866025403784439,0,-0,zero-return
87,30,2,3,2,2,5,2,19,2,1,2,1,2,0.968245836551854,0,0,zero-return
87,30,2,3,2,2,5,2,19,2,1,2,1,4,-0.866025403784439,0,-0,zero-return
87,49,2,3,4,2,3,2,19,2,1,2,1,4,0.612372435695794,0,0,zero-return
87,49,2,3,4,2,3,2,19,2,1,2,1,4,0.612372435695794,0,0,zero-return
87,49,2,3,4,2,3,2,19,2,1,2,1,4,0.612372435695794,0,0,zero-return
87,49,2,3,4,2,3,2,19,2,1,2,1,4,0.612372435695794,0,0,zero-return
87,49,2,3,4,2,3,2,19,2,1,2,1,4,0.612372435695794,0,0,zero-return
87,50,2,3,4,2,5,2,19,2,1,2,1,4,0.612372435695794,0,0,zero-return
87,50,2,3,4,2,5,2,19,2,1,2,1,4,0.612372435695794,0,0,zero-return
87,50,2,3,4,2,5,2,19,2,1,2,1,4,0.612372435695794,0,0,zero-return
87,87,2,3,2,2,3,2,19,2,2,2,2,2,0.25,0,0,zero-return
87,87,2,3,2,2,3,2,19,2,2,2,2,4,-0.5,0,-0,zero-return
87,87,2,3,2,2,3,2,19,2,2,2,2,6,0.75,0,0,zero-return
87,87,2,3,2,2,3,2,19,2,2,2,2,2,0.25,0,0,zero-return
87,87,2,3,2,2,3,2,19,2,2,2,2,4,-0.5,0,-0,zero-return
87,87,2,3,2,2,3,2,19,2,2,2,2,6,0.75,0,0,zero-return
87,87,2,3,2,2,3,2,19,2,2,2,2,2,0.25,0,0,zero-return
87,87,2,3,2,2,3,2,19,2,2,2,2,4,-0.5,0,-0,zero-return
87,87,2,3,2,2,3,2,19,2,2,2,2,6,0.75,0,0,zero-return
87,87,2,3,2,2,3,2,19,2,2,2,2,2,0.25,0,0,zero-return
87,87,2,3,2,2,3,2,19,2,2,2,2,4,-0.5,0,-0,zero-return
87,87,2,3,2,2,3,2,19,2,2,2,2,6,0.75,0,0,zero-return
87,87,2,3,2,2,3,2,19,2,2,2,2,2,0.25,0,0,zero-return
87,87,2,3,2,2,3,2,19,2,2,2,2,4,-0.5,0,-0,zero-return
87,87,2,3,2,2,3,2,19,2,2,2,2,6,0.75,0,0,zero-return
87,87,2,3,2,2,3,2,19,2,2,2,2,2,0.25,0,0,zero-return
87,87,2,3,2,2,3,2,19,2,2,2,2,4,-0.5,0,-0,zero-return
87,87,2,3,2,2,3,2,19,2,2,2,2,6,0.75,0,0,zero-return
87,87,2,3,2,2,3,2,19,2,2,2,2,2,0.25,0,0,zero-return
87,87,2,3,2,2,3,2,19,2,2,2,2,4,-0.5,0,-0,zero-return
87,87,2,3,2,2,3,2,19,2,2,2,2,6,0.75,0,0,zero-return
87,88,2,3,2,2,5,2,19,2,2,2,2,2,0.25,0,0,zero-return
87,88,2,3,2,2,5,2,19,2,2,2,2,4,-0.5,0,-0,zero-return
87,88,2,3,2,2,5,2,19,2,2,2,2,6,0.75,0,0,zero-return
87,88,2,3,2,2,5,2,19,2,2,2,2,2,0.25,0,0,zero-return
87,88,2,3,2,2,5,2,19,2,2,2,2,4,-0.5,0,-0,zero-return
87,88,2,3,2,2,5,2,19,2,2,2,2,6,0.75,0,0,zero-return
87,88,2,3,2,2,5,2,19,2,2,2,2,2,0.25,0,0,zero-return
87,88,2,3,2,2,5,2,19,2,2,2,2,4,-0.5,0,-0,zero-return
87,88,2,3,2,2,5,2,19,2,2,2,2,6,0.75,0,0,zero-return
88,29,2,5,2,2,3,2,19,2,1,2,1,2,0.968245836551854,0,0,zero-return
88,29,2,5,2,2,3,2,19,2,1,2,1,4,-0.866025403784439,0,-0,zero-return
88,29,2,5,2,2,3,2,19,2,1,2,1,2,0.968245836551854,0,0,zero-return
88,29,2,5,2,2,3,2,19,2,1,2,1,4,-0.866025403784439,0,-0,zero-return
88,29,2,5,2,2,3,2,19,2,1,2,1,2,0.968245836551854,0,0,zero-return
88,29,2,5,2,2,3,2,19,2,1,2,1,4,-0.866025403784439,0,-0,zero-return
88,29,2,5,2,2,3,2,19,2,1,2,1,2,0.968245836551854,0,0,zero-return
88,29,2,5,2,2,3,2,19,2,1,2,1,4,-0.866025403784439,0,-0,zero-return
88,29,2,5,2,2,3,2,19,2,1,2,1,2,0.968245836551854,0,0,zero-return
88,29,2,5,2,2,3,2,19,2,1,2,1,4,-0.866025403784439,0,-0,zero-return
88,30,2,5,2,2,5,2,19,2,1,2,1,2,0.968245836551854,0,0,zero-return
88,30,2,5,2,2,5,2,19,2,1,2,1,4,-0.866025403784439,0,-0,zero-return
88,30,2,5,2,2,5,2,19,2,1,2,1,2,0.968245836551854,0,0,zero-return
88,30,2,5,2,2,5,2,19,2,1,2,1,4,-0.866025403784439,0,-0,zero-return
88,30,2,5,2,2,5,2,19,2,1,2,1,2,0.968245836551854,0,0,zero-return
88,30,2,5,2,2,5,2,19,2,1,2,1,4,-0.866025403784439,0,-0,zero-return
88,49,2,5,4,2,3,2,19,2,1,2,1,4,0.612372435695794,0,0,zero-return
88,49,2,5,4,2,3,2,19,2,1,2,1,4,0.612372435695794,0,0,zero-return
88,49,2,5,4,2,3,2,19,2,1,2,1,4,0.612372435695794,0,0,zero-return
88,49,2,5,4,2,3,2,19,2,1,2,1,4,0.612372435695794,0,0,zero-return
88,49,2,5,4,2,3,2,19,2,1,2,1,4,0.612372435695794,0,0,zero-return
88,50,2,5,4,2,5,2,19,2,1,2,1,4,0.612372435695794,0,0,zero-return
88,50,2,5,4,2,5,2,19,2,1,2,1,4,0.612372435695794,0,0,zero-return
88,50,2,5,4,2,5,2,19,2,1,2,1,4,0.612372435695794,0,0,zero-return
88,87,2,5,2,2,3,2,19,2,2,2,2,2,0.25,0,0,zero-return
88,87,2,5,2,2,3,2,19,2,2,2,2,4,-0.5,0,-0,zero-return
88,87,2,5,2,2,3,2,19,2,2,2,2,6,0.75,0,0,zero-return
88,87,2,5,2,2,3,2,19,2,2,2,2,2,0.25,0,0,zero-return
88,87,2,5,2,2,3,2,19,2,2,2,2,4,-0.5,0,-0,zero-return
88,87,2,5,2,2,3,2,19,2,2,2,2,6,0.75,0,0,zero-return
88,87,2,5,2,2,3,2,19,2,2,2,2,2,0.25,0,0,zero-return
88,87,2,5,2,2,3,2,19,2,2,2,2,4,-0.5,0,-0,zero-return
88,87,2,5,2,2,3,2,19,2,2,2,2,6,0.75,0,0,zero-return
88,87,2,5,2,2,3,2,19,2,2,2,2,2,0.25,0,0,zero-return
88,87,2,5,2,2,3,2,19,2,2,2,2,4,-0.5,0,-0,zero-return
88,87,2,5,2,2,3,2,19,2,2,2,2,6,0.75,0,0,zero-return
88,87,2,5,2,2,3,2,19,2,2,2,2,2,0.25,0,0,zero-return
88,87,2,5,2,2,3,2,19,2,2,2,2,4,-0.5,0,-0,zero-return
88,87,2,5,2,2,3,2,19,2,2,2,2,6,0.75,0,0,zero-return
88,87,2,5,2,2,3,2,19,2,2,2,2,2,0.25,0,0,zero-return
88,87,2,5,2,2,3,2,19,2,2,2,2,4,-0.5,0,-0,zero-return
88,87,2,5,2,2,3,2,19,2,2,2,2,6,0.75,0,0,zero-return
88,87,2,5,2,2,3,2,19,2,2,2,2,2,0.25,0,0,zero-return
88,87,2,5,2,2,3,2,19,2,2,2,2,4,-0.5,0,-0,zero-return
88,87,2,5,2,2,3,2,19,2,2,2,2,6,0.75,0,0,zero-return
88,88,2,5,2,2,5,2,19,2,2,2,2,2,0.25,0,0,zero-return
88,88,2,5,2,2,5,2,19,2,2,2,2,4,-0.5,0,-0,zero-return
88,88,2,5,2,2,5,2,19,2,2,2,2,6,0.75,0,0,zero-return
88,88,2,5,2,2,5,2,19,2,2,2,2,2,0.25,0,0,zero-return
88,88,2,5,2,2,5,2,19,2,2,2,2,4,-0.5,0,-0,zero-return
88,88,2,5,2,2,5,2,19,2,2,2,2,6,0.75,0,0,zero-return
88,88,2,5,2,2,5,2,19,2,2,2,2,2,0.25,0,0,zero-return
88,88,2,5,2,2,5,2,19,2,2,2,2,4,-0.5,0,-0,zero-return
88,88,2,5,2,2,5,2,19,2,2,2,2,6,0.75,0,0,zero-return
89,29,3,4,2,2,3,2,19,2,1,2,1,2,0.968245836551854,0,0,zero-return
89,29,3,4,2,2,3,2,19,2,1,2,1,4,-0.866025403784439,0,-0,zero-return
89,29,3,4,2,2,3,2,19,2,1,2,1,2,0.968245836551854,0,0,zero-return
89,29,3,4,2,2,3,2,19,2,1,2,1,4,-0.866025403784439,0,-0,zero-return
89,29,3,4,2,2,3,2,19,2,1,2,1,2,0.968245836551854,0,0,zero-return
89,29,3,4,2,2,3,2,19,2,1,2,1,4,-0.866025403784439,0,-0,zero-return
89,29,3,4,2,2,3,2,19,2,1,2,1,2,0.968245836551854,0,0,zero-return
89,29,3,4,2,2,3,2,19,2,1,2,1,4,-0.866025403784439,0,-0,zero-return
89,29,3,4,2,2,3,2,19,2,1,2,1,2,0.968245836551854,0,0,zero-return
89,29,3,4,2,2,3,2,19,2,1,2,1,4,-0.866025403784439,0,-0,zero-return
89,30,3,4,2,2,5,2,19,2,1,2,1,2,0.968245836551854,0,0,zero-return
89,30,3,4,2,2,5,2,19,2,1,2,1,4,-0.866025403784439,0,-0,zero-return
89,30,3,4,2,2,5,2,19,2,1,2,1,2,0.968245836551854,0,0,zero-return
89,30,3,4,2,2,5,2,19,2,1,2,1,4,-0.866025403784439,0,-0,zero-return
89,30,3,4,2,2,5,2,19,2,1,2,1,2,0.968245836551854,0,0,zero-return
89,30,3,4,2,2,5,2,19,2,1,2,1,4,-0.866025403784439,0,-0,zero-return
89,49,3,4,4,2,3,2,19,2,1,2,1,4,0.612372435695794,0,0,zero-return
89,49,3,4,4,2,3,2,19,2,1,2,1,4,0.612372435695794,0,0,zero-return
89,49,3,4,4,2,3,2,19,2,1,2,1,4,0.612372435695794,0,0,zero-return
89,49,3,4,4,2,3,2,19,2,1,2,1,4,0.612372435695794,0,0,zero-return
89,49,3,4,4,2,3,2,19,2,1,2,1,4,0.612372435695794,0,0,zero-return
89,50,3,4,4,2,5,2,19,2,1,2,1,4,0.612372435695794,0,0,zero-return
89,50,3,4,4,2,5,2,19,2,1,2,1,4,0.612372435695794,0,0,zero-return
89,50,3,4,4,2,5,2,19,2,1,2,1,4,0.612372435695794,0,0,zero-return
89,87,3,4,2,2,3,2,19,2,2,2,2,2,0.25,0,0,zero-return
89,87,3,4,2,2,3,2,19,2,2,2,2,4,-0.5,0,-0,zero-return
89,87,3,4,2,2,3,2,19,2,2,2,2,6,0.75,0,0,zero-return
89,87,3,4,2,2,3,2,19,2,2,2,2,2,0.25,0,0,zero-return
89,87,3,4,2,2,3,2,19,2,2,2,2,4,-0.5,0,-0,zero-return
89,87,3,4,2,2,3,2,19,2,2,2,2,6,0.75,0,0,zero-return
89,87,3,4,2,2,3,2,19,2,2,2,2,2,0.25,0,0,zero-return
89,87,3,4,2,2,3,2,19,2,2,2,2,4,-0.5,0,-0,zero-return
89,87,3,4,2,2,3,2,19,2,2,2,2,6,0.75,0,0,zero-return
89,87,3,4,2,2,3,2,19,2,2,2,2,2,0.25,0,0,zero-return
89,87,3,4,2,2,3,2,19,2,2,2,2,4,-0.5,0,-0,zero-return
89,87,3,4,2,2,3,2,19,2,2,2,2,6,0.75,0,0,zero-return
89,87,3,4,2,2,3,2,19,2,2,2,2,2,0.25,0,0,zero-return
89,87,3,4,2,2,3,2,19,2,2,2,2,4,-0.5,0,-0,zero-return
89,87,3,4,2,2,3,2,19,2,2,2,2,6,0.75,0,0,zero-return
89,87,3,4,2,2,3,2,19,2,2,2,2,2,0.25,0,0,zero-return
89,87,3,4,2,2,3,2,19,2,2,2,2,4,-0.5,0,-0,zero-return
89,87,3,4,2,2,3,2,19,2,2,2,2,6,0.75,0,0,zero-return
89,87,3,4,2,2,3,2,19,2,2,2,2,2,0.25,0,0,zero-return
89,87,3,4,2,2,3,2,19,2,2,2,2,4,-0.5,0,-0,zero-return
89,87,3,4,2,2,3,2,19,2,2,2,2,6,0.75,0,0,zero-return
89,88,3,4,2,2,5,2,19,2,2,2,2,2,0.25,0,0,zero-return
89,88,3,4,2,2,5,2,19,2,2,2,2,4,-0.5,0,-0,zero-return
89,88,3,4,2,2,5,2,19,2,2,2,2,6,0.75,0,0,zero-return
89,88,3,4,2,2,5,2,19,2,2,2,2,2,0.25,0,0,zero-return
89,88,3,4,2,2,5,2,19,2,2,2,2,4,-0.5,0,-0,zero-return
89,88,3,4,2,2,5,2,19,2,2,2,2,6,0.75,0,0,zero-return
89,88,3,4,2,2,5,2,19,2,2,2,2,2,0.25,0,0,zero-return
89,88,3,4,2,2,5,2,19,2,2,2,2,4,-0.5,0,-0,zero-return
89,88,3,4,2,2,5,2,19,2,2,2,2,6,0.75,0,0,zero-return
90,92,2,3,3,3,4,3,12,2,2,2,2,2,-1,0,-0,IndexError
90,92,2,3,3,3,4,3,12,2,2,2,2,4,-0.5,0,-0,IndexError
90,92,2,3,3,3,4,3,12,2,2,2,2,6,-0.142857142857143,0,-0,IndexError
90,92,2,3,3,3,4,3,12,2,2,2,2,2,-1,0,-0,IndexError
90,92,2,3,3,3,4,3,12,2,2,2,2,4,-0.5,0,-0,IndexError
90,92,2,3,3,3,4,3,12,2,2,2,2,6,-0.142857142857143,0,-0,IndexError
90,92,2,3,3,3,4,3,12,2,2,2,2,2,-1,0,-0,IndexError
90,92,2,3,3,3,4,3,12,2,2,2,2,4,-0.5,0,-0,IndexError
90,92,2,3,3,3,4,3,12,2,2,2,2,6,-0.142857142857143,0,-0,IndexError
91,92,2,5,3,3,4,3,12,2,2,2,2,2,-1,0,-0,IndexError
91,92,2,5,3,3,4,3,12,2,2,2,2,4,-0.5,0,-0,IndexError
91,92,2,5,3,3,4,3,12,2,2,2,2,6,-0.142857142857143,0,-0,IndexError
91,92,2,5,3,3,4,3,12,2,2,2,2,2,-1,0,-0,IndexError
91,92,2,5,3,3,4,3,12,2,2,2,2,4,-0.5,0,-0,IndexError
91,92,2,5,3,3,4,3,12,2,2,2,2,6,-0.142857142857143,0,-0,IndexError
91,92,2,5,3,3,4,3,12,2,2,2,2,2,-1,0,-0,IndexError
91,92,2,5,3,3,4,3,12,2,2,2,2,4,-0.5,0,-0,IndexError
91,92,2,5,3,3,4,3,12,2,2,2,2,6,-0.142857142857143,0,-0,IndexError
92,92,3,4,3,3,4,3,12,2,2,2,2,2,-1,0,-0,IndexError
92,92,3,4,3,3,4,3,12,2,2,2,2,4,-0.5,0,-0,IndexError
92,92,3,4,3,3,4,3,12,2,2,2,2,6,-0.142857142857143,0,-0,IndexError
92,92,3,4,3,3,4,3,12,2,2,2,2,2,-1,0,-0,IndexError
92,92,3,4,3,3,4,3,12,2,2,2,2,4,-0.5,0,-0,IndexError
92,92,3,4,3,3,4,3,12,2,2,2,2,6,-0.142857142857143,0,-0,IndexError
92,92,3,4,3,3,4,3,12,2,2,2,2,2,-1,0,-0,IndexError
92,92,3,4,3,3,4,3,12,2,2,2,2,4,-0.5,0,-0,IndexError
92,92,3,4,3,3,4,3,12,2,2,2,2,6,-0.142857142857143,0,-0,IndexError
93,35,2,3,3,3,4,3,14,2,1,2,1,2,0.661437827766148,0,0,IndexError
93,35,2,3,3,3,4,3,14,2,1,2,1,4,0.591607978309962,0,0,IndexError
93,35,2,3,3,3,4,3,14,2,1,2,1,2,0.661437827766148,0,0,IndexError
93,35,2,3,3,3,4,3,14,2,1,2,1,4,0.591607978309962,0,0,IndexError
93,35,2,3,3,3,4,3,14,2,1,2,1,2,0.661437827766148,0,0,IndexError
93,35,2,3,3,3,4,3,14,2,1,2,1,4,0.591607978309962,0,0,IndexError
93,95,2,3,3,3,4,3,14,2,2,2,2,2,0.75,0,0,IndexError
93,95,2,3,3,3,4,3,14,2,2,2,2,4,-0.5,0,-0,IndexError
93,95,2,3,3,3,4,3,14,2,2,2,2,6,-0.55952380952381,0,-0,IndexError
93,95,2,3,3,3,4,3,14,2,2,2,2,2,0.75,0,0,IndexError
93,95,2,3,3,3,4,3,14,2,2,2,2,4,-0.5,0,-0,IndexError
93,95,2,3,3,3,4,3,14,2,2,2,2,6,-0.55952380952381,0,-0,IndexError
93,95,2,3,3,3,4,3,14,2,2,2,2,2,0.75,0,0,IndexError
93,95,2,3,3,3,4,3,14,2,2,2,2,4,-0.5,0,-0,IndexError
93,95,2,3,3,3,4,3,14,2,2,2,2,6,-0.55952380952381,0,-0,IndexError
93,110,2,3,5,3,4,3,14,2,2,2,2,4,0.935414346693485,0,0,IndexError
93,110,2,3,5,3,4,3,14,2,2,2,2,4,0.935414346693485,0,0,IndexError
93,110,2,3,5,3,4,3,14,2,2,2,2,4,0.935414346693485,0,0,IndexError
94,35,2,5,3,3,4,3,14,2,1,2,1,2,0.661437827766148,0,0,IndexError
94,35,2,5,3,3,4,3,14,2,1,2,1,4,0.591607978309962,0,0,IndexError
94,35,2,5,3,3,4,3,14,2,1,2,1,2,0.661437827766148,0,0,IndexError
94,35,2,5,3,3,4,3,14,2,1,2,1,4,0.591607978309962,0,0,IndexError
94,35,2,5,3,3,4,3,14,2,1,2,1,2,0.661437827766148,0,0,IndexError
94,35,2,5,3,3,4,3,14,2,1,2,1,4,0.591607978309962,0,0,IndexError
94,95,2,5,3,3,4,3,14,2,2,2,2,2,0.75,0,0,IndexError
94,95,2,5,3,3,4,3,14,2,2,2,2,4,-0.5,0,-0,IndexError
94,95,2,5,3,3,4,3,14,2,2,2,2,6,-0.55952380952381,0,-0,IndexError
94,95,2,5,3,3,4,3,14,2,2,2,2,2,0.75,0,0,IndexError
94,95,2,5,3,3,4,3,14,2,2,2,2,4,-0.5,0,-0,IndexError
94,95,2,5,3,3,4,3,14,2,2,2,2,6,-0.55952380952381,0,-0,IndexError
94,95,2,5,3,3,4,3,14,2,2,2,2,2,0.75,0,0,IndexError
94,95,2,5,3,3,4,3,14,2,2,2,2,4,-0.5,0,-0,IndexError
94,95,2,5,3,3,4,3,14,2,2,2,2,6,-0.55952380952381,0,-0,IndexError
94,110,2,5,5,3,4,3,14,2,2,2,2,4,0.935414346693485,0,0,IndexError
94,110,2,5,5,3,4,3,14,2,2,2,2,4,0.935414346693485,0,0,IndexError
94,110,2,5,5,3,4,3,14,2,2,2,2,4,0.935414346693485,0,0,IndexError
95,35,3,4,3,3,4,3,14,2,1,2,1,2,0.661437827766148,0,0,IndexError
95,35,3,4,3,3,4,3,14,2,1,2,1,4,0.591607978309962,0,0,IndexError
95,35,3,4,3,3,4,3,14,2,1,2,1,2,0.661437827766148,0,0,IndexError
95,35,3,4,3,3,4,3,14,2,1,2,1,4,0.591607978309962,0,0,IndexError
95,35,3,4,3,3,4,3,14,2,1,2,1,2,0.661437827766148,0,0,IndexError
95,35,3,4,3,3,4,3,14,2,1,2,1,4,0.591607978309962,0,0,IndexError
95,95,3,4,3,3,4,3,14,2,2,2,2,2,0.75,0,0,IndexError
95,95,3,4,3,3,4,3,14,2,2,2,2,4,-0.5,0,-0,IndexError
95,95,3,4,3,3,4,3,14,2,2,2,2,6,-0.55952380952381,0,-0,IndexError
95,95,3,4,3,3,4,3,14,2,2,2,2,2,0.75,0,0,IndexError
95,95,3,4,3,3,4,3,14,2,2,2,2,4,-0.5,0,-0,IndexError
95,95,3,4,3,3,4,3,14,2,2,2,2,6,-0.55952380952381,0,-0,IndexError
95,95,3,4,3,3,4,3,14,2,2,2,2,2,0.75,0,0,IndexError
95,95,3,4,3,3,4,3,14,2,2,2,2,4,-0.5,0,-0,IndexError
95,95,3,4,3,3,4,3,14,2,2,2,2,6,-0.55952380952381,0,-0,IndexError
95,110,3,4,5,3,4,3,14,2,2,2,2,4,0.935414346693485,0,0,IndexError
95,110,3,4,5,3,4,3,14,2,2,2,2,4,0.935414346693485,0,0,IndexError
95,110,3,4,5,3,4,3,14,2,2,2,2,4,0.935414346693485,0,0,IndexError
96,39,2,3,3,3,4,3,16,2,1,2,1,2,-0.866025403784439,0,-0,IndexError
96,39,2,3,3,3,4,3,16,2,1,2,1,4,0.193649167310371,0,0,IndexError
96,39,2,3,3,3,4,3,16,2,1,2,1,2,-0.866025403784439,0,-0,IndexError
96,39,2,3,3,3,4,3,16,2,1,2,1,4,0.193649167310371,0,0,IndexError
96,39,2,3,3,3,4,3,16,2,1,2,1,2,-0.866025403784439,0,-0,IndexError
96,39,2,3,3,3,4,3,16,2,1,2,1,4,0.193649167310371,0,0,IndexError
96,55,2,3,5,3,4,3,16,2,1,2,1,4,-0.866025403784439,0,-0,IndexError
96,55,2,3,5,3,4,3,16,2,1,2,1,4,-0.866025403784439,0,-0,IndexError
96,55,2,3,5,3,4,3,16,2,1,2,1,4,-0.866025403784439,0,-0,IndexError
96,98,2,3,3,3,4,3,16,2,2,2,2,2,-0.5,0,-0,IndexError
96,98,2,3,3,3,4,3,16,2,2,2,2,4,0.75,0,0,IndexError
96,98,2,3,3,3,4,3,16,2,2,2,2,6,-0.5,0,-0,IndexError
96,98,2,3,3,3,4,3,16,2,2,2,2,2,-0.5,0,-0,IndexError
96,98,2,3,3,3,4,3,16,2,2,2,2,4,0.75,0,0,IndexError
96,98,2,3,3,3,4,3,16,2,2,2,2,6,-0.5,0,-0,IndexError
96,98,2,3,3,3,4,3,16,2,2,2,2,2,-0.5,0,-0,IndexError
96,98,2,3,3,3,4,3,16,2,2,2,2,4,0.75,0,0,IndexError
96,98,2,3,3,3,4,3,16,2,2,2,2,6,-0.5,0,-0,IndexError
96,113,2,3,5,3,4,3,16,2,2,2,2,4,-0.5,0,-0,IndexError
96,113,2,3,5,3,4,3,16,2,2,2,2,4,-0.5,0,-0,IndexError
96,113,2,3,5,3,4,3,16,2,2,2,2,4,-0.5,0,-0,IndexError
97,39,2,5,3,3,4,3,16,2,1,2,1,2,-0.866025403784439,0,-0,IndexError
97,39,2,5,3,3,4,3,16,2,1,2,1,4,0.193649167310371,0,0,IndexError
97,39,2,5,3,3,4,3,16,2,1,2,1,2,-0.866025403784439,0,-0,IndexError
97,39,2,5,3,3,4,3,16,2,1,2,1,4,0.193649167310371,0,0,IndexError
97,39,2,5,3,3,4,3,16,2,1,2,1,2,-0.866025403784439,0,-0,IndexError
97,39,2,5,3,3,4,3,16,2,1,2,1,4,0.193649167310371,0,0,IndexError
97,55,2,5,5,3,4,3,16,2,1,2,1,4,-0.866025403784439,0,-0,IndexError
97,55,2,5,5,3,4,3,16,2,1,2,1,4,-0.866025403784439,0,-0,IndexError
97,55,2,5,5,3,4,3,16,2,1,2,1,4,-0.866025403784439,0,-0,IndexError
97,98,2,5,3,3,4,3,16,2,2,2,2,2,-0.5,0,-0,IndexError
97,98,2,5,3,3,4,3,16,2,2,2,2,4,0.75,0,0,IndexError
97,98,2,5,3,3,4,3,16,2,2,2,2,6,-0.5,0,-0,IndexError
97,98,2,5,3,3,4,3,16,2,2,2,2,2,-0.5,0,-0,IndexError
97,98,2,5,3,3,4,3,16,2,2,2,2,4,0.75,0,0,IndexError
97,98,2,5,3,3,4,3,16,2,2,2,2,6,-0.5,0,-0,IndexError
97,98,2,5,3,3,4,3,16,2,2,2,2,2,-0.5,0,-0,IndexError
97,98,2,5,3,3,4,3,16,2,2,2,2,4,0.75,0,0,IndexError
97,98,2,5,3,3,4,3,16,2,2,2,2,6,-0.5,0,-0,IndexError
97,113,2,5,5,3,4,3,16,2,2,2,2,4,-0.5,0,-0,IndexError
97,113,2,5,5,3,4,3,16,2,2,2,2,4,-0.5,0,-0,IndexError
97,113,2,5,5,3,4,3,16,2,2,2,2,4,-0.5,0,-0,IndexError
98,39,3,4,3,3,4,3,16,2,1,2,1,2,-0.866025403784439,0,-0,IndexError
98,39,3,4,3,3,4,3,16,2,1,2,1,4,0.193649167310371,0,0,IndexError
98,39,3,4,3,3,4,3,16,2,1,2,1,2,-0.866025403784439,0,-0,IndexError
98,39,3,4,3,3,4,3,16,2,1,2,1,4,0.193649167310371,0,0,IndexError
98,39,3,4,3,3,4,3,16,2,1,2,1,2,-0.866025403784439,0,-0,IndexError
98,39,3,4,3,3,4,3,16,2,1,2,1,4,0.193649167310371,0,0,IndexError
98,55,3,4,5,3,4,3,16,2,1,2,1,4,-0.866025403784439,0,-0,IndexError
98,55,3,4,5,3,4,3,16,2,1,2,1,4,-0.866025403784439,0,-0,IndexError
98,55,3,4,5,3,4,3,16,2,1,2,1,4,-0.866025403784439,0,-0,IndexError
98,98,3,4,3,3,4,3,16,2,2,2,2,2,-0.5,0,-0,IndexError
98,98,3,4,3,3,4,3,16,2,2,2,2,4,0.75,0,0,IndexError
98,98,3,4,3,3,4,3,16,2,2,2,2,6,-0.5,0,-0,IndexError
98,98,3,4,3,3,4,3,16,2,2,2,2,2,-0.5,0,-0,IndexError
98,98,3,4,3,3,4,3,16,2,2,2,2,4,0.75,0,0,IndexError
98,98,3,4,3,3,4,3,16,2,2,2,2,6,-0.5,0,-0,IndexError
98,98,3,4,3,3,4,3,16,2,2,2,2,2,-0.5,0,-0,IndexError
98,98,3,4,3,3,4,3,16,2,2,2,2,4,0.75,0,0,IndexError
98,98,3,4,3,3,4,3,16,2,2,2,2,6,-0.5,0,-0,IndexError
98,113,3,4,5,3,4,3,16,2,2,2,2,4,-0.5,0,-0,IndexError
98,113,3,4,5,3,4,3,16,2,2,2,2,4,-0.5,0,-0,IndexError
98,113,3,4,5,3,4,3,16,2,2,2,2,4,-0.5,0,-0,IndexError
99,43,2,3,3,3,4,3,18,2,1,2,1,2,0.968245836551854,0,0,IndexError
99,43,2,3,3,3,4,3,18,2,1,2,1,4,-0.866025403784439,0,-0,IndexError
99,43,2,3,3,3,4,3,18,2,1,2,1,2,0.968245836551854,0,0,IndexError
99,43,2,3,3,3,4,3,18,2,1,2,1,4,-0.866025403784439,0,-0,IndexError
99,43,2,3,3,3,4,3,18,2,1,2,1,2,0.968245836551854,0,0,IndexError
99,43,2,3,3,3,4,3,18,2,1,2,1,4,-0.866025403784439,0,-0,IndexError
99,59,2,3,5,3,4,3,18,2,1,2,1,4,0.612372435695794,0,0,IndexError
99,59,2,3,5,3,4,3,18,2,1,2,1,4,0.612372435695794,0,0,IndexError
99,59,2,3,5,3,4,3,18,2,1,2,1,4,0.612372435695794,0,0,IndexError
99,101,2,3,3,3,4,3,18,2,2,2,2,2,0.25,0,0,IndexError
99,101,2,3,3,3,4,3,18,2,2,2,2,4,-0.5,0,-0,IndexError
99,101,2,3,3,3,4,3,18,2,2,2,2,6,0.75,0,0,IndexError
99,101,2,3,3,3,4,3,18,2,2,2,2,2,0.25,0,0,IndexError
99,101,2,3,3,3,4,3,18,2,2,2,2,4,-0.5,0,-0,IndexError
99,101,2,3,3,3,4,3,18,2,2,2,2,6,0.75,0,0,IndexError
99,101,2,3,3,3,4,3,18,2,2,2,2,2,0.25,0,0,IndexError
99,101,2,3,3,3,4,3,18,2,2,2,2,4,-0.5,0,-0,IndexError
99,101,2,3,3,3,4,3,18,2,2,2,2,6,0.75,0,0,IndexError
100,43,2,5,3,3,4,3,18,2,1,2,1,2,0.968245836551854,0,0,IndexError
100,43,2,5,3,3,4,3,18,2,1,2,1,4,-0.866025403784439,0,-0,IndexError
100,43,2,5,3,3,4,3,18,2,1,2,1,2,0.968245836551854,0,0,IndexError
100,43,2,5,3,3,4,3,18,2,1,2,1,4,-0.866025403784439,0,-0,IndexError
100,43,2,5,3,3,4,3,18,2,1,2,1,2,0.968245836551854,0,0,IndexError
100,43,2,5,3,3,4,3,18,2,1,2,1,4,-0.866025403784439,0,-0,IndexError
100,59,2,5,5,3,4,3,18,2,1,2,1,4,0.612372435695794,0,0,IndexError
100,59,2,5,5,3,4,3,18,2,1,2,1,4,0.612372435695794,0,0,IndexError
100,59,2,5,5,3,4,3,18,2,1,2,1,4,0.612372435695794,0,0,IndexError
100,101,2,5,3,3,4,3,18,2,2,2,2,2,0.25,0,0,IndexError
100,101,2,5,3,3,4,3,18,2,2,2,2,4,-0.5,0,-0,IndexError
100,101,2,5,3,3,4,3,18,2,2,2,2,6,0.75,0,0,IndexError
100,101,2,5,3,3,4,3,18,2,2,2,2,2,0.25,0,0,IndexError
100,101,2,5,3,3,4,3,18,2,2,2,2,4,-0.5,0,-0,IndexError
100,101,2,5,3,3,4,3,18,2,2,2,2,6,0.75,0,0,IndexError
100,101,2,5,3,3,4,3,18,2,2,2,2,2,0.25,0,0,IndexError
100,101,2,5,3,3,4,3,18,2,2,2,2,4,-0.5,0,-0,IndexError
100,101,2,5,3,3,4,3,18,2,2,2,2,6,0.75,0,0,IndexError
101,43,3,4,3,3,4,3,18,2,1,2,1,2,0.968245836551854,0,0,IndexError
101,43,3,4,3,3,4,3,18,2,1,2,1,4,-0.866025403784439,0,-0,IndexError
101,43,3,4,3,3,4,3,18,2,1,2,1,2,0.968245836551854,0,0,IndexError
101,43,3,4,3,3,4,3,18,2,1,2,1,4,-0.866025403784439,0,-0,IndexError
101,43,3,4,3,3,4,3,18,2,1,2,1,2,0.968245836551854,0,0,IndexError
101,43,3,4,3,3,4,3,18,2,1,2,1,4,-0.866025403784439,0,-0,IndexError
101,59,3,4,5,3,4,3,18,2,1,2,1,4,0.612372435695794,0,0,IndexError
101,59,3,4,5,3,4,3,18,2,1,2,1,4,0.612372435695794,0,0,IndexError
101,59,3,4,5,3,4,3,18,2,1,2,1,4,0.612372435695794,0,0,IndexError
101,101,3,4,3,3,4,3,18,2,2,2,2,2,0.25,0,0,IndexError
101,101,3,4,3,3,4,3,18,2,2,2,2,4,-0.5,0,-0,IndexError
101,101,3,4,3,3,4,3,18,2,2,2,2,6,0.75,0,0,IndexError
101,101,3,4,3,3,4,3,18,2,2,2,2,2,0.25,0,0,IndexError
101,101,3,4,3,3,4,3,18,2,2,2,2,4,-0.5,0,-0,IndexError
101,101,3,4,3,3,4,3,18,2,2,2,2,6,0.75,0,0,IndexError
101,101,3,4,3,3,4,3,18,2,2,2,2,2,0.25,0,0,IndexError
101,101,3,4,3,3,4,3,18,2,2,2,2,4,-0.5,0,-0,IndexError
101,101,3,4,3,3,4,3,18,2,2,2,2,6,0.75,0,0,IndexError
102,24,2,3,2,4,5,4,15,2,1,2,1,2,-1,0,-0,zero-return
103,24,2,5,2,4,5,4,15,2,1,2,1,2,-1,0,-0,zero-return
104,24,3,4,2,4,5,4,15,2,1,2,1,2,-1,0,-0,zero-return
105,28,2,3,2,4,5,4,17,2,1,2,1,2,0.612372435695794,0,0,zero-return
106,28,2,5,2,4,5,4,17,2,1,2,1,2,0.612372435695794,0,0,zero-return
107,28,3,4,2,4,5,4,17,2,1,2,1,2,0.612372435695794,0,0,zero-return
114,80,3,3,2,3,4,3,13,2,2,2,2,2,-1.4142135623731,0,-0,IndexError
114,80,3,3,2,3,4,3,13,2,2,2,2,4,-0.707106781186548,0,-0,IndexError
114,80,3,3,2,3,4,3,13,2,2,2,2,6,-0.202030508910442,0,-0,IndexError
114,80,3,3,2,3,4,3,13,2,2,2,2,2,-1.4142135623731,0,-0,IndexError
114,80,3,3,2,3,4,3,13,2,2,2,2,4,-0.707106781186548,0,-0,IndexError
114,80,3,3,2,3,4,3,13,2,2,2,2,6,-0.202030508910442,0,-0,IndexError
114,80,3,3,2,3,4,3,13,2,2,2,2,2,-1.4142135623731,0,-0,IndexError
114,80,3,3,2,3,4,3,13,2,2,2,2,4,-0.707106781186548,0,-0,IndexError
114,80,3,3,2,3,4,3,13,2,2,2,2,6,-0.202030508910442,0,-0,IndexError
114,114,3,3,3,3,3,3,13,2,2,2,2,2,-2,0,-0,zero-return
114,114,3,3,3,3,3,3,13,2,2,2,2,4,-1,0,-0,IndexError
114,114,3,3,3,3,3,3,13,2,2,2,2,6,-0.285714285714286,0,-0,IndexError
114,114,3,3,3,3,3,3,13,2,2,2,2,2,-2,0,-0,zero-return
114,114,3,3,3,3,3,3,13,2,2,2,2,4,-1,0,-0,IndexError
114,114,3,3,3,3,3,3,13,2,2,2,2,6,-0.285714285714286,0,-0,IndexError
114,114,3,3,3,3,3,3,13,2,2,2,2,2,-2,0,-0,zero-return
114,114,3,3,3,3,3,3,13,2,2,2,2,4,-1,0,-0,IndexError
114,114,3,3,3,3,3,3,13,2,2,2,2,6,-0.285714285714286,0,-0,IndexError
114,114,3,3,3,3,3,3,13,2,2,2,2,2,-2,0,-0,zero-return
114,114,3,3,3,3,3,3,13,2,2,2,2,4,-1,0,-0,IndexError
114,114,3,3,3,3,3,3,13,2,2,2,2,6,-0.285714285714286,0,-0,IndexError
114,114,3,3,3,3,3,3,13,2,2,2,2,2,-2,0,-0,zero-return
114,114,3,3,3,3,3,3,13,2,2,2,2,4,-1,0,-0,IndexError
114,114,3,3,3,3,3,3,13,2,2,2,2,6,-0.285714285714286,0,-0,IndexError
114,114,3,3,3,3,3,3,13,2,2,2,2,2,-2,0,-0,zero-return
114,114,3,3,3,3,3,3,13,2,2,2,2,4,-1,0,-0,IndexError
114,114,3,3,3,3,3,3,13,2,2,2,2,6,-0.285714285714286,0,-0,IndexError
114,114,3,3,3,3,3,3,13,2,2,2,2,2,-2,0,-0,zero-return
114,114,3,3,3,3,3,3,13,2,2,2,2,4,-1,0,-0,IndexError
114,114,3,3,3,3,3,3,13,2,2,2,2,6,-0.285714285714286,0,-0,IndexError
114,115,3,3,3,3,5,3,13,2,2,2,2,2,-1.4142135623731,0,-0,zero-return
114,115,3,3,3,3,5,3,13,2,2,2,2,4,-0.707106781186548,0,-0,IndexError
114,115,3,3,3,3,5,3,13,2,2,2,2,6,-0.202030508910442,0,-0,IndexError
114,115,3,3,3,3,5,3,13,2,2,2,2,2,-1.4142135623731,0,-0,zero-return
114,115,3,3,3,3,5,3,13,2,2,2,2,4,-0.707106781186548,0,-0,IndexError
114,115,3,3,3,3,5,3,13,2,2,2,2,6,-0.202030508910442,0,-0,IndexError
114,115,3,3,3,3,5,3,13,2,2,2,2,2,-1.4142135623731,0,-0,zero-return
114,115,3,3,3,3,5,3,13,2,2,2,2,4,-0.707106781186548,0,-0,IndexError
114,115,3,3,3,3,5,3,13,2,2,2,2,6,-0.202030508910442,0,-0,IndexError
115,80,3,5,2,3,4,3,13,2,2,2,2,2,-1,0,-0,IndexError
115,80,3,5,2,3,4,3,13,2,2,2,2,4,-0.5,0,-0,IndexError
115,80,3,5,2,3,4,3,13,2,2,2,2,6,-0.142857142857143,0,-0,IndexError
115,80,3,5,2,3,4,3,13,2,2,2,2,2,-1,0,-0,IndexError
115,80,3,5,2,3,4,3,13,2,2,2,2,4,-0.5,0,-0,IndexError
115,80,3,5,2,3,4,3,13,2,2,2,2,6,-0.142857142857143,0,-0,IndexError
115,80,3,5,2,3,4,3,13,2,2,2,2,2,-1,0,-0,IndexError
115,80,3,5,2,3,4,3,13,2,2,2,2,4,-0.5,0,-0,IndexError
115,80,3,5,2,3,4,3,13,2,2,2,2,6,-0.142857142857143,0,-0,IndexError
115,114,3,5,3,3,3,3,13,2,2,2,2,2,-1.4142135623731,0,-0,zero-return
115,114,3,5,3,3,3,3,13,2,2,2,2,4,-0.707106781186548,0,-0,IndexError
115,114,3,5,3,3,3,3,13,2,2,2,2,6,-0.202030508910442,0,-0,IndexError
115,114,3,5,3,3,3,3,13,2,2,2,2,2,-1.4142135623731,0,-0,zero-return
115,114,3,5,3,3,3,3,13,2,2,2,2,4,-0.707106781186548,0,-0,IndexError
115,114,3,5,3,3,3,3,13,2,2,2,2,6,-0.202030508910442,0,-0,IndexError
115,114,3,5,3,3,3,3,13,2,2,2,2,2,-1.4142135623731,0,-0,zero-return
115,114,3,5,3,3,3,3,13,2,2,2,2,4,-0.707106781186548,0,-0,IndexError
115,114,3,5,3,3,3,3,13,2,2,2,2,6,-0.202030508910442,0,-0,IndexError
115,114,3,5,3,3,3,3,13,2,2,2,2,2,-1.4142135623731,0,-0,zero-return
115,114,3,5,3,3,3,3,13,2,2,2,2,4,-0.707106781186548,0,-0,IndexError
115,114,3,5,3,3,3,3,13,2,2,2,2,6,-0.202030508910442,0,-0,IndexError
115,114,3,5,3,3,3,3,13,2,2,2,2,2,-1.4142135623731,0,-0,zero-return
115,114,3,5,3,3,3,3,13,2,2,2,2,4,-0.707106781186548,0,-0,IndexError
115,114,3,5,3,3,3,3,13,2,2,2,2,6,-0.202030508910442,0,-0,IndexError
115,114,3,5,3,3,3,3,13,2,2,2,2,2,-1.4142135623731,0,-0,zero-return
115,114,3,5,3,3,3,3,13,2,2,2,2,4,-0.707106781186548,0,-0,IndexError
115,114,3,5,3,3,3,3,13,2,2,2,2,6,-0.202030508910442,0,-0,IndexError
115,114,3,5,3,3,3,3,13,2,2,2,2,2,-1.4142135623731,0,-0,zero-return
115,114,3,5,3,3,3,3,13,2,2,2,2,4,-0.707106781186548,0,-0,IndexError
115,114,3,5,3,3,3,3,13,2,2,2,2,6,-0.202030508910442,0,-0,IndexError
115,115,3,5,3,3,5,3,13,2,2,2,2,2,-1,0,-0,zero-return
115,115,3,5,3,3,5,3,13,2,2,2,2,4,-0.5,0,-0,IndexError
115,115,3,5,3,3,5,3,13,2,2,2,2,6,-0.142857142857143,0,-0,IndexError
115,115,3,5,3,3,5,3,13,2,2,2,2,2,-1,0,-0,zero-return
115,115,3,5,3,3,5,3,13,2,2,2,2,4,-0.5,0,-0,IndexError
115,115,3,5,3,3,5,3,13,2,2,2,2,6,-0.142857142857143,0,-0,IndexError
115,115,3,5,3,3,5,3,13,2,2,2,2,2,-1,0,-0,zero-return
115,115,3,5,3,3,5,3,13,2,2,2,2,4,-0.5,0,-0,IndexError
115,115,3,5,3,3,5,3,13,2,2,2,2,6,-0.142857142857143,0,-0,IndexError
116,23,3,3,2,3,4,3,15,2,1,2,1,2,0.935414346693485,0,0,IndexError
116,23,3,3,2,3,4,3,15,2,1,2,1,4,0.836660026534076,0,0,IndexError
116,23,3,3,2,3,4,3,15,2,1,2,1,2,0.935414346693485,0,0,IndexError
116,23,3,3,2,3,4,3,15,2,1,2,1,4,0.836660026534076,0,0,IndexError
116,23,3,3,2,3,4,3,15,2,1,2,1,2,0.935414346693485,0,0,IndexError
116,23,3,3,2,3,4,3,15,2,1,2,1,4,0.836660026534076,0,0,IndexError
116,61,3,3,3,3,5,3,15,2,1,2,1,2,0.935414346693485,0,0,zero-return
116,61,3,3,3,3,5,3,15,2,1,2,1,4,0.836660026534076,0,0,IndexError
116,61,3,3,3,3,5,3,15,2,1,2,1,2,0.935414346693485,0,0,zero-return
116,61,3,3,3,3,5,3,15,2,1,2,1,4,0.836660026534076,0,0,IndexError
116,61,3,3,3,3,5,3,15,2,1,2,1,2,0.935414346693485,0,0,zero-return
116,61,3,3,3,3,5,3,15,2,1,2,1,4,0.836660026534076,0,0,IndexError
116,83,3,3,2,3,4,3,15,2,2,2,2,2,1.06066017177982,0,0,IndexError
116,83,3,3,2,3,4,3,15,2,2,2,2,4,-0.707106781186548,0,-0,IndexError
116,83,3,3,2,3,4,3,15,2,2,2,2,6,-0.791286159899232,0,-0,IndexError
116,83,3,3,2,3,4,3,15,2,2,2,2,2,1.06066017177982,0,0,IndexError
116,83,3,3,2,3,4,3,15,2,2,2,2,4,-0.707106781186548,0,-0,IndexError
116,83,3,3,2,3,4,3,15,2,2,2,2,6,-0.791286159899232,0,-0,IndexError
116,83,3,3,2,3,4,3,15,2,2,2,2,2,1.06066017177982,0,0,IndexError
116,83,3,3,2,3,4,3,15,2,2,2,2,4,-0.707106781186548,0,-0,IndexError
116,83,3,3,2,3,4,3,15,2,2,2,2,6,-0.791286159899232,0,-0,IndexError
116,104,3,3,4,3,4,3,15,2,2,2,2,4,1.3228756555323,0,0,IndexError
116,104,3,3,4,3,4,3,15,2,2,2,2,4,1.3228756555323,0,0,IndexError
116,104,3,3,4,3,4,3,15,2,2,2,2,4,1.3228756555323,0,0,IndexError
116,116,3,3,3,3,3,3,15,2,2,2,2,2,1.5,0,0,zero-return
116,116,3,3,3,3,3,3,15,2,2,2,2,4,-1,0,-0,IndexError
116,116,3,3,3,3,3,3,15,2,2,2,2,6,-1.11904761904762,0,-0,IndexError
116,116,3,3,3,3,3,3,15,2,2,2,2,2,1.5,0,0,zero-return
116,116,3,3,3,3,3,3,15,2,2,2,2,4,-1,0,-0,IndexError
116,116,3,3,3,3,3,3,15,2,2,2,2,6,-1.11904761904762,0,-0,IndexError
116,116,3,3,3,3,3,3,15,2,2,2,2,2,1.5,0,0,zero-return
116,116,3,3,3,3,3,3,15,2,2,2,2,4,-1,0,-0,IndexError
116,116,3,3,3,3,3,3,15,2,2,2,2,6,-1.11904761904762,0,-0,IndexError
116,116,3,3,3,3,3,3,15,2,2,2,2,2,1.5,0,0,zero-return
116,116,3,3,3,3,3,3,15,2,2,2,2,4,-1,0,-0,IndexError
116,116,3,3,3,3,3,3,15,2,2,2,2,6,-1.11904761904762,0,-0,IndexError
116,116,3,3,3,3,3,3,15,2,2,2,2,2,1.5,0,0,zero-return
116,116,3,3,3,3,3,3,15,2,2,2,2,4,-1,0,-0,IndexError
116,116,3,3,3,3,3,3,15,2,2,2,2,6,-1.11904761904762,0,-0,IndexError
116,116,3,3,3,3,3,3,15,2,2,2,2,2,1.5,0,0,zero-return
116,116,3,3,3,3,3,3,15,2,2,2,2,4,-1,0,-0,IndexError
116,116,3,3,3,3,3,3,15,2,2,2,2,6,-1.11904761904762,0,-0,IndexError
116,116,3,3,3,3,3,3,15,2,2,2,2,2,1.5,0,0,zero-return
116,116,3,3,3,3,3,3,15,2,2,2,2,4,-1,0,-0,IndexError
116,116,3,3,3,3,3,3,15,2,2,2,2,6,-1.11904761904762,0,-0,IndexError
116,117,3,3,3,3,5,3,15,2,2,2,2,2,1.06066017177982,0,0,zero-return
116,117,3,3,3,3,5,3,15,2,2,2,2,4,-0.707106781186548,0,-0,IndexError
116,117,3,3,3,3,5,3,15,2,2,2,2,6,-0.791286159899232,0,-0,IndexError
116,117,3,3,3,3,5,3,15,2,2,2,2,2,1.06066017177982,0,0,zero-return
116,117,3,3,3,3,5,3,15,2,2,2,2,4,-0.707106781186548,0,-0,IndexError
116,117,3,3,3,3,5,3,15,2,2,2,2,6,-0.791286159899232,0,-0,IndexError
116,117,3,3,3,3,5,3,15,2,2,2,2,2,1.06066017177982,0,0,zero-return
116,117,3,3,3,3,5,3,15,2,2,2,2,4,-0.707106781186548,0,-0,IndexError
116,117,3,3,3,3,5,3,15,2,2,2,2,6,-0.791286159899232,0,-0,IndexError
116,122,3,3,5,3,3,3,15,2,2,2,2,4,1.87082869338697,0,0,IndexError
116,122,3,3,5,3,3,3,15,2,2,2,2,4,1.87082869338697,0,0,IndexError
116,122,3,3,5,3,3,3,15,2,2,2,2,4,1.87082869338697,0,0,IndexError
116,122,3,3,5,3,3,3,15,2,2,2,2,4,1.87082869338697,0,0,IndexError
116,122,3,3,5,3,3,3,15,2,2,2,2,4,1.87082869338697,0,0,IndexError
116,122,3,3,5,3,3,3,15,2,2,2,2,4,1.87082869338697,0,0,IndexError
116,122,3,3,5,3,3,3,15,2,2,2,2,4,1.87082869338697,0,0,IndexError
116,123,3,3,5,3,5,3,15,2,2,2,2,4,1.3228756555323,0,0,IndexError
116,123,3,3,5,3,5,3,15,2,2,2,2,4,1.3228756555323,0,0,IndexError
116,123,3,3,5,3,5,3,15,2,2,2,2,4,1.3228756555323,0,0,IndexError
117,23,3,5,2,3,4,3,15,2,1,2,1,2,0.661437827766148,0,0,IndexError
117,23,3,5,2,3,4,3,15,2,1,2,1,4,0.591607978309962,0,0,IndexError
117,23,3,5,2,3,4,3,15,2,1,2,1,2,0.661437827766148,0,0,IndexError
117,23,3,5,2,3,4,3,15,2,1,2,1,4,0.591607978309962,0,0,IndexError
117,23,3,5,2,3,4,3,15,2,1,2,1,2,0.661437827766148,0,0,IndexError
117,23,3,5,2,3,4,3,15,2,1,2,1,4,0.591607978309962,0,0,IndexError
117,61,3,5,3,3,5,3,15,2,1,2,1,2,0.661437827766148,0,0,zero-return
117,61,3,5,3,3,5,3,15,2,1,2,1,4,0.591607978309962,0,0,IndexError
117,61,3,5,3,3,5,3,15,2,1,2,1,2,0.661437827766148,0,0,zero-return
117,61,3,5,3,3,5,3,15,2,1,2,1,4,0.591607978309962,0,0,IndexError
117,61,3,5,3,3,5,3,15,2,1,2,1,2,0.661437827766148,0,0,zero-return
117,61,3,5,3,3,5,3,15,2,1,2,1,4,0.591607978309962,0,0,IndexError
117,83,3,5,2,3,4,3,15,2,2,2,2,2,0.75,0,0,IndexError
117,83,3,5,2,3,4,3,15,2,2,2,2,4,-0.5,0,-0,IndexError
117,83,3,5,2,3,4,3,15,2,2,2,2,6,-0.55952380952381,0,-0,IndexError
117,83,3,5,2,3,4,3,15,2,2,2,2,2,0.75,0,0,IndexError
117,83,3,5,2,3,4,3,15,2,2,2,2,4,-0.5,0,-0,IndexError
117,83,3,5,2,3,4,3,15,2,2,2,2,6,-0.55952380952381,0,-0,IndexError
117,83,3,5,2,3,4,3,15,2,2,2,2,2,0.75,0,0,IndexError
117,83,3,5,2,3,4,3,15,2,2,2,2,4,-0.5,0,-0,IndexError
117,83,3,5,2,3,4,3,15,2,2,2,2,6,-0.55952380952381,0,-0,IndexError
117,104,3,5,4,3,4,3,15,2,2,2,2,4,0.935414346693485,0,0,IndexError
117,104,3,5,4,3,4,3,15,2,2,2,2,4,0.935414346693485,0,0,IndexError
117,104,3,5,4,3,4,3,15,2,2,2,2,4,0.935414346693485,0,0,IndexError
117,116,3,5,3,3,3,3,15,2,2,2,2,2,1.06066017177982,0,0,zero-return
117,116,3,5,3,3,3,3,15,2,2,2,2,4,-0.707106781186548,0,-0,IndexError
117,116,3,5,3,3,3,3,15,2,2,2,2,6,-0.791286159899232,0,-0,IndexError
117,116,3,5,3,3,3,3,15,2,2,2,2,2,1.06066017177982,0,0,zero-return
117,116,3,5,3,3,3,3,15,2,2,2,2,4,-0.707106781186548,0,-0,IndexError
117,116,3,5,3,3,3,3,15,2,2,2,2,6,-0.791286159899232,0,-0,IndexError
117,116,3,5,3,3,3,3,15,2,2,2,2,2,1.06066017177982,0,0,zero-return
117,116,3,5,3,3,3,3,15,2,2,2,2,4,-0.707106781186548,0,-0,IndexError
117,116,3,5,3,3,3,3,15,2,2,2,2,6,-0.791286159899232,0,-0,IndexError
117,116,3,5,3,3,3,3,15,2,2,2,2,2,1.06066017177982,0,0,zero-return
117,116,3,5,3,3,3,3,15,2,2,2,2,4,-0.707106781186548,0,-0,IndexError
117,116,3,5,3,3,3,3,15,2,2,2,2,6,-0.791286159899232,0,-0,IndexError
117,116,3,5,3,3,3,3,15,2,2,2,2,2,1.06066017177982,0,0,zero-return
117,116,3,5,3,3,3,3,15,2,2,2,2,4,-0.707106781186548,0,-0,IndexError
117,116,3,5,3,3,3,3,15,2,2,2,2,6,-0.791286159899232,0,-0,IndexError
117,116,3,5,3,3,3,3,15,2,2,2,2,2,1.06066017177982,0,0,zero-return
117,116,3,5,3,3,3,3,15,2,2,2,2,4,-0.707106781186548,0,-0,IndexError
117,116,3,5,3,3,3,3,15,2,2,2,2,6,-0.791286159899232,0,-0,IndexError
117,116,3,5,3,3,3,3,15,2,2,2,2,2,1.06066017177982,0,0,zero-return
117,116,3,5,3,3,3,3,15,2,2,2,2,4,-0.707106781186548,0,-0,IndexError
117,116,3,5,3,3,3,3,15,2,2,2,2,6,-0.791286159899232,0,-0,IndexError
117,117,3,5,3,3,5,3,15,2,2,2,2,2,0.75,0,0,zero-return
117,117,3,5,3,3,5,3,15,2,2,2,2,4,-0.5,0,-0,IndexError
117,117,3,5,3,3,5,3,15,2,2,2,2,6,-0.55952380952381,0,-0,IndexError
117,117,3,5,3,3,5,3,15,2,2,2,2,2,0.75,0,0,zero-return
117,117,3,5,3,3,5,3,15,2,2,2,2,4,-0.5,0,-0,IndexError
117,117,3,5,3,3,5,3,15,2,2,2,2,6,-0.55952380952381,0,-0,IndexError
117,117,3,5,3,3,5,3,15,2,2,2,2,2,0.75,0,0,zero-return
117,117,3,5,3,3,5,3,15,2,2,2,2,4,-0.5,0,-0,IndexError
117,117,3,5,3,3,5,3,15,2,2,2,2,6,-0.55952380952381,0,-0,IndexError
117,122,3,5,5,3,3,3,15,2,2,2,2,4,1.3228756555323,0,0,IndexError
117,122,3,5,5,3,3,3,15,2,2,2,2,4,1.3228756555323,0,0,IndexError
117,122,3,5,5,3,3,3,15,2,2,2,2,4,1.3228756555323,0,0,IndexError
117,122,3,5,5,3,3,3,15,2,2,2,2,4,1.3228756555323,0,0,IndexError
117,122,3,5,5,3,3,3,15,2,2,2,2,4,1.3228756555323,0,0,IndexError
117,122,3,5,5,3,3,3,15,2,2,2,2,4,1.3228756555323,0,0,IndexError
117,122,3,5,5,3,3,3,15,2,2,2,2,4,1.3228756555323,0,0,IndexError
117,123,3,5,5,3,5,3,15,2,2,2,2,4,0.935414346693485,0,0,IndexError
117,123,3,5,5,3,5,3,15,2,2,2,2,4,0.935414346693485,0,0,IndexError
117,123,3,5,5,3,5,3,15,2,2,2,2,4,0.935414346693485,0,0,IndexError
118,27,3,3,2,3,4,3,17,2,1,2,1,2,-1.22474487139159,0,-0,IndexError
118,27,3,3,2,3,4,3,17,2,1,2,1,4,0.273861278752583,0,0,IndexError
118,27,3,3,2,3,4,3,17,2,1,2,1,2,-1.22474487139159,0,-0,IndexError
118,27,3,3,2,3,4,3,17,2,1,2,1,4,0.273861278752583,0,0,IndexError
118,27,3,3,2,3,4,3,17,2,1,2,1,2,-1.22474487139159,0,-0,IndexError
118,27,3,3,2,3,4,3,17,2,1,2,1,4,0.273861278752583,0,0,IndexError
118,47,3,3,4,3,4,3,17,2,1,2,1,4,-1.22474487139159,0,-0,IndexError
118,47,3,3,4,3,4,3,17,2,1,2,1,4,-1.22474487139159,0,-0,IndexError
118,47,3,3,4,3,4,3,17,2,1,2,1,4,-1.22474487139159,0,-0,IndexError
118,62,3,3,3,3,5,3,17,2,1,2,1,2,-1.22474487139159,0,-0,zero-return
118,62,3,3,3,3,5,3,17,2,1,2,1,4,0.273861278752583,0,0,IndexError
118,62,3,3,3,3,5,3,17,2,1,2,1,2,-1.22474487139159,0,-0,zero-return
118,62,3,3,3,3,5,3,17,2,1,2,1,4,0.273861278752583,0,0,IndexError
118,62,3,3,3,3,5,3,17,2,1,2,1,2,-1.22474487139159,0,-0,zero-return
118,62,3,3,3,3,5,3,17,2,1,2,1,4,0.273861278752583,0,0,IndexError
118,64,3,3,5,3,5,3,17,2,1,2,1,4,-1.22474487139159,0,-0,IndexError
118,64,3,3,5,3,5,3,17,2,1,2,1,4,-1.22474487139159,0,-0,IndexError
118,64,3,3,5,3,5,3,17,2,1,2,1,4,-1.22474487139159,0,-0,IndexError
118,86,3,3,2,3,4,3,17,2,2,2,2,2,-0.707106781186548,0,-0,IndexError
118,86,3,3,2,3,4,3,17,2,2,2,2,4,1.06066017177982,0,0,IndexError
118,86,3,3,2,3,4,3,17,2,2,2,2,6,-0.707106781186548,0,-0,IndexError
118,86,3,3,2,3,4,3,17,2,2,2,2,2,-0.707106781186548,0,-0,IndexError
118,86,3,3,2,3,4,3,17,2,2,2,2,4,1.06066017177982,0,0,IndexError
118,86,3,3,2,3,4,3,17,2,2,2,2,6,-0.707106781186548,0,-0,IndexError
118,86,3,3,2,3,4,3,17,2,2,2,2,2,-0.707106781186548,0,-0,IndexError
118,86,3,3,2,3,4,3,17,2,2,2,2,4,1.06066017177982,0,0,IndexError
118,86,3,3,2,3,4,3,17,2,2,2,2,6,-0.707106781186548,0,-0,IndexError
118,107,3,3,4,3,4,3,17,2,2,2,2,4,-0.707106781186548,0,-0,IndexError
118,107,3,3,4,3,4,3,17,2,2,2,2,4,-0.707106781186548,0,-0,IndexError
118,107,3,3,4,3,4,3,17,2,2,2,2,4,-0.707106781186548,0,-0,IndexError
118,118,3,3,3,3,3,3,17,2,2,2,2,2,-1,0,-0,zero-return
118,118,3,3,3,3,3,3,17,2,2,2,2,4,1.5,0,0,IndexError
118,118,3,3,3,3,3,3,17,2,2,2,2,6,-1,0,-0,IndexError
118,118,3,3,3,3,3,3,17,2,2,2,2,2,-1,0,-0,zero-return
118,118,3,3,3,3,3,3,17,2,2,2,2,4,1.5,0,0,IndexError
118,118,3,3,3,3,3,3,17,2,2,2,2,6,-1,0,-0,IndexError
118,118,3,3,3,3,3,3,17,2,2,2,2,2,-1,0,-0,zero-return
118,118,3,3,3,3,3,3,17,2,2,2,2,4,1.5,0,0,IndexError
118,118,3,3,3,3,3,3,17,2,2,2,2,6,-1,0,-0,IndexError
118,118,3,3,3,3,3,3,17,2,2,2,2,2,-1,0,-0,zero-return
118,118,3,3,3,3,3,3,17,2,2,2,2,4,1.5,0,0,IndexError
118,118,3,3,3,3,3,3,17,2,2,2,2,6,-1,0,-0,IndexError
118,118,3,3,3,3,3,3,17,2,2,2,2,2,-1,0,-0,zero-return
118,118,3,3,3,3,3,3,17,2,2,2,2,4,1.5,0,0,IndexError
118,118,3,3,3,3,3,3,17,2,2,2,2,6,-1,0,-0,IndexError
118,118,3,3,3,3,3,3,17,2,2,2,2,2,-1,0,-0,zero-return
118,118,3,3,3,3,3,3,17,2,2,2,2,4,1.5,0,0,IndexError
118,118,3,3,3,3,3,3,17,2,2,2,2,6,-1,0,-0,IndexError
118,118,3,3,3,3,3,3,17,2,2,2,2,2,-1,0,-0,zero-return
118,118,3,3,3,3,3,3,17,2,2,2,2,4,1.5,0,0,IndexError
118,118,3,3,3,3,3,3,17,2,2,2,2,6,-1,0,-0,IndexError
118,119,3,3,3,3,5,3,17,2,2,2,2,2,-0.707106781186548,0,-0,zero-return
118,119,3,3,3,3,5,3,17,2,2,2,2,4,1.06066017177982,0,0,IndexError
118,119,3,3,3,3,5,3,17,2,2,2,2,6,-0.707106781186548,0,-0,IndexError
118,119,3,3,3,3,5,3,17,2,2,2,2,2,-0.707106781186548,0,-0,zero-return
118,119,3,3,3,3,5,3,17,2,2,2,2,4,1.06066017177982,0,0,IndexError
118,119,3,3,3,3,5,3,17,2,2,2,2,6,-0.707106781186548,0,-0,IndexError
118,119,3,3,3,3,5,3,17,2,2,2,2,2,-0.707106781186548,0,-0,zero-return
118,119,3,3,3,3,5,3,17,2,2,2,2,4,1.06066017177982,0,0,IndexError
118,119,3,3,3,3,5,3,17,2,2,2,2,6,-0.707106781186548,0,-0,IndexError
118,124,3,3,5,3,3,3,17,2,2,2,2,4,-1,0,-0,IndexError
118,124,3,3,5,3,3,3,17,2,2,2,2,4,-1,0,-0,IndexError
118,124,3,3,5,3,3,3,17,2,2,2,2,4,-1,0,-0,IndexError
118,124,3,3,5,3,3,3,17,2,2,2,2,4,-1,0,-0,IndexError
118,124,3,3,5,3,3,3,17,2,2,2,2,4,-1,0,-0,IndexError
118,124,3,3,5,3,3,3,17,2,2,2,2,4,-1,0,-0,IndexError
118,124,3,3,5,3,3,3,17,2,2,2,2,4,-1,0,-0,IndexError
118,125,3,3,5,3,5,3,17,2,2,2,2,4,-0.707106781186548,0,-0,IndexError
118,125,3,3,5,3,5,3,17,2,2,2,2,4,-0.707106781186548,0,-0,IndexError
118,125,3,3,5,3,5,3,17,2,2,2,2,4,-0.707106781186548,0,-0,IndexError
119,27,3,5,2,3,4,3,17,2,1,2,1,2,-0.866025403784439,0,-0,IndexError
119,27,3,5,2,3,4,3,17,2,1,2,1,4,0.193649167310371,0,0,IndexError
119,27,3,5,2,3,4,3,17,2,1,2,1,2,-0.866025403784439,0,-0,IndexError
119,27,3,5,2,3,4,3,17,2,1,2,1,4,0.193649167310371,0,0,IndexError
119,27,3,5,2,3,4,3,17,2,1,2,1,2,-0.866025403784439,0,-0,IndexError
119,27,3,5,2,3,4,3,17,2,1,2,1,4,0.193649167310371,0,0,IndexError
119,47,3,5,4,3,4,3,17,2,1,2,1,4,-0.866025403784439,0,-0,IndexError
119,47,3,5,4,3,4,3,17,2,1,2,1,4,-0.866025403784439,0,-0,IndexError
119,47,3,5,4,3,4,3,17,2,1,2,1,4,-0.866025403784439,0,-0,IndexError
119,62,3,5,3,3,5,3,17,2,1,2,1,2,-0.866025403784439,0,-0,zero-return
119,62,3,5,3,3,5,3,17,2,1,2,1,4,0.193649167310371,0,0,IndexError
119,62,3,5,3,3,5,3,17,2,1,2,1,2,-0.866025403784439,0,-0,zero-return
119,62,3,5,3,3,5,3,17,2,1,2,1,4,0.193649167310371,0,0,IndexError
119,62,3,5,3,3,5,3,17,2,1,2,1,2,-0.866025403784439,0,-0,zero-return
119,62,3,5,3,3,5,3,17,2,1,2,1,4,0.193649167310371,0,0,IndexError
119,64,3,5,5,3,5,3,17,2,1,2,1,4,-0.866025403784439,0,-0,IndexError
119,64,3,5,5,3,5,3,17,2,1,2,1,4,-0.866025403784439,0,-0,IndexError
119,64,3,5,5,3,5,3,17,2,1,2,1,4,-0.866025403784439,0,-0,IndexError
119,86,3,5,2,3,4,3,17,2,2,2,2,2,-0.5,0,-0,IndexError
119,86,3,5,2,3,4,3,17,2,2,2,2,4,0.75,0,0,IndexError
119,86,3,5,2,3,4,3,17,2,2,2,2,6,-0.5,0,-0,IndexError
119,86,3,5,2,3,4,3,17,2,2,2,2,2,-0.5,0,-0,IndexError
119,86,3,5,2,3,4,3,17,2,2,2,2,4,0.75,0,0,IndexError
119,86,3,5,2,3,4,3,17,2,2,2,2,6,-0.5,0,-0,IndexError
119,86,3,5,2,3,4,3,17,2,2,2,2,2,-0.5,0,-0,IndexError
119,86,3,5,2,3,4,3,17,2,2,2,2,4,0.75,0,0,IndexError
119,86,3,5,2,3,4,3,17,2,2,2,2,6,-0.5,0,-0,IndexError
119,107,3,5,4,3,4,3,17,2,2,2,2,4,-0.5,0,-0,IndexError
119,107,3,5,4,3,4,3,17,2,2,2,2,4,-0.5,0,-0,IndexError
119,107,3,5,4,3,4,3,17,2,2,2,2,4,-0.5,0,-0,IndexError
119,118,3,5,3,3,3,3,17,2,2,2,2,2,-0.707106781186548,0,-0,zero-return
119,118,3,5,3,3,3,3,17,2,2,2,2,4,1.06066017177982,0,0,IndexError
119,118,3,5,3,3,3,3,17,2,2,2,2,6,-0.707106781186548,0,-0,IndexError
119,118,3,5,3,3,3,3,17,2,2,2,2,2,-0.707106781186548,0,-0,zero-return
119,118,3,5,3,3,3,3,17,2,2,2,2,4,1.06066017177982,0,0,IndexError
119,118,3,5,3,3,3,3,17,2,2,2,2,6,-0.707106781186548,0,-0,IndexError
119,118,3,5,3,3,3,3,17,2,2,2,2,2,-0.707106781186548,0,-0,zero-return
119,118,3,5,3,3,3,3,17,2,2,2,2,4,1.06066017177982,0,0,IndexError
119,118,3,5,3,3,3,3,17,2,2,2,2,6,-0.707106781186548,0,-0,IndexError
119,118,3,5,3,3,3,3,17,2,2,2,2,2,-0.707106781186548,0,-0,zero-return
119,118,3,5,3,3,3,3,17,2,2,2,2,4,1.06066017177982,0,0,IndexError
119,118,3,5,3,3,3,3,17,2,2,2,2,6,-0.707106781186548,0,-0,IndexError
119,118,3,5,3,3,3,3,17,2,2,2,2,2,-0.707106781186548,0,-0,zero-return
119,118,3,5,3,3,3,3,17,2,2,2,2,4,1.06066017177982,0,0,IndexError
119,118,3,5,3,3,3,3,17,2,2,2,2,6,-0.707106781186548,0,-0,IndexError
119,118,3,5,3,3,3,3,17,2,2,2,2,2,-0.707106781186548,0,-0,zero-return
119,118,3,5,3,3,3,3,17,2,2,2,2,4,1.06066017177982,0,0,IndexError
119,118,3,5,3,3,3,3,17,2,2,2,2,6,-0.707106781186548,0,-0,IndexError
119,118,3,5,3,3,3,3,17,2,2,2,2,2,-0.707106781186548,0,-0,zero-return
119,118,3,5,3,3,3,3,17,2,2,2,2,4,1.06066017177982,0,0,IndexError
119,118,3,5,3,3,3,3,17,2,2,2,2,6,-0.707106781186548,0,-0,IndexError
119,119,3,5,3,3,5,3,17,2,2,2,2,2,-0.5,0,-0,zero-return
119,119,3,5,3,3,5,3,17,2,2,2,2,4,0.75,0,0,IndexError
119,119,3,5,3,3,5,3,17,2,2,2,2,6,-0.5,0,-0,IndexError
119,119,3,5,3,3,5,3,17,2,2,2,2,2,-0.5,0,-0,zero-return
119,119,3,5,3,3,5,3,17,2,2,2,2,4,0.75,0,0,IndexError
119,119,3,5,3,3,5,3,17,2,2,2,2,6,-0.5,0,-0,IndexError
119,119,3,5,3,3,5,3,17,2,2,2,2,2,-0.5,0,-0,zero-return
119,119,3,5,3,3,5,3,17,2,2,2,2,4,0.75,0,0,IndexError
119,119,3,5,3,3,5,3,17,2,2,2,2,6,-0.5,0,-0,IndexError
119,124,3,5,5,3,3,3,17,2,2,2,2,4,-0.707106781186548,0,-0,IndexError
119,124,3,5,5,3,3,3,17,2,2,2,2,4,-0.707106781186548,0,-0,IndexError
119,124,3,5,5,3,3,3,17,2,2,2,2,4,-0.707106781186548,0,-0,IndexError
119,124,3,5,5,3,3,3,17,2,2,2,2,4,-0.707106781186548,0,-0,IndexError
119,124,3,5,5,3,3,3,17,2,2,2,2,4,-0.707106781186548,0,-0,IndexError
119,124,3,5,5,3,3,3,17,2,2,2,2,4,-0.707106781186548,0,-0,IndexError
119,124,3,5,5,3,3,3,17,2,2,2,2,4,-0.707106781186548,0,-0,IndexError
119,125,3,5,5,3,5,3,17,2,2,2,2,4,-0.5,0,-0,IndexError
119,125,3,5,5,3,5,3,17,2,2,2,2,4,-0.5,0,-0,IndexError
119,125,3,5,5,3,5,3,17,2,2,2,2,4,-0.5,0,-0,IndexError
120,31,3,3,2,3,4,3,19,2,1,2,1,2,1.36930639376292,0,0,IndexError
120,31,3,3,2,3,4,3,19,2,1,2,1,4,-1.22474487139159,0,-0,IndexError
120,31,3,3,2,3,4,3,19,2,1,2,1,2,1.36930639376292,0,0,IndexError
120,31,3,3,2,3,4,3,19,2,1,2,1,4,-1.22474487139159,0,-0,IndexError
120,31,3,3,2,3,4,3,19,2,1,2,1,2,1.36930639376292,0,0,IndexError
120,31,3,3,2,3,4,3,19,2,1,2,1,4,-1.22474487139159,0,-0,IndexError
120,51,3,3,4,3,4,3,19,2,1,2,1,4,0.866025403784439,0,0,IndexError
120,51,3,3,4,3,4,3,19,2,1,2,1,4,0.866025403784439,0,0,IndexError
120,51,3,3,4,3,4,3,19,2,1,2,1,4,0.866025403784439,0,0,IndexError
120,63,3,3,3,3,5,3,19,2,1,2,1,2,1.36930639376292,0,0,zero-return
120,63,3,3,3,3,5,3,19,2,1,2,1,4,-1.22474487139159,0,-0,IndexError
120,63,3,3,3,3,5,3,19,2,1,2,1,2,1.36930639376292,0,0,zero-return
120,63,3,3,3,3,5,3,19,2,1,2,1,4,-1.22474487139159,0,-0,IndexError
120,63,3,3,3,3,5,3,19,2,1,2,1,2,1.36930639376292,0,0,zero-return
120,63,3,3,3,3,5,3,19,2,1,2,1,4,-1.22474487139159,0,-0,IndexError
120,65,3,3,5,3,5,3,19,2,1,2,1,4,0.866025403784439,0,0,IndexError
120,65,3,3,5,3,5,3,19,2,1,2,1,4,0.866025403784439,0,0,IndexError
120,65,3,3,5,3,5,3,19,2,1,2,1,4,0.866025403784439,0,0,IndexError
120,89,3,3,2,3,4,3,19,2,2,2,2,2,0.353553390593274,0,0,IndexError
120,89,3,3,2,3,4,3,19,2,2,2,2,4,-0.707106781186548,0,-0,IndexError
120,89,3,3,2,3,4,3,19,2,2,2,2,6,1.06066017177982,0,0,IndexError
120,89,3,3,2,3,4,3,19,2,2,2,2,2,0.353553390593274,0,0,IndexError
120,89,3,3,2,3,4,3,19,2,2,2,2,4,-0.707106781186548,0,-0,IndexError
120,89,3,3,2,3,4,3,19,2,2,2,2,6,1.06066017177982,0,0,IndexError
120,89,3,3,2,3,4,3,19,2,2,2,2,2,0.353553390593274,0,0,IndexError
120,89,3,3,2,3,4,3,19,2,2,2,2,4,-0.707106781186548,0,-0,IndexError
120,89,3,3,2,3,4,3,19,2,2,2,2,6,1.06066017177982,0,0,IndexError
120,120,3,3,3,3,3,3,19,2,2,2,2,2,0.5,0,0,zero-return
120,120,3,3,3,3,3,3,19,2,2,2,2,4,-1,0,-0,IndexError
120,120,3,3,3,3,3,3,19,2,2,2,2,6,1.5,0,0,IndexError
120,120,3,3,3,3,3,3,19,2,2,2,2,2,0.5,0,0,zero-return
120,120,3,3,3,3,3,3,19,2,2,2,2,4,-1,0,-0,IndexError
120,120,3,3,3,3,3,3,19,2,2,2,2,6,1.5,0,0,IndexError
120,120,3,3,3,3,3,3,19,2,2,2,2,2,0.5,0,0,zero-return
120,120,3,3,3,3,3,3,19,2,2,2,2,4,-1,0,-0,IndexError
120,120,3,3,3,3,3,3,19,2,2,2,2,6,1.5,0,0,IndexError
120,120,3,3,3,3,3,3,19,2,2,2,2,2,0.5,0,0,zero-return
120,120,3,3,3,3,3,3,19,2,2,2,2,4,-1,0,-0,IndexError
120,120,3,3,3,3,3,3,19,2,2,2,2,6,1.5,0,0,IndexError
120,120,3,3,3,3,3,3,19,2,2,2,2,2,0.5,0,0,zero-return
120,120,3,3,3,3,3,3,19,2,2,2,2,4,-1,0,-0,IndexError
120,120,3,3,3,3,3,3,19,2,2,2,2,6,1.5,0,0,IndexError
120,120,3,3,3,3,3,3,19,2,2,2,2,2,0.5,0,0,zero-return
120,120,3,3,3,3,3,3,19,2,2,2,2,4,-1,0,-0,IndexError
120,120,3,3,3,3,3,3,19,2,2,2,2,6,1.5,0,0,IndexError
120,120,3,3,3,3,3,3,19,2,2,2,2,2,0.5,0,0,zero-return
120,120,3,3,3,3,3,3,19,2,2,2,2,4,-1,0,-0,IndexError
120,120,3,3,3,3,3,3,19,2,2,2,2,6,1.5,0,0,IndexError
120,121,3,3,3,3,5,3,19,2,2,2,2,2,0.353553390593274,0,0,zero-return
120,121,3,3,3,3,5,3,19,2,2,2,2,4,-0.707106781186548,0,-0,IndexError
120,121,3,3,3,3,5,3,19,2,2,2,2,6,1.06066017177982,0,0,IndexError
120,121,3,3,3,3,5,3,19,2,2,2,2,2,0.353553390593274,0,0,zero-return
120,121,3,3,3,3,5,3,19,2,2,2,2,4,-0.707106781186548,0,-0,IndexError
120,121,3,3,3,3,5,3,19,2,2,2,2,6,1.06066017177982,0,0,IndexError
120,121,3,3,3,3,5,3,19,2,2,2,2,2,0.353553390593274,0,0,zero-return
120,121,3,3,3,3,5,3,19,2,2,2,2,4,-0.707106781186548,0,-0,IndexError
120,121,3,3,3,3,5,3,19,2,2,2,2,6,1.06066017177982,0,0,IndexError
121,31,3,5,2,3,4,3,19,2,1,2,1,2,0.968245836551854,0,0,IndexError
121,31,3,5,2,3,4,3,19,2,1,2,1,4,-0.866025403784439,0,-0,IndexError
121,31,3,5,2,3,4,3,19,2,1,2,1,2,0.968245836551854,0,0,IndexError
121,31,3,5,2,3,4,3,19,2,1,2,1,4,-0.866025403784439,0,-0,IndexError
121,31,3,5,2,3,4,3,19,2,1,2,1,2,0.968245836551854,0,0,IndexError
121,31,3,5,2,3,4,3,19,2,1,2,1,4,-0.866025403784439,0,-0,IndexError
121,51,3,5,4,3,4,3,19,2,1,2,1,4,0.612372435695794,0,0,IndexError
121,51,3,5,4,3,4,3,19,2,1,2,1,4,0.612372435695794,0,0,IndexError
121,51,3,5,4,3,4,3,19,2,1,2,1,4,0.612372435695794,0,0,IndexError
121,63,3,5,3,3,5,3,19,2,1,2,1,2,0.968245836551854,0,0,zero-return
121,63,3,5,3,3,5,3,19,2,1,2,1,4,-0.866025403784439,0,-0,IndexError
121,63,3,5,3,3,5,3,19,2,1,2,1,2,0.968245836551854,0,0,zero-return
121,63,3,5,3,3,5,3,19,2,1,2,1,4,-0.866025403784439,0,-0,IndexError
121,63,3,5,3,3,5,3,19,2,1,2,1,2,0.968245836551854,0,0,zero-return
121,63,3,5,3,3,5,3,19,2,1,2,1,4,-0.866025403784439,0,-0,IndexError
121,65,3,5,5,3,5,3,19,2,1,2,1,4,0.612372435695794,0,0,IndexError
121,65,3,5,5,3,5,3,19,2,1,2,1,4,0.612372435695794,0,0,IndexError
121,65,3,5,5,3,5,3,19,2,1,2,1,4,0.612372435695794,0,0,IndexError
121,89,3,5,2,3,4,3,19,2,2,2,2,2,0.25,0,0,IndexError
121,89,3,5,2,3,4,3,19,2,2,2,2,4,-0.5,0,-0,IndexError
121,89,3,5,2,3,4,3,19,2,2,2,2,6,0.75,0,0,IndexError
121,89,3,5,2,3,4,3,19,2,2,2,2,2,0.25,0,0,IndexError
121,89,3,5,2,3,4,3,19,2,2,2,2,4,-0.5,0,-0,IndexError
121,89,3,5,2,3,4,3,19,2,2,2,2,6,0.75,0,0,IndexError
121,89,3,5,2,3,4,3,19,2,2,2,2,2,0.25,0,0,IndexError
121,89,3,5,2,3,4,3,19,2,2,2,2,4,-0.5,0,-0,IndexError
121,89,3,5,2,3,4,3,19,2,2,2,2,6,0.75,0,0,IndexError
121,120,3,5,3,3,3,3,19,2,2,2,2,2,0.353553390593274,0,0,zero-return
121,120,3,5,3,3,3,3,19,2,2,2,2,4,-0.707106781186548,0,-0,IndexError
121,120,3,5,3,3,3,3,19,2,2,2,2,6,1.06066017177982,0,0,IndexError
121,120,3,5,3,3,3,3,19,2,2,2,2,2,0.353553390593274,0,0,zero-return
121,120,3,5,3,3,3,3,19,2,2,2,2,4,-0.707106781186548,0,-0,IndexError
121,120,3,5,3,3,3,3,19,2,2,2,2,6,1.06066017177982,0,0,IndexError
121,120,3,5,3,3,3,3,19,2,2,2,2,2,0.353553390593274,0,0,zero-return
121,120,3,5,3,3,3,3,19,2,2,2,2,4,-0.707106781186548,0,-0,IndexError
121,120,3,5,3,3,3,3,19,2,2,2,2,6,1.06066017177982,0,0,IndexError
121,120,3,5,3,3,3,3,19,2,2,2,2,2,0.353553390593274,0,0,zero-return
121,120,3,5,3,3,3,3,19,2,2,2,2,4,-0.707106781186548,0,-0,IndexError
121,120,3,5,3,3,3,3,19,2,2,2,2,6,1.06066017177982,0,0,IndexError
121,120,3,5,3,3,3,3,19,2,2,2,2,2,0.353553390593274,0,0,zero-return
121,120,3,5,3,3,3,3,19,2,2,2,2,4,-0.707106781186548,0,-0,IndexError
121,120,3,5,3,3,3,3,19,2,2,2,2,6,1.06066017177982,0,0,IndexError
121,120,3,5,3,3,3,3,19,2,2,2,2,2,0.353553390593274,0,0,zero-return
121,120,3,5,3,3,3,3,19,2,2,2,2,4,-0.707106781186548,0,-0,IndexError
121,120,3,5,3,3,3,3,19,2,2,2,2,6,1.06066017177982,0,0,IndexError
121,120,3,5,3,3,3,3,19,2,2,2,2,2,0.353553390593274,0,0,zero-return
121,120,3,5,3,3,3,3,19,2,2,2,2,4,-0.707106781186548,0,-0,IndexError
121,120,3,5,3,3,3,3,19,2,2,2,2,6,1.06066017177982,0,0,IndexError
121,121,3,5,3,3,5,3,19,2,2,2,2,2,0.25,0,0,zero-return
121,121,3,5,3,3,5,3,19,2,2,2,2,4,-0.5,0,-0,IndexError
121,121,3,5,3,3,5,3,19,2,2,2,2,6,0.75,0,0,IndexError
121,121,3,5,3,3,5,3,19,2,2,2,2,2,0.25,0,0,zero-return
121,121,3,5,3,3,5,3,19,2,2,2,2,4,-0.5,0,-0,IndexError
121,121,3,5,3,3,5,3,19,2,2,2,2,6,0.75,0,0,IndexError
121,121,3,5,3,3,5,3,19,2,2,2,2,2,0.25,0,0,zero-return
121,121,3,5,3,3,5,3,19,2,2,2,2,4,-0.5,0,-0,IndexError
121,121,3,5,3,3,5,3,19,2,2,2,2,6,0.75,0,0,IndexError
126,78,2,3,2,2,3,2,13,3,2,3,2,4,0.866025403784439,0,0,zero-return
126,78,2,3,2,2,3,2,13,3,2,3,2,6,0.462910049886276,0,0,zero-return
126,78,2,3,2,2,3,2,13,3,2,3,2,4,0.866025403784439,0,0,zero-return
126,78,2,3,2,2,3,2,13,3,2,3,2,6,0.462910049886276,0,0,zero-return
126,78,2,3,2,2,3,2,13,3,2,3,2,4,0.866025403784439,0,0,zero-return
126,78,2,3,2,2,3,2,13,3,2,3,2,6,0.462910049886276,0,0,zero-return
126,78,2,3,2,2,3,2,13,3,2,3,2,4,0.866025403784439,0,0,zero-return
126,78,2,3,2,2,3,2,13,3,2,3,2,6,0.462910049886276,0,0,zero-return
126,78,2,3,2,2,3,2,13,3,2,3,2,4,0.866025403784439,0,0,zero-return
126,78,2,3,2,2,3,2,13,3,2,3,2,6,0.462910049886276,0,0,zero-return
126,79,2,3,2,2,5,2,13,3,2,3,2,4,0.866025403784439,0,0,zero-return
126,79,2,3,2,2,5,2,13,3,2,3,2,6,0.462910049886276,0,0,zero-return
126,79,2,3,2,2,5,2,13,3,2,3,2,4,0.866025403784439,0,0,zero-return
126,79,2,3,2,2,5,2,13,3,2,3,2,6,0.462910049886276,0,0,zero-return
126,79,2,3,2,2,5,2,13,3,2,3,2,4,0.866025403784439,0,0,zero-return
126,79,2,3,2,2,5,2,13,3,2,3,2,6,0.462910049886276,0,0,zero-return
126,126,2,3,2,2,3,2,13,3,3,3,3,4,0.5,0,0,zero-return
126,126,2,3,2,2,3,2,13,3,3,3,3,6,-0.75,0,-0,zero-return
126,126,2,3,2,2,3,2,13,3,3,3,3,4,0.5,0,0,zero-return
126,126,2,3,2,2,3,2,13,3,3,3,3,6,-0.75,0,-0,zero-return
126,126,2,3,2,2,3,2,13,3,3,3,3,4,0.5,0,0,zero-return
126,126,2,3,2,2,3,2,13,3,3,3,3,6,-0.75,0,-0,zero-return
126,126,2,3,2,2,3,2,13,3,3,3,3,4,0.5,0,0,zero-return
126,126,2,3,2,2,3,2,13,3,3,3,3,6,-0.75,0,-0,zero-return
126,126,2,3,2,2,3,2,13,3,3,3,3,4,0.5,0,0,zero-return
126,126,2,3,2,2,3,2,13,3,3,3,3,6,-0.75,0,-0,zero-return
126,126,2,3,2,2,3,2,13,3,3,3,3,4,0.5,0,0,zero-return
126,126,2,3,2,2,3,2,13,3,3,3,3,6,-0.75,0,-0,zero-return
126,126,2,3,2,2,3,2,13,3,3,3,3,4,0.5,0,0,zero-return
126,126,2,3,2,2,3,2,13,3,3,3,3,6,-0.75,0,-0,zero-return
127,21,2,3,2,2,3,2,15,3,1,3,1,4,-0.748331477354788,0,-0,zero-return
127,21,2,3,2,2,3,2,15,3,1,3,1,4,-0.748331477354788,0,-0,zero-return
127,21,2,3,2,2,3,2,15,3,1,3,1,4,-0.748331477354788,0,-0,zero-return
127,22,2,3,2,2,5,2,15,3,1,3,1,4,-0.748331477354788,0,-0,zero-return
127,81,2,3,2,2,3,2,15,3,2,3,2,4,-0.632455532033676,0,-0,zero-return
127,81,2,3,2,2,3,2,15,3,2,3,2,6,0.647951595291863,0,0,zero-return
127,81,2,3,2,2,3,2,15,3,2,3,2,4,-0.632455532033676,0,-0,zero-return
127,81,2,3,2,2,3,2,15,3,2,3,2,6,0.647951595291863,0,0,zero-return
127,81,2,3,2,2,3,2,15,3,2,3,2,4,-0.632455532033676,0,-0,zero-return
127,81,2,3,2,2,3,2,15,3,2,3,2,6,0.647951595291863,0,0,zero-return
127,81,2,3,2,2,3,2,15,3,2,3,2,4,-0.632455532033676,0,-0,zero-return
127,81,2,3,2,2,3,2,15,3,2,3,2,6,0.647951595291863,0,0,zero-return
127,81,2,3,2,2,3,2,15,3,2,3,2,4,-0.632455532033676,0,-0,zero-return
127,81,2,3,2,2,3,2,15,3,2,3,2,6,0.647951595291863,0,0,zero-return
127,82,2,3,2,2,5,2,15,3,2,3,2,4,-0.632455532033676,0,-0,zero-return
127,82,2,3,2,2,5,2,15,3,2,3,2,6,0.647951595291863,0,0,zero-return
127,82,2,3,2,2,5,2,15,3,2,3,2,4,-0.632455532033676,0,-0,zero-return
127,82,2,3,2,2,5,2,15,3,2,3,2,6,0.647951595291863,0,0,zero-return
127,82,2,3,2,2,5,2,15,3,2,3,2,4,-0.632455532033676,0,-0,zero-return
127,82,2,3,2,2,5,2,15,3,2,3,2,6,0.647951595291863,0,0,zero-return
127,102,2,3,4,2,3,2,15,3,2,3,2,6,-0.942809041582063,0,-0,zero-return
127,102,2,3,4,2,3,2,15,3,2,3,2,6,-0.942809041582063,0,-0,zero-return
127,102,2,3,4,2,3,2,15,3,2,3,2,6,-0.942809041582063,0,-0,zero-return
127,102,2,3,4,2,3,2,15,3,2,3,2,6,-0.942809041582063,0,-0,zero-return
127,102,2,3,4,2,3,2,15,3,2,3,2,6,-0.942809041582063,0,-0,zero-return
127,103,2,3,4,2,5,2,15,3,2,3,2,6,-0.942809041582063,0,-0,zero-return
127,103,2,3,4,2,5,2,15,3,2,3,2,6,-0.942809041582063,0,-0,zero-return
127,103,2,3,4,2,5,2,15,3,2,3,2,6,-0.942809041582063,0,-0,zero-return
127,127,2,3,2,2,3,2,15,3,3,3,3,4,-0.2,0,-0,zero-return
127,127,2,3,2,2,3,2,15,3,3,3,3,6,0.591666666666667,0,0,zero-return
127,127,2,3,2,2,3,2,15,3,3,3,3,4,-0.2,0,-0,zero-return
127,127,2,3,2,2,3,2,15,3,3,3,3,6,0.591666666666667,0,0,zero-return
127,127,2,3,2,2,3,2,15,3,3,3,3,4,-0.2,0,-0,zero-return
127,127,2,3,2,2,3,2,15,3,3,3,3,6,0.591666666666667,0,0,zero-return
127,127,2,3,2,2,3,2,15,3,3,3,3,4,-0.2,0,-0,zero-return
127,127,2,3,2,2,3,2,15,3,3,3,3,6,0.591666666666667,0,0,zero-return
127,127,2,3,2,2,3,2,15,3,3,3,3,4,-0.2,0,-0,zero-return
127,127,2,3,2,2,3,2,15,3,3,3,3,6,0.591666666666667,0,0,zero-return
127,127,2,3,2,2,3,2,15,3,3,3,3,4,-0.2,0,-0,zero-return
127,127,2,3,2,2,3,2,15,3,3,3,3,6,0.591666666666667,0,0,zero-return
127,127,2,3,2,2,3,2,15,3,3,3,3,4,-0.2,0,-0,zero-return
127,127,2,3,2,2,3,2,15,3,3,3,3,6,0.591666666666667,0,0,zero-return
128,25,2,3,2,2,3,2,17,3,1,3,1,4,0.687386354243376,0,0,zero-return
128,25,2,3,2,2,3,2,17,3,1,3,1,4,0.687386354243376,0,0,zero-return
128,25,2,3,2,2,3,2,17,3,1,3,1,4,0.687386354243376,0,0,zero-return
128,26,2,3,2,2,5,2,17,3,1,3,1,4,0.687386354243376,0,0,zero-return
128,84,2,3,2,2,3,2,17,3,2,3,2,4,0.295803989154981,0,0,zero-return
128,84,2,3,2,2,3,2,17,3,2,3,2,6,-0.632455532033676,0,-0,zero-return
128,84,2,3,2,2,3,2,17,3,2,3,2,4,0.295803989154981,0,0,zero-return
128,84,2,3,2,2,3,2,17,3,2,3,2,6,-0.632455532033676,0,-0,zero-return
128,84,2,3,2,2,3,2,17,3,2,3,2,4,0.295803989154981,0,0,zero-return
128,84,2,3,2,2,3,2,17,3,2,3,2,6,-0.632455532033676,0,-0,zero-return
128,84,2,3,2,2,3,2,17,3,2,3,2,4,0.295803989154981,0,0,zero-return
128,84,2,3,2,2,3,2,17,3,2,3,2,6,-0.632455532033676,0,-0,zero-return
128,84,2,3,2,2,3,2,17,3,2,3,2,4,0.295803989154981,0,0,zero-return
128,84,2,3,2,2,3,2,17,3,2,3,2,6,-0.632455532033676,0,-0,zero-return
128,85,2,3,2,2,5,2,17,3,2,3,2,4,0.295803989154981,0,0,zero-return
128,85,2,3,2,2,5,2,17,3,2,3,2,6,-0.632455532033676,0,-0,zero-return
128,85,2,3,2,2,5,2,17,3,2,3,2,4,0.295803989154981,0,0,zero-return
128,85,2,3,2,2,5,2,17,3,2,3,2,6,-0.632455532033676,0,-0,zero-return
128,85,2,3,2,2,5,2,17,3,2,3,2,4,0.295803989154981,0,0,zero-return
128,85,2,3,2,2,5,2,17,3,2,3,2,6,-0.632455532033676,0,-0,zero-return
128,105,2,3,4,2,3,2,17,3,2,3,2,6,0.353553390593274,0,0,zero-return
128,105,2,3,4,2,3,2,17,3,2,3,2,6,0.353553390593274,0,0,zero-return
128,105,2,3,4,2,3,2,17,3,2,3,2,6,0.353553390593274,0,0,zero-return
128,105,2,3,4,2,3,2,17,3,2,3,2,6,0.353553390593274,0,0,zero-return
128,105,2,3,4,2,3,2,17,3,2,3,2,6,0.353553390593274,0,0,zero-return
128,106,2,3,4,2,5,2,17,3,2,3,2,6,0.353553390593274,0,0,zero-return
128,106,2,3,4,2,5,2,17,3,2,3,2,6,0.353553390593274,0,0,zero-return
128,106,2,3,4,2,5,2,17,3,2,3,2,6,0.353553390593274,0,0,zero-return
128,128,2,3,2,2,3,2,17,3,3,3,3,4,0.05,0,0,zero-return
128,128,2,3,2,2,3,2,17,3,3,3,3,6,-0.2,0,-0,zero-return
128,128,2,3,2,2,3,2,17,3,3,3,3,4,0.05,0,0,zero-return
128,128,2,3,2,2,3,2,17,3,3,3,3,6,-0.2,0,-0,zero-return
128,128,2,3,2,2,3,2,17,3,3,3,3,4,0.05,0,0,zero-return
128,128,2,3,2,2,3,2,17,3,3,3,3,6,-0.2,0,-0,zero-return
128,128,2,3,2,2,3,2,17,3,3,3,3,4,0.05,0,0,zero-return
128,128,2,3,2,2,3,2,17,3,3,3,3,6,-0.2,0,-0,zero-return
128,128,2,3,2,2,3,2,17,3,3,3,3,4,0.05,0,0,zero-return
128,128,2,3,2,2,3,2,17,3,3,3,3,6,-0.2,0,-0,zero-return
128,128,2,3,2,2,3,2,17,3,3,3,3,4,0.05,0,0,zero-return
128,128,2,3,2,2,3,2,17,3,3,3,3,6,-0.2,0,-0,zero-return
128,128,2,3,2,2,3,2,17,3,3,3,3,4,0.05,0,0,zero-return
128,128,2,3,2,2,3,2,17,3,3,3,3,6,-0.2,0,-0,zero-return
129,92,2,3,3,3,4,3,12,3,2,3,2,4,0.866025403784439,0,0,IndexError
129,92,2,3,3,3,4,3,12,3,2,3,2,6,0.462910049886276,0,0,IndexError
129,92,2,3,3,3,4,3,12,3,2,3,2,4,0.866025403784439,0,0,IndexError
129,92,2,3,3,3,4,3,12,3,2,3,2,6,0.462910049886276,0,0,IndexError
129,92,2,3,3,3,4,3,12,3,2,3,2,4,0.866025403784439,0,0,IndexError
129,92,2,3,3,3,4,3,12,3,2,3,2,6,0.462910049886276,0,0,IndexError
130,35,2,3,3,3,4,3,14,3,1,3,1,4,-0.748331477354788,0,-0,IndexError
130,95,2,3,3,3,4,3,14,3,2,3,2,4,-0.632455532033676,0,-0,IndexError
130,95,2,3,3,3,4,3,14,3,2,3,2,6,0.647951595291863,0,0,IndexError
130,95,2,3,3,3,4,3,14,3,2,3,2,4,-0.632455532033676,0,-0,IndexError
130,95,2,3,3,3,4,3,14,3,2,3,2,6,0.647951595291863,0,0,IndexError
130,95,2,3,3,3,4,3,14,3,2,3,2,4,-0.632455532033676,0,-0,IndexError
130,95,2,3,3,3,4,3,14,3,2,3,2,6,0.647951595291863,0,0,IndexError
130,110,2,3,5,3,4,3,14,3,2,3,2,6,-0.942809041582063,0,-0,IndexError
130,110,2,3,5,3,4,3,14,3,2,3,2,6,-0.942809041582063,0,-0,IndexError
130,110,2,3,5,3,4,3,14,3,2,3,2,6,-0.942809041582063,0,-0,IndexError
131,39,2,3,3,3,4,3,16,3,1,3,1,4,0.687386354243376,0,0,IndexError
131,98,2,3,3,3,4,3,16,3,2,3,2,4,0.295803989154981,0,0,IndexError
131,98,2,3,3,3,4,3,16,3,2,3,2,6,-0.632455532033676,0,-0,IndexError
131,98,2,3,3,3,4,3,16,3,2,3,2,4,0.295803989154981,0,0,IndexError
131,98,2,3,3,3,4,3,16,3,2,3,2,6,-0.632455532033676,0,-0,IndexError
131,98,2,3,3,3,4,3,16,3,2,3,2,4,0.295803989154981,0,0,IndexError
131,98,2,3,3,3,4,3,16,3,2,3,2,6,-0.632455532033676,0,-0,IndexError
131,113,2,3,5,3,4,3,16,3,2,3,2,6,0.353553390593274,0,0,IndexError
131,113,2,3,5,3,4,3,16,3,2,3,2,6,0.353553390593274,0,0,IndexError
131,113,2,3,5,3,4,3,16,3,2,3,2,6,0.353553390593274,0,0,IndexError
